ISO-10303-21;
HEADER;
FILE_DESCRIPTION (( 'STEP AP214' ),
    '1' );
FILE_NAME ('Mechanical Gripper Final.STEP',
    '2026-09-20T20:52:40',
    ( '' ),
    ( '' ),
    'SwSTEP 2.0',
    'SolidWorks 2026',
    '' );
FILE_SCHEMA (( 'AUTOMOTIVE_DESIGN' ));
ENDSEC;

DATA;
#1 = VERTEX_POINT ( 'NONE', #1790 ) ;
#2 = EDGE_CURVE ( 'NONE', #658, #1402, #4826, .T. ) ;
#3 = VECTOR ( 'NONE', #579, 1000.000000000000000 ) ;
#4 = CIRCLE ( 'NONE', #3467, 5.000000000000000888 ) ;
#5 = VERTEX_POINT ( 'NONE', #2955 ) ;
#6 = AXIS2_PLACEMENT_3D ( 'NONE', #4547, #4240, #4897 ) ;
#7 = VERTEX_POINT ( 'NONE', #655 ) ;
#8 = DIRECTION ( 'NONE',  ( 1.000000000000000000, 0.000000000000000000, 0.000000000000000000 ) ) ;
#9 = ORIENTED_EDGE ( 'NONE', *, *, #2381, .F. ) ;
#10 = EDGE_CURVE ( 'NONE', #528, #2165, #2502, .T. ) ;
#11 = FACE_OUTER_BOUND ( 'NONE', #4395, .T. ) ;
#12 = FACE_OUTER_BOUND ( 'NONE', #3269, .T. ) ;
#13 = CARTESIAN_POINT ( 'NONE',  ( 0.000000000000000000, -47.50000000000000000, 8.000000000000000000 ) ) ;
#14 = DIRECTION ( 'NONE',  ( -1.000000000000000000, -0.000000000000000000, -0.000000000000000000 ) ) ;
#15 = DIRECTION ( 'NONE',  ( 0.000000000000000000, 0.000000000000000000, -1.000000000000000000 ) ) ;
#16 = LINE ( 'NONE', #2793, #224 ) ;
#17 = VERTEX_POINT ( 'NONE', #4772 ) ;
#18 = DIRECTION ( 'NONE',  ( -1.000000000000000000, 0.000000000000000000, 0.000000000000000000 ) ) ;
#19 = DIRECTION ( 'NONE',  ( 0.000000000000000000, -0.000000000000000000, 1.000000000000000000 ) ) ;
#20 = DIRECTION ( 'NONE',  ( -0.000000000000000000, -0.000000000000000000, 1.000000000000000000 ) ) ;
#21 = DIRECTION ( 'NONE',  ( 1.000000000000000000, 0.000000000000000000, 0.000000000000000000 ) ) ;
#22 = ORIENTED_EDGE ( 'NONE', *, *, #1507, .T. ) ;
#23 = ORIENTED_EDGE ( 'NONE', *, *, #1709, .F. ) ;
#24 = EDGE_CURVE ( 'NONE', #4338, #2161, #1309, .T. ) ;
#25 = EDGE_CURVE ( 'NONE', #2804, #830, #953, .T. ) ;
#26 = ORIENTED_EDGE ( 'NONE', *, *, #4569, .F. ) ;
#27 = LINE ( 'NONE', #2349, #2828 ) ;
#28 = ORIENTED_EDGE ( 'NONE', *, *, #4952, .F. ) ;
#29 = ADVANCED_FACE ( 'NONE', ( #220, #1764, #3311 ), #3632, .T. ) ;
#30 = FACE_BOUND ( 'NONE', #4985, .T. ) ;
#31 = LINE ( 'NONE', #1596, #2816 ) ;
#32 = CARTESIAN_POINT ( 'NONE',  ( 29.00000000000000000, 0.000000000000000000, 0.000000000000000000 ) ) ;
#33 = CARTESIAN_POINT ( 'NONE',  ( 5.000000000000000000, 2.419979747126327574, -0.3118366332702856014 ) ) ;
#34 = DIRECTION ( 'NONE',  ( -0.000000000000000000, -0.000000000000000000, 1.000000000000000000 ) ) ;
#35 = DIRECTION ( 'NONE',  ( -1.000000000000000000, -0.000000000000000000, -0.000000000000000000 ) ) ;
#36 = ORIENTED_EDGE ( 'NONE', *, *, #1070, .F. ) ;
#37 = CARTESIAN_POINT ( 'NONE',  ( 0.08165819712377220263, -4.939961795957299451, -1.443735181952767732 ) ) ;
#38 = CARTESIAN_POINT ( 'NONE',  ( 4.182066831946701591, -3.358985280702826426, -0.1739375980333753013 ) ) ;
#39 = DIRECTION ( 'NONE',  ( 1.000000000000000000, 0.000000000000000000, 0.000000000000000000 ) ) ;
#40 = FACE_OUTER_BOUND ( 'NONE', #1682, .T. ) ;
#41 = VERTEX_POINT ( 'NONE', #2498 ) ;
#42 = ORIENTED_EDGE ( 'NONE', *, *, #1654, .T. ) ;
#43 = AXIS2_PLACEMENT_3D ( 'NONE', #2102, #3195, #4740 ) ;
#44 = APPLICATION_PROTOCOL_DEFINITION ( 'draft international standard', 'automotive_design', 1998, #114 ) ;
#45 = PRODUCT_DEFINITION_CONTEXT ( 'detailed design', #4618, 'design' ) ;
#46 = AXIS2_PLACEMENT_3D ( 'NONE', #4025, #103, #1349 ) ;
#47 = ORIENTED_EDGE ( 'NONE', *, *, #1713, .F. ) ;
#48 = B_SPLINE_CURVE_WITH_KNOTS ( 'NONE', 3,
 ( #3928, #2310, #1199, #1908, #37, #3904, #1149, #3452 ),
 .UNSPECIFIED., .F., .F.,
 ( 4, 2, 2, 4 ),
 ( 0.002921158011986709456, 0.003648658599403064445, 0.004376159186819419435, 0.005831160361652128546 ),
 .UNSPECIFIED. ) ;
#49 =( GEOMETRIC_REPRESENTATION_CONTEXT ( 3 ) GLOBAL_UNCERTAINTY_ASSIGNED_CONTEXT ( ( #3181 ) ) GLOBAL_UNIT_ASSIGNED_CONTEXT ( ( #4019, #3640, #178 ) ) REPRESENTATION_CONTEXT ( 'NONE', 'WORKASPACE' ) );
#50 = AXIS2_PLACEMENT_3D ( 'NONE', #2936, #4874, #4475 ) ;
#51 = APPLICATION_CONTEXT ( 'automotive_design' ) ;
#52 = ORIENTED_EDGE ( 'NONE', *, *, #145, .F. ) ;
#53 = EDGE_CURVE ( 'NONE', #3019, #3175, #4473, .T. ) ;
#54 = FACE_OUTER_BOUND ( 'NONE', #113, .T. ) ;
#55 = FACE_OUTER_BOUND ( 'NONE', #1894, .T. ) ;
#56 = FACE_OUTER_BOUND ( 'NONE', #4358, .T. ) ;
#57 = PLANE ( 'NONE',  #1041 ) ;
#58 = LINE ( 'NONE', #1146, #4068 ) ;
#59 = FACE_OUTER_BOUND ( 'NONE', #3170, .T. ) ;
#60 = EDGE_CURVE ( 'NONE', #7, #1585, #2543, .T. ) ;
#61 = AXIS2_PLACEMENT_3D ( 'NONE', #1858, #3404, #3024 ) ;
#62 = ORIENTED_EDGE ( 'NONE', *, *, #4053, .T. ) ;
#63 = EDGE_CURVE ( 'NONE', #4106, #1, #626, .T. ) ;
#64 = MANIFOLD_SOLID_BREP ( 'Cut-Extrude1', #4849 ) ;
#65 = AXIS2_PLACEMENT_3D ( 'NONE', #2887, #526, #4428 ) ;
#66 = DIRECTION ( 'NONE',  ( 1.000000000000000000, 0.000000000000000000, 0.000000000000000000 ) ) ;
#67 = DIRECTION ( 'NONE',  ( 1.000000000000000000, 0.000000000000000000, 0.000000000000000000 ) ) ;
#68 = LINE ( 'NONE', #4629, #4183 ) ;
#69 = DIRECTION ( 'NONE',  ( -0.000000000000000000, -1.000000000000000000, -0.000000000000000000 ) ) ;
#70 = ORIENTED_EDGE ( 'NONE', *, *, #1178, .T. ) ;
#71 = VECTOR ( 'NONE', #976, 1000.000000000000000 ) ;
#72 = ADVANCED_FACE ( 'NONE', ( #3427, #677 ), #2624, .F. ) ;
#73 = AXIS2_PLACEMENT_3D ( 'NONE', #3884, #4650, #3576 ) ;
#74 = ORIENTED_EDGE ( 'NONE', *, *, #4936, .T. ) ;
#75 = AXIS2_PLACEMENT_3D ( 'NONE', #3342, #1400, #2560 ) ;
#76 = DIRECTION ( 'NONE',  ( 1.000000000000000000, 0.000000000000000000, 0.000000000000000000 ) ) ;
#77 = EDGE_CURVE ( 'NONE', #1258, #2523, #3077, .T. ) ;
#78 = AXIS2_PLACEMENT_3D ( 'NONE', #963, #2115, #177 ) ;
#79 = CIRCLE ( 'NONE', #320, 3.000000000000000444 ) ;
#80 = ORIENTED_EDGE ( 'NONE', *, *, #133, .T. ) ;
#81 = ORIENTED_EDGE ( 'NONE', *, *, #3287, .T. ) ;
#82 = CARTESIAN_POINT ( 'NONE',  ( 0.000000000000000000, -22.50000000000000000, 8.000000000000000000 ) ) ;
#83 = DIRECTION ( 'NONE',  ( 0.000000000000000000, 0.000000000000000000, -1.000000000000000000 ) ) ;
#84 = CARTESIAN_POINT ( 'NONE',  ( 2.500000000000002220, 4.330127018922191873, 0.000000000000000000 ) ) ;
#85 = EDGE_CURVE ( 'NONE', #604, #2835, #4195, .T. ) ;
#86 = DIRECTION ( 'NONE',  ( 0.000000000000000000, 0.000000000000000000, 1.000000000000000000 ) ) ;
#87 = VERTEX_POINT ( 'NONE', #727 ) ;
#88 = ORIENTED_EDGE ( 'NONE', *, *, #2554, .F. ) ;
#89 = B_SPLINE_CURVE_WITH_KNOTS ( 'NONE', 3,
 ( #3205, #1004, #1657, #1765, #3313, #4422 ),
 .UNSPECIFIED., .F., .F.,
 ( 4, 2, 4 ),
 ( 0.008070708573309208489, 0.009531758523483278844, 0.01099280847365734747 ),
 .UNSPECIFIED. ) ;
#90 = CARTESIAN_POINT ( 'NONE',  ( 4.250000000000000888, 0.9999999999999965583, 1.000000000000000666 ) ) ;
#91 = CARTESIAN_POINT ( 'NONE',  ( -29.58257569495585315, 0.000000000000000000, 0.000000000000000000 ) ) ;
#92 = LINE ( 'NONE', #2289, #2064 ) ;
#93 = DIRECTION ( 'NONE',  ( -0.000000000000000000, -0.000000000000000000, 1.000000000000000000 ) ) ;
#94 = ORIENTED_EDGE ( 'NONE', *, *, #2784, .T. ) ;
#95 = ADVANCED_FACE ( 'NONE', ( #1909 ), #2651, .F. ) ;
#96 = EDGE_CURVE ( 'NONE', #206, #3736, #291, .T. ) ;
#97 = ORIENTED_EDGE ( 'NONE', *, *, #3798, .F. ) ;
#98 = CYLINDRICAL_SURFACE ( 'NONE', #4096, 5.000000000000000000 ) ;
#99 = ORIENTED_EDGE ( 'NONE', *, *, #3663, .T. ) ;
#100 = EDGE_LOOP ( 'NONE', ( #1842, #4778, #512, #2857 ) ) ;
#101 = DIRECTION ( 'NONE',  ( 1.000000000000000000, 0.000000000000000000, -0.000000000000000000 ) ) ;
#102 = CARTESIAN_POINT ( 'NONE',  ( -54.82069240682337607, -60.00000000000000711, 3.000000000000000000 ) ) ;
#103 = DIRECTION ( 'NONE',  ( 0.000000000000000000, 0.000000000000000000, -1.000000000000000000 ) ) ;
#104 = DIRECTION ( 'NONE',  ( -1.000000000000000000, 0.000000000000000000, 0.000000000000000000 ) ) ;
#105 = CARTESIAN_POINT ( 'NONE',  ( 5.000000000000000888, -4.000000000000003553, 1.000000000000000666 ) ) ;
#106 = EDGE_LOOP ( 'NONE', ( #350, #1087, #3248 ) ) ;
#107 = ORIENTED_EDGE ( 'NONE', *, *, #390, .T. ) ;
#108 = FACE_OUTER_BOUND ( 'NONE', #3254, .T. ) ;
#109 = CARTESIAN_POINT ( 'NONE',  ( 28.44549999999999557, 3.673940397442059868E-16, -3.000000000000000000 ) ) ;
#110 = CARTESIAN_POINT ( 'NONE',  ( 0.000000000000000000, 0.000000000000000000, 8.000000000000000000 ) ) ;
#111 = DIRECTION ( 'NONE',  ( 1.387778780781445182E-16, -1.000000000000000000, 0.000000000000000000 ) ) ;
#112 = CARTESIAN_POINT ( 'NONE',  ( 0.000000000000000000, 0.000000000000000000, -4.824496230895145565 ) ) ;
#113 = EDGE_LOOP ( 'NONE', ( #1333, #3955, #491, #3946 ) ) ;
#114 = APPLICATION_CONTEXT ( 'automotive_design' ) ;
#115 = ORIENTED_EDGE ( 'NONE', *, *, #4917, .T. ) ;
#116 = PLANE ( 'NONE',  #4844 ) ;
#117 = CARTESIAN_POINT ( 'NONE',  ( 0.000000000000000000, 0.000000000000000000, -0.3501037691048554668 ) ) ;
#118 = PRODUCT_DEFINITION_SHAPE ( 'NONE', 'NONE',  #5003 ) ;
#119 = CIRCLE ( 'NONE', #2958, 3.200000000000000178 ) ;
#120 = ORIENTED_EDGE ( 'NONE', *, *, #1568, .T. ) ;
#121 = VECTOR ( 'NONE', #2610, 1000.000000000000000 ) ;
#122 = ORIENTED_EDGE ( 'NONE', *, *, #3068, .F. ) ;
#123 = CARTESIAN_POINT ( 'NONE',  ( 3.499999999999999556, -49.89999999999999858, 8.000000000000000000 ) ) ;
#124 = VECTOR ( 'NONE', #2109, 1000.000000000000000 ) ;
#125 = DIRECTION ( 'NONE',  ( -1.000000000000000000, 0.000000000000000000, 0.000000000000000000 ) ) ;
#126 = DIRECTION ( 'NONE',  ( 1.000000000000000000, 0.000000000000000000, 0.000000000000000000 ) ) ;
#127 = SURFACE_STYLE_FILL_AREA ( #3971 ) ;
#128 = CARTESIAN_POINT ( 'NONE',  ( -5.000000000000000000, 2.886751345948128655, -0.4465819873852062694 ) ) ;
#129 = VERTEX_POINT ( 'NONE', #4602 ) ;
#130 = VERTEX_POINT ( 'NONE', #4574 ) ;
#131 = PRODUCT_DEFINITION_FORMATION_WITH_SPECIFIED_SOURCE ( 'ANY', '', #4882, .NOT_KNOWN. ) ;
#132 = AXIS2_PLACEMENT_3D ( 'NONE', #4491, #4925, #3044 ) ;
#133 = EDGE_CURVE ( 'NONE', #2964, #786, #1470, .T. ) ;
#134 = EDGE_CURVE ( 'NONE', #859, #988, #3058, .T. ) ;
#135 = FACE_OUTER_BOUND ( 'NONE', #4613, .T. ) ;
#136 = CARTESIAN_POINT ( 'NONE',  ( -5.000000000000000000, -2.886751345948130432, -5.200000000000000178 ) ) ;
#137 = CARTESIAN_POINT ( 'NONE',  ( 29.00000000000000000, 0.000000000000000000, 0.000000000000000000 ) ) ;
#138 = DIRECTION ( 'NONE',  ( 1.000000000000000000, 0.000000000000000000, 0.000000000000000000 ) ) ;
#139 = AXIS2_PLACEMENT_3D ( 'NONE', #2022, #4839, #490 ) ;
#140 = LINE ( 'NONE', #543, #1260 ) ;
#141 = ORIENTED_EDGE ( 'NONE', *, *, #1494, .T. ) ;
#142 = ORIENTED_EDGE ( 'NONE', *, *, #957, .F. ) ;
#143 = CARTESIAN_POINT ( 'NONE',  ( 4.250000000000000000, 0.000000000000000000, 3.000000000000000000 ) ) ;
#144 = DIRECTION ( 'NONE',  ( 1.000000000000000000, 0.000000000000000000, 0.000000000000000000 ) ) ;
#145 = EDGE_CURVE ( 'NONE', #1269, #400, #4024, .T. ) ;
#146 = ITEM_DEFINED_TRANSFORMATION ( 'NONE', 'NONE', #3523,  #951 ) ;
#147 = CIRCLE ( 'NONE', #4115, 4.999999999999999112 ) ;
#148 = APPLICATION_CONTEXT ( 'automotive_design' ) ;
#149 = AXIS2_PLACEMENT_3D ( 'NONE', #2535, #1089, #647 ) ;
#150 = ORIENTED_EDGE ( 'NONE', *, *, #1948, .T. ) ;
#151 = AXIS2_PLACEMENT_3D ( 'NONE', #4039, #2076, #569 ) ;
#152 =( NAMED_UNIT ( * ) SI_UNIT ( $, .STERADIAN. ) SOLID_ANGLE_UNIT ( ) );
#153 = VECTOR ( 'NONE', #790, 1000.000000000000000 ) ;
#154 = EDGE_LOOP ( 'NONE', ( #3459, #2622, #2836, #2702 ) ) ;
#155 = VECTOR ( 'NONE', #343, 1000.000000000000000 ) ;
#156 = CARTESIAN_POINT ( 'NONE',  ( 0.000000000000000000, 0.000000000000000000, -5.200000000000000178 ) ) ;
#157 = CARTESIAN_POINT ( 'NONE',  ( 0.1739375980333486282, -3.358985280702904141, -4.182066831946573693 ) ) ;
#158 = CARTESIAN_POINT ( 'NONE',  ( 3.499999999999999556, -49.89999999999999858, 0.000000000000000000 ) ) ;
#159 = FILL_AREA_STYLE_COLOUR ( '', #3814 ) ;
#160 = CARTESIAN_POINT ( 'NONE',  ( 0.000000000000000000, -4.330127018922188320, 2.500000000000009770 ) ) ;
#161 = ORIENTED_EDGE ( 'NONE', *, *, #2345, .T. ) ;
#162 = VERTEX_POINT ( 'NONE', #2288 ) ;
#163 = ADVANCED_FACE ( 'NONE', ( #2237 ), #3831, .T. ) ;
#164 = LINE ( 'NONE', #1676, #3618 ) ;
#165 = LINE ( 'NONE', #1677, #3683 ) ;
#166 = DIRECTION ( 'NONE',  ( 0.000000000000000000, -0.000000000000000000, 1.000000000000000000 ) ) ;
#167 = DIRECTION ( 'NONE',  ( -0.000000000000000000, -0.000000000000000000, -1.000000000000000000 ) ) ;
#168 = DIRECTION ( 'NONE',  ( -1.000000000000000000, -0.000000000000000000, -0.000000000000000000 ) ) ;
#169 = PRODUCT_DEFINITION_SHAPE ( 'NONE', 'NONE',  #4991 ) ;
#170 = VERTEX_POINT ( 'NONE', #4953 ) ;
#171 = DIRECTION ( 'NONE',  ( -0.000000000000000000, 1.000000000000000000, -0.000000000000000000 ) ) ;
#172 = DIRECTION ( 'NONE',  ( -0.000000000000000000, -0.000000000000000000, 1.000000000000000000 ) ) ;
#173 = CARTESIAN_POINT ( 'NONE',  ( 54.99999999999997158, 60.00000000000001421, 5.000000000000000000 ) ) ;
#174 = ITEM_DEFINED_TRANSFORMATION ( 'NONE', 'NONE', #3855,  #951 ) ;
#175 = VERTEX_POINT ( 'NONE', #537 ) ;
#176 = EDGE_CURVE ( 'NONE', #2541, #2325, #1097, .T. ) ;
#177 = DIRECTION ( 'NONE',  ( 1.000000000000000000, 0.000000000000000000, 0.000000000000000000 ) ) ;
#178 =( NAMED_UNIT ( * ) SI_UNIT ( $, .STERADIAN. ) SOLID_ANGLE_UNIT ( ) );
#179 = VERTEX_POINT ( 'NONE', #3098 ) ;
#180 = EDGE_CURVE ( 'NONE', #380, #1944, #3386, .T. ) ;
#181 = CARTESIAN_POINT ( 'NONE',  ( 30.00000000000000355, -10.00000000000000178, 3.000000000000000000 ) ) ;
#182 = DIRECTION ( 'NONE',  ( 0.000000000000000000, 0.000000000000000000, 1.000000000000000000 ) ) ;
#183 =( LENGTH_UNIT ( ) NAMED_UNIT ( * ) SI_UNIT ( .MILLI., .METRE. ) );
#184 = CARTESIAN_POINT ( 'NONE',  ( 3.250000000000000444, 5.928368314150303853, 0.000000000000000000 ) ) ;
#185 = ORIENTED_EDGE ( 'NONE', *, *, #676, .T. ) ;
#186 = EDGE_LOOP ( 'NONE', ( #420, #1522, #4745 ) ) ;
#187 = DIRECTION ( 'NONE',  ( 0.000000000000000000, 1.000000000000000000, 2.168404344971012566E-16 ) ) ;
#188 = CARTESIAN_POINT ( 'NONE',  ( -3.250000000000001776, -39.07163168584969526, 0.000000000000000000 ) ) ;
#189 = CARTESIAN_POINT ( 'NONE',  ( -25.00000000000001066, -10.00000000000000888, 3.000000000000000000 ) ) ;
#190 = CYLINDRICAL_SURFACE ( 'NONE', #3772, 3.250000000000000000 ) ;
#191 = DIRECTION ( 'NONE',  ( 0.000000000000000000, -1.000000000000000000, 0.000000000000000000 ) ) ;
#192 = VERTEX_POINT ( 'NONE', #3929 ) ;
#193 = ORIENTED_EDGE ( 'NONE', *, *, #2306, .T. ) ;
#194 = DIRECTION ( 'NONE',  ( 1.000000000000000000, -0.000000000000000000, -0.000000000000000000 ) ) ;
#195 = DIRECTION ( 'NONE',  ( 0.000000000000000000, 1.445602896647339163E-16, -1.000000000000000000 ) ) ;
#196 = ORIENTED_EDGE ( 'NONE', *, *, #4781, .F. ) ;
#197 = CARTESIAN_POINT ( 'NONE',  ( 666.5656867768340135, 883.3284629547819122, 1323.493958478049763 ) ) ;
#198 = EDGE_CURVE ( 'NONE', #528, #2316, #2311, .T. ) ;
#199 = EDGE_LOOP ( 'NONE', ( #247, #1302, #3030, #1802 ) ) ;
#200 = CARTESIAN_POINT ( 'NONE',  ( 5.000000000000000888, 5.999999999999996447, 1.000000000000000666 ) ) ;
#201 = PLANE ( 'NONE',  #1116 ) ;
#202 = CARTESIAN_POINT ( 'NONE',  ( 5.000000000000000000, -0.9724665692850887888, -0.04193043885209694899 ) ) ;
#203 = CARTESIAN_POINT ( 'NONE',  ( 2.500000000000003109, -4.330127018922195425, -4.700000000000000178 ) ) ;
#204 = MECHANICAL_DESIGN_GEOMETRIC_PRESENTATION_REPRESENTATION (  '', ( #1088 ), #1744 ) ;
#205 = CARTESIAN_POINT ( 'NONE',  ( -4.182066831946701591, 3.358985280702822873, -0.1739375980333744409 ) ) ;
#206 = VERTEX_POINT ( 'NONE', #1200 ) ;
#207 = ADVANCED_FACE ( 'NONE', ( #3118 ), #3149, .T. ) ;
#208 = EDGE_LOOP ( 'NONE', ( #2591, #4437, #115, #4877, #2770, #1159 ) ) ;
#209 = AXIS2_PLACEMENT_3D ( 'NONE', #3216, #4808, #1297 ) ;
#210 = DIRECTION ( 'NONE',  ( 0.000000000000000000, -1.000000000000000000, 0.000000000000000000 ) ) ;
#211 = DIRECTION ( 'NONE',  ( -0.000000000000000000, -0.000000000000000000, 1.000000000000000000 ) ) ;
#212 = FACE_OUTER_BOUND ( 'NONE', #681, .T. ) ;
#213 = ADVANCED_FACE ( 'NONE', ( #1937 ), #1606, .F. ) ;
#214 = DIRECTION ( 'NONE',  ( -1.000000000000000000, -0.000000000000000000, -0.000000000000000000 ) ) ;
#215 = CARTESIAN_POINT ( 'NONE',  ( -3.292090929748017756E-15, 3.838309248099015303, 3.351853367131007566 ) ) ;
#216 = AXIS2_PLACEMENT_3D ( 'NONE', #576, #4800, #1739 ) ;
#217 = ORIENTED_EDGE ( 'NONE', *, *, #525, .F. ) ;
#218 = APPLICATION_CONTEXT ( 'automotive_design' ) ;
#219 = AXIS2_PLACEMENT_3D ( 'NONE', #3907, #2418, #1960 ) ;
#220 = FACE_BOUND ( 'NONE', #2883, .T. ) ;
#221 = VECTOR ( 'NONE', #4721, 1000.000000000000000 ) ;
#222 = CARTESIAN_POINT ( 'NONE',  ( 3.000000000000001332, -10.00000000000000178, 8.000000000000000000 ) ) ;
#223 = DIRECTION ( 'NONE',  ( -1.000000000000000000, -0.000000000000000000, -0.000000000000000000 ) ) ;
#224 = VECTOR ( 'NONE', #385, 1000.000000000000000 ) ;
#225 = ADVANCED_FACE ( 'NONE', ( #442, #3958, #495, #797 ), #4291, .T. ) ;
#226 = ORIENTED_EDGE ( 'NONE', *, *, #1625, .T. ) ;
#227 = DIRECTION ( 'NONE',  ( 0.000000000000000000, 0.000000000000000000, 1.000000000000000000 ) ) ;
#228 = VERTEX_POINT ( 'NONE', #2722 ) ;
#229 = CONICAL_SURFACE ( 'NONE', #3217, 5.000000000000000000, 1.047197551196600296 ) ;
#230 = DIRECTION ( 'NONE',  ( 0.000000000000000000, 0.000000000000000000, 1.000000000000000000 ) ) ;
#231 = DIRECTION ( 'NONE',  ( 0.000000000000000000, 0.000000000000000000, -1.000000000000000000 ) ) ;
#232 = CARTESIAN_POINT ( 'NONE',  ( 0.000000000000000000, 5.928368314150306517, 5.000000000000000000 ) ) ;
#233 = AXIS2_PLACEMENT_3D ( 'NONE', #764, #2302, #382 ) ;
#234 = DIRECTION ( 'NONE',  ( 0.000000000000000000, 0.000000000000000000, 1.000000000000000000 ) ) ;
#235 = EDGE_LOOP ( 'NONE', ( #1288, #2683, #1393, #3299 ) ) ;
#236 = VERTEX_POINT ( 'NONE', #4698 ) ;
#237 = VECTOR ( 'NONE', #4689, 1000.000000000000000 ) ;
#238 = CIRCLE ( 'NONE', #806, 3.250000000000000888 ) ;
#239 = EDGE_CURVE ( 'NONE', #3966, #4276, #3905, .T. ) ;
#240 = CARTESIAN_POINT ( 'NONE',  ( 20.00000000000000355, -14.99999999999999467, 8.000000000000000000 ) ) ;
#241 = DIRECTION ( 'NONE',  ( -1.000000000000000000, 0.000000000000000000, 0.000000000000000000 ) ) ;
#242 = FACE_OUTER_BOUND ( 'NONE', #666, .T. ) ;
#243 = CARTESIAN_POINT ( 'NONE',  ( 5.000000000000000888, -1.734723475976807094E-15, 1.000000000000000444 ) ) ;
#244 = COLOUR_RGB ( '',0.7921568627450980005, 0.8196078431372548767, 0.9333333333333333481 ) ;
#245 = VERTEX_POINT ( 'NONE', #4308 ) ;
#246 = PRODUCT_RELATED_PRODUCT_CATEGORY ( 'part', '', ( #4882 ) ) ;
#247 = ORIENTED_EDGE ( 'NONE', *, *, #3273, .F. ) ;
#248 = DIRECTION ( 'NONE',  ( 0.000000000000000000, 0.000000000000000000, 1.000000000000000000 ) ) ;
#249 = PLANE ( 'NONE',  #50 ) ;
#250 = SHAPE_REPRESENTATION ( 'Connecting Link', ( #951 ), #3127 ) ;
#251 = EDGE_LOOP ( 'NONE', ( #141, #2959 ) ) ;
#252 = EDGE_CURVE ( 'NONE', #1132, #2541, #312, .T. ) ;
#253 = EDGE_LOOP ( 'NONE', ( #1942, #287, #1506, #4626 ) ) ;
#254 = DIRECTION ( 'NONE',  ( 1.000000000000000000, 0.000000000000000000, 0.000000000000000000 ) ) ;
#255 = UNCERTAINTY_MEASURE_WITH_UNIT (LENGTH_MEASURE( 1.000000000000000082E-05 ), #4215, 'distance_accuracy_value', 'NONE');
#256 = ORIENTED_EDGE ( 'NONE', *, *, #1654, .F. ) ;
#257 = CARTESIAN_POINT ( 'NONE',  ( 3.000000000000000888, 7.999999999999998224, 8.000000000000000000 ) ) ;
#258 = CARTESIAN_POINT ( 'NONE',  ( -6.749999999999997335, 0.000000000000000000, 8.000000000000000000 ) ) ;
#259 = DIRECTION ( 'NONE',  ( -0.000000000000000000, -0.000000000000000000, 1.000000000000000000 ) ) ;
#260 = ORIENTED_EDGE ( 'NONE', *, *, #60, .F. ) ;
#261 = VERTEX_POINT ( 'NONE', #2339 ) ;
#262 =( NAMED_UNIT ( * ) PLANE_ANGLE_UNIT ( ) SI_UNIT ( $, .RADIAN. ) );
#263 = CARTESIAN_POINT ( 'NONE',  ( 0.000000000000000000, 0.000000000000000000, 0.000000000000000000 ) ) ;
#264 = CARTESIAN_POINT ( 'NONE',  ( 0.000000000000000000, 0.000000000000000000, 8.000000000000000000 ) ) ;
#265 = CYLINDRICAL_SURFACE ( 'NONE', #4247, 3.499999999999999556 ) ;
#266 =( LENGTH_UNIT ( ) NAMED_UNIT ( * ) SI_UNIT ( .MILLI., .METRE. ) );
#267 = ORIENTED_EDGE ( 'NONE', *, *, #2914, .T. ) ;
#268 = MECHANICAL_DESIGN_GEOMETRIC_PRESENTATION_REPRESENTATION (  '', ( #3660 ), #2853 ) ;
#269 = CARTESIAN_POINT ( 'NONE',  ( 0.000000000000000000, 0.000000000000000000, 16.00000000000000000 ) ) ;
#270 = CARTESIAN_POINT ( 'NONE',  ( 7.000000000000000000, -39.07163168584969526, 0.000000000000000000 ) ) ;
#271 = DIRECTION ( 'NONE',  ( 0.000000000000000000, 0.000000000000000000, -1.000000000000000000 ) ) ;
#272 = ORIENTED_EDGE ( 'NONE', *, *, #2256, .F. ) ;
#273 = VERTEX_POINT ( 'NONE', #825 ) ;
#274 = EDGE_CURVE ( 'NONE', #3863, #3101, #4741, .T. ) ;
#275 = ORIENTED_EDGE ( 'NONE', *, *, #2449, .F. ) ;
#276 = LINE ( 'NONE', #1450, #4929 ) ;
#277 = CARTESIAN_POINT ( 'NONE',  ( 5.000000000000000000, 2.886751345948126879, -5.200000000000000178 ) ) ;
#278 = CARTESIAN_POINT ( 'NONE',  ( 0.000000000000000000, 0.000000000000000000, 0.000000000000000000 ) ) ;
#279 = EDGE_LOOP ( 'NONE', ( #2736, #404, #2069 ) ) ;
#280 = ORIENTED_EDGE ( 'NONE', *, *, #2571, .T. ) ;
#281 = VECTOR ( 'NONE', #648, 1000.000000000000000 ) ;
#282 = FACE_OUTER_BOUND ( 'NONE', #1337, .T. ) ;
#283 = CARTESIAN_POINT ( 'NONE',  ( 0.000000000000000000, -39.07163168584969526, 0.000000000000000000 ) ) ;
#284 = EDGE_CURVE ( 'NONE', #2835, #783, #1357, .T. ) ;
#285 = FACE_OUTER_BOUND ( 'NONE', #2675, .T. ) ;
#286 = DIRECTION ( 'NONE',  ( 0.000000000000000000, 0.000000000000000000, 1.000000000000000000 ) ) ;
#287 = ORIENTED_EDGE ( 'NONE', *, *, #3381, .T. ) ;
#288 = VECTOR ( 'NONE', #2561, 1000.000000000000000 ) ;
#289 = ADVANCED_FACE ( 'NONE', ( #1978, #3526 ), #392, .T. ) ;
#290 = ADVANCED_FACE ( 'NONE', ( #3857 ), #3705, .T. ) ;
#291 = LINE ( 'NONE', #3808, #959 ) ;
#292 = AXIS2_PLACEMENT_3D ( 'NONE', #1719, #502, #3989 ) ;
#293 = CARTESIAN_POINT ( 'NONE',  ( 3.000000000000000888, -8.000000000000001776, 8.000000000000000000 ) ) ;
#294 = AXIS2_PLACEMENT_3D ( 'NONE', #173, #1712, #3258 ) ;
#295 = DIRECTION ( 'NONE',  ( -0.000000000000000000, -1.000000000000000000, -0.000000000000000000 ) ) ;
#296 = ORIENTED_EDGE ( 'NONE', *, *, #3502, .T. ) ;
#297 = EDGE_CURVE ( 'NONE', #1113, #3657, #3553, .T. ) ;
#298 = CYLINDRICAL_SURFACE ( 'NONE', #4899, 3.250000000000001776 ) ;
#299 = CIRCLE ( 'NONE', #1024, 3.250000000000000000 ) ;
#300 = EDGE_LOOP ( 'NONE', ( #966, #1617, #2916, #4346 ) ) ;
#301 = ADVANCED_FACE ( 'NONE', ( #416, #1958, #3172, #2798, #4333 ), #873, .T. ) ;
#302 = AXIS2_PLACEMENT_3D ( 'NONE', #1904, #842, #3144 ) ;
#303 = CARTESIAN_POINT ( 'NONE',  ( 662.6134412343791382, 912.7472078030933744, 1305.893958478049854 ) ) ;
#304 = ORIENTED_EDGE ( 'NONE', *, *, #4383, .T. ) ;
#305 = AXIS2_PLACEMENT_3D ( 'NONE', #4319, #4153, #4133 ) ;
#306 = EDGE_LOOP ( 'NONE', ( #2407, #725, #1510, #4430 ) ) ;
#307 = SURFACE_STYLE_USAGE ( .BOTH. , #2529 ) ;
#308 = DIRECTION ( 'NONE',  ( -0.8660254037844382635, 0.5000000000000005551, 0.000000000000000000 ) ) ;
#309 = AXIS2_PLACEMENT_3D ( 'NONE', #2329, #1926, #1143 ) ;
#310 = ORIENTED_EDGE ( 'NONE', *, *, #676, .F. ) ;
#311 = EDGE_CURVE ( 'NONE', #346, #3176, #4605, .T. ) ;
#312 = CIRCLE ( 'NONE', #4919, 5.000000000000000000 ) ;
#313 =( REPRESENTATION_RELATIONSHIP ('NONE','NONE', #3347, #4225 ) REPRESENTATION_RELATIONSHIP_WITH_TRANSFORMATION ( #4272 )SHAPE_REPRESENTATION_RELATIONSHIP( ) );
#314 = DIRECTION ( 'NONE',  ( -1.000000000000000000, 0.000000000000000000, 0.000000000000000000 ) ) ;
#315 = DIRECTION ( 'NONE',  ( -0.000000000000000000, -0.000000000000000000, -1.000000000000000000 ) ) ;
#316 = DIRECTION ( 'NONE',  ( 0.000000000000000000, 1.000000000000000000, 0.000000000000000000 ) ) ;
#317 = FILL_AREA_STYLE ('',( #2207 ) ) ;
#318 = AXIS2_PLACEMENT_3D ( 'NONE', #2355, #2304, #1972 ) ;
#319 = EDGE_LOOP ( 'NONE', ( #876, #4552, #81, #1645 ) ) ;
#320 = AXIS2_PLACEMENT_3D ( 'NONE', #4747, #2544, #1284 ) ;
#321 = EDGE_CURVE ( 'NONE', #2564, #590, #4198, .T. ) ;
#322 = PRODUCT_DEFINITION_SHAPE ( 'NONE', 'NONE',  #5001 ) ;
#323 = VECTOR ( 'NONE', #4387, 1000.000000000000114 ) ;
#324 = DIRECTION ( 'NONE',  ( 1.000000000000000000, 0.000000000000000000, 0.000000000000000000 ) ) ;
#325 = CARTESIAN_POINT ( 'NONE',  ( 4.250000000000000888, 0.000000000000000000, 0.000000000000000000 ) ) ;
#326 = ORIENTED_EDGE ( 'NONE', *, *, #3658, .F. ) ;
#327 = ORIENTED_EDGE ( 'NONE', *, *, #4876, .T. ) ;
#328 = ORIENTED_EDGE ( 'NONE', *, *, #419, .F. ) ;
#329 = EDGE_CURVE ( 'NONE', #3690, #1248, #147, .T. ) ;
#330 = ORIENTED_EDGE ( 'NONE', *, *, #2081, .T. ) ;
#331 = CARTESIAN_POINT ( 'NONE',  ( 7.000000000000000000, 5.928368314150306517, 5.000000000000000000 ) ) ;
#332 = DIRECTION ( 'NONE',  ( 0.000000000000000000, 0.000000000000000000, 1.000000000000000000 ) ) ;
#333 = ORIENTED_EDGE ( 'NONE', *, *, #2740, .T. ) ;
#334 = DIRECTION ( 'NONE',  ( 0.000000000000000000, -0.000000000000000000, 1.000000000000000000 ) ) ;
#335 = CARTESIAN_POINT ( 'NONE',  ( 20.00000000000000355, -14.99999999999999467, 8.000000000000000000 ) ) ;
#336 = SURFACE_SIDE_STYLE ('',( #1481 ) ) ;
#337 = DIRECTION ( 'NONE',  ( 0.000000000000000000, 0.000000000000000000, 1.000000000000000000 ) ) ;
#338 = CARTESIAN_POINT ( 'NONE',  ( 25.00000000000000000, -10.00000000000000178, 8.000000000000000000 ) ) ;
#339 =( NAMED_UNIT ( * ) SI_UNIT ( $, .STERADIAN. ) SOLID_ANGLE_UNIT ( ) );
#340 = EDGE_LOOP ( 'NONE', ( #1300, #4532 ) ) ;
#341 = AXIS2_PLACEMENT_3D ( 'NONE', #2284, #2673, #4623 ) ;
#342 = CARTESIAN_POINT ( 'NONE',  ( -5.000000000000000000, -0.4878135028931862016, 3.557538378468059575E-17 ) ) ;
#343 = DIRECTION ( 'NONE',  ( 0.000000000000000000, 1.000000000000000000, 0.000000000000000000 ) ) ;
#344 = DIRECTION ( 'NONE',  ( 1.000000000000000000, 0.000000000000000000, 0.000000000000000000 ) ) ;
#345 = ORIENTED_EDGE ( 'NONE', *, *, #1140, .F. ) ;
#346 = VERTEX_POINT ( 'NONE', #2460 ) ;
#347 = SHAPE_DEFINITION_REPRESENTATION ( #646, #601 ) ;
#348 = ADVANCED_FACE ( 'NONE', ( #1406, #2537 ), #4792, .F. ) ;
#349 = EDGE_CURVE ( 'NONE', #4833, #4129, #1196, .T. ) ;
#350 = ORIENTED_EDGE ( 'NONE', *, *, #1965, .F. ) ;
#351 = CARTESIAN_POINT ( 'NONE',  ( -36.75000000000002132, 19.99999999999999645, 0.000000000000000000 ) ) ;
#352 = CARTESIAN_POINT ( 'NONE',  ( 0.000000000000000000, 0.000000000000000000, 0.000000000000000000 ) ) ;
#353 = SHAPE_REPRESENTATION_RELATIONSHIP ( 'NONE' , 'NONE' ,  #250, #386 ) ;
#354 = ORIENTED_EDGE ( 'NONE', *, *, #4186, .T. ) ;
#355 = DIRECTION ( 'NONE',  ( 0.000000000000000000, 1.000000000000000000, 0.000000000000000000 ) ) ;
#356 = DIRECTION ( 'NONE',  ( 1.000000000000000000, 0.000000000000000000, 0.000000000000000000 ) ) ;
#357 = CARTESIAN_POINT ( 'NONE',  ( 0.000000000000000000, 0.000000000000000000, -3.469446951953614189E-15 ) ) ;
#358 = DIRECTION ( 'NONE',  ( 1.000000000000000000, -0.000000000000000000, -0.000000000000000000 ) ) ;
#359 = CARTESIAN_POINT ( 'NONE',  ( 30.00000000000000355, -10.00000000000000178, 8.000000000000000000 ) ) ;
#360 = EDGE_CURVE ( 'NONE', #3431, #1518, #3272, .T. ) ;
#361 = LINE ( 'NONE', #1194, #3693 ) ;
#362 = EDGE_LOOP ( 'NONE', ( #598, #1418, #4305, #1061 ) ) ;
#363 = DIRECTION ( 'NONE',  ( 0.000000000000000000, 0.000000000000000000, 1.000000000000000000 ) ) ;
#364 = SURFACE_STYLE_USAGE ( .BOTH. , #3383 ) ;
#365 = CARTESIAN_POINT ( 'NONE',  ( 4.000000000000000000, 5.773502691896261751, 0.000000000000000000 ) ) ;
#366 = DIRECTION ( 'NONE',  ( -1.000000000000000000, -0.000000000000000000, -0.000000000000000000 ) ) ;
#367 = VECTOR ( 'NONE', #3804, 1000.000000000000114 ) ;
#368 = CIRCLE ( 'NONE', #4173, 3.000000000000000000 ) ;
#369 = ORIENTED_EDGE ( 'NONE', *, *, #3126, .F. ) ;
#370 = AXIS2_PLACEMENT_3D ( 'NONE', #3582, #2832, #4705 ) ;
#371 = ORIENTED_EDGE ( 'NONE', *, *, #621, .F. ) ;
#372 = ADVANCED_FACE ( 'NONE', ( #3598 ), #4819, .T. ) ;
#373 = APPLICATION_PROTOCOL_DEFINITION ( 'draft international standard', 'automotive_design', 1998, #4453 ) ;
#374 = PRODUCT_DEFINITION_FORMATION_WITH_SPECIFIED_SOURCE ( 'ANY', '', #1459, .NOT_KNOWN. ) ;
#375 = AXIS2_PLACEMENT_3D ( 'NONE', #1054, #2263, #2674 ) ;
#376 =( REPRESENTATION_RELATIONSHIP ('NONE','NONE', #3347, #759 ) REPRESENTATION_RELATIONSHIP_WITH_TRANSFORMATION ( #2035 )SHAPE_REPRESENTATION_RELATIONSHIP( ) );
#377 = ORIENTED_EDGE ( 'NONE', *, *, #967, .F. ) ;
#378 = VECTOR ( 'NONE', #1122, 1000.000000000000000 ) ;
#379 = DIRECTION ( 'NONE',  ( 0.000000000000000000, 0.000000000000000000, -1.000000000000000000 ) ) ;
#380 = VERTEX_POINT ( 'NONE', #2103 ) ;
#381 = CARTESIAN_POINT ( 'NONE',  ( 0.000000000000000000, -4.330127018922188320, 2.500000000000009770 ) ) ;
#382 = DIRECTION ( 'NONE',  ( 0.000000000000000000, 0.000000000000000000, -1.000000000000000000 ) ) ;
#383 = CARTESIAN_POINT ( 'NONE',  ( -4.999999999999999112, 9.999999999999996447, 8.000000000000000000 ) ) ;
#384 = CARTESIAN_POINT ( 'NONE',  ( 0.000000000000000000, -21.89999999999999503, 0.000000000000000000 ) ) ;
#385 = DIRECTION ( 'NONE',  ( -0.000000000000000000, 1.445602896647339163E-16, -1.000000000000000000 ) ) ;
#386 = ADVANCED_BREP_SHAPE_REPRESENTATION ( '', ( #64, #951 ), #3127 ) ;
#387 = ORIENTED_EDGE ( 'NONE', *, *, #4143, .T. ) ;
#388 = AXIS2_PLACEMENT_3D ( 'NONE', #3676, #3653, #568 ) ;
#389 = VECTOR ( 'NONE', #871, 1000.000000000000000 ) ;
#390 = EDGE_CURVE ( 'NONE', #590, #2564, #3463, .T. ) ;
#391 = DIRECTION ( 'NONE',  ( 1.000000000000000000, 0.000000000000000000, 0.000000000000000000 ) ) ;
#392 = PLANE ( 'NONE',  #1278 ) ;
#393 = FACE_OUTER_BOUND ( 'NONE', #705, .T. ) ;
#394 = CARTESIAN_POINT ( 'NONE',  ( 54.99999999999997158, 60.00000000000001421, 0.000000000000000000 ) ) ;
#395 = AXIS2_PLACEMENT_3D ( 'NONE', #2813, #909, #890 ) ;
#396 = AXIS2_PLACEMENT_3D ( 'NONE', #1523, #428, #3062 ) ;
#397 = ORIENTED_EDGE ( 'NONE', *, *, #2991, .F. ) ;
#398 = PRODUCT_DEFINITION ( 'UNKNOWN', '', #2885, #2471 ) ;
#399 = AXIS2_PLACEMENT_3D ( 'NONE', #3487, #4614, #1137 ) ;
#400 = VERTEX_POINT ( 'NONE', #947 ) ;
#401 = EDGE_CURVE ( 'NONE', #940, #236, #1115, .T. ) ;
#402 = PRODUCT_CONTEXT ( 'NONE', #4453, 'mechanical' ) ;
#403 = CLOSED_SHELL ( 'NONE', ( #1593, #2555, #4636, #748 ) ) ;
#404 = ORIENTED_EDGE ( 'NONE', *, *, #1866, .T. ) ;
#405 = LINE ( 'NONE', #2662, #480 ) ;
#406 = SHAPE_REPRESENTATION_RELATIONSHIP ( 'NONE' , 'NONE' ,  #4225, #4494 ) ;
#407 = EDGE_LOOP ( 'NONE', ( #2202, #304, #2553 ) ) ;
#408 = CARTESIAN_POINT ( 'NONE',  ( -4.999999999999999112, -10.00000000000000355, 8.000000000000000000 ) ) ;
#409 = CARTESIAN_POINT ( 'NONE',  ( -30.00000000000001421, 60.00000000000001421, 8.000000000000000000 ) ) ;
#410 = CARTESIAN_POINT ( 'NONE',  ( 29.58257569495584249, -10.00000000000000178, 5.000000000000000000 ) ) ;
#411 = CARTESIAN_POINT ( 'NONE',  ( 2.925285743277524553, 4.084588180558403891, -0.01055556052338977278 ) ) ;
#412 = PLANE ( 'NONE',  #2348 ) ;
#413 = FACE_OUTER_BOUND ( 'NONE', #4685, .T. ) ;
#414 = ORIENTED_EDGE ( 'NONE', *, *, #3679, .T. ) ;
#415 = DIRECTION ( 'NONE',  ( -1.000000000000000000, -0.000000000000000000, -0.000000000000000000 ) ) ;
#416 = FACE_BOUND ( 'NONE', #3612, .T. ) ;
#417 = CARTESIAN_POINT ( 'NONE',  ( 3.000000000000000444, 9.999999999999998224, 8.000000000000000000 ) ) ;
#418 = DIRECTION ( 'NONE',  ( 1.000000000000000000, 0.000000000000000000, 0.000000000000000000 ) ) ;
#419 = EDGE_CURVE ( 'NONE', #2106, #3688, #4443, .T. ) ;
#420 = ORIENTED_EDGE ( 'NONE', *, *, #3241, .T. ) ;
#421 = VECTOR ( 'NONE', #3994, 1000.000000000000000 ) ;
#422 = ORIENTED_EDGE ( 'NONE', *, *, #1301, .F. ) ;
#423 = ADVANCED_FACE ( 'NONE', ( #242 ), #593, .F. ) ;
#424 = ITEM_DEFINED_TRANSFORMATION ( 'NONE', 'NONE', #4674,  #951 ) ;
#425 = STYLED_ITEM ( 'NONE', ( #4326 ), #2897 ) ;
#426 = ORIENTED_EDGE ( 'NONE', *, *, #989, .T. ) ;
#427 = ADVANCED_FACE ( 'NONE', ( #3702 ), #2128, .T. ) ;
#428 = DIRECTION ( 'NONE',  ( 1.387778780781445182E-16, -1.000000000000000000, 0.000000000000000000 ) ) ;
#429 = ADVANCED_FACE ( 'NONE', ( #212 ), #1759, .T. ) ;
#430 =( LENGTH_UNIT ( ) NAMED_UNIT ( * ) SI_UNIT ( .MILLI., .METRE. ) );
#431 = ORIENTED_EDGE ( 'NONE', *, *, #740, .T. ) ;
#432 = DIRECTION ( 'NONE',  ( 4.956352788505162775E-17, 1.000000000000000000, -0.000000000000000000 ) ) ;
#433 = CARTESIAN_POINT ( 'NONE',  ( 5.000000000000000888, 0.9999999999999965583, 7.000000000000000000 ) ) ;
#434 = CARTESIAN_POINT ( 'NONE',  ( 4.250000000000000888, -4.000000000000003553, 7.000000000000000000 ) ) ;
#435 = DIRECTION ( 'NONE',  ( 0.000000000000000000, 0.5000000000000001110, -0.8660254037844387076 ) ) ;
#436 = DIRECTION ( 'NONE',  ( -1.000000000000000000, -1.734723475976807094E-16, 0.000000000000000000 ) ) ;
#437 = CARTESIAN_POINT ( 'NONE',  ( -8.673617379884035472E-16, -5.773502691896262640, -4.699999999999999289 ) ) ;
#438 = EDGE_CURVE ( 'NONE', #1, #4139, #2412, .T. ) ;
#439 = ORIENTED_EDGE ( 'NONE', *, *, #1221, .F. ) ;
#440 = EDGE_CURVE ( 'NONE', #4243, #3690, #3339, .T. ) ;
#441 = CARTESIAN_POINT ( 'NONE',  ( -5.000000000000000000, 6.123233995736766282E-16, -2.000000000000000000 ) ) ;
#442 = FACE_OUTER_BOUND ( 'NONE', #4706, .T. ) ;
#443 = CARTESIAN_POINT ( 'NONE',  ( 2.287832656137186227, -4.452621892014642313, 1.188104880682032205E-15 ) ) ;
#444 = DIRECTION ( 'NONE',  ( -0.000000000000000000, -0.000000000000000000, -1.000000000000000000 ) ) ;
#445 = ORIENTED_EDGE ( 'NONE', *, *, #2939, .T. ) ;
#446 = ADVANCED_FACE ( 'NONE', ( #541 ), #2847, .T. ) ;
#447 = ADVANCED_FACE ( 'NONE', ( #3773 ), #2577, .T. ) ;
#448 = ORIENTED_EDGE ( 'NONE', *, *, #349, .T. ) ;
#449 = VECTOR ( 'NONE', #721, 1000.000000000000000 ) ;
#450 = CYLINDRICAL_SURFACE ( 'NONE', #2473, 3.250000000000002665 ) ;
#451 = EDGE_CURVE ( 'NONE', #1132, #2264, #3444, .T. ) ;
#452 = AXIS2_PLACEMENT_3D ( 'NONE', #3848, #839, #1162 ) ;
#453 = EDGE_CURVE ( 'NONE', #3424, #1397, #1462, .T. ) ;
#454 = ORIENTED_EDGE ( 'NONE', *, *, #4703, .T. ) ;
#455 = LINE ( 'NONE', #4651, #3544 ) ;
#456 = CIRCLE ( 'NONE', #2803, 3.000000000000000000 ) ;
#457 = ORIENTED_EDGE ( 'NONE', *, *, #4957, .T. ) ;
#458 = CONICAL_SURFACE ( 'NONE', #2807, 5.000000000000000000, 1.047197551196600296 ) ;
#459 = DIRECTION ( 'NONE',  ( 0.000000000000000000, -1.000000000000000000, 0.000000000000000000 ) ) ;
#460 = VECTOR ( 'NONE', #2438, 1000.000000000000000 ) ;
#461 = CARTESIAN_POINT ( 'NONE',  ( 4.250000000000000888, -1.734723475976807094E-15, 1.000000000000000444 ) ) ;
#462 = DIRECTION ( 'NONE',  ( -2.312964634635743943E-16, 1.000000000000000000, 0.000000000000000000 ) ) ;
#463 = DIRECTION ( 'NONE',  ( 1.000000000000000000, 0.000000000000000000, 0.000000000000000000 ) ) ;
#464 = DIRECTION ( 'NONE',  ( 1.000000000000000000, 0.000000000000000000, 0.000000000000000000 ) ) ;
#465 = CARTESIAN_POINT ( 'NONE',  ( 8.000000000000000000, -57.50000000000000000, 0.000000000000000000 ) ) ;
#466 = ORIENTED_EDGE ( 'NONE', *, *, #672, .F. ) ;
#467 = EDGE_CURVE ( 'NONE', #3122, #3608, #2977, .T. ) ;
#468 = AXIS2_PLACEMENT_3D ( 'NONE', #2842, #3188, #3670 ) ;
#469 = ADVANCED_FACE ( 'NONE', ( #4488 ), #795, .T. ) ;
#470 = ORIENTED_EDGE ( 'NONE', *, *, #3154, .F. ) ;
#471 = DIRECTION ( 'NONE',  ( -0.000000000000000000, -0.000000000000000000, -1.000000000000000000 ) ) ;
#472 = CARTESIAN_POINT ( 'NONE',  ( -9.999999999999998224, 1.301042606982605321E-15, 0.000000000000000000 ) ) ;
#473 = DIRECTION ( 'NONE',  ( 0.000000000000000000, 0.5000000000000009992, -0.8660254037844380415 ) ) ;
#474 = FACE_OUTER_BOUND ( 'NONE', #1015, .T. ) ;
#475 = ORIENTED_EDGE ( 'NONE', *, *, #2100, .F. ) ;
#476 = VECTOR ( 'NONE', #3376, 1000.000000000000000 ) ;
#477 = VECTOR ( 'NONE', #516, 1000.000000000000000 ) ;
#478 = APPLICATION_CONTEXT ( 'automotive_design' ) ;
#479 = ORIENTED_EDGE ( 'NONE', *, *, #1663, .T. ) ;
#480 = VECTOR ( 'NONE', #3465, 1000.000000000000000 ) ;
#481 = DIRECTION ( 'NONE',  ( 0.000000000000000000, 0.000000000000000000, -1.000000000000000000 ) ) ;
#482 = CIRCLE ( 'NONE', #3310, 5.000000000000000000 ) ;
#483 = VECTOR ( 'NONE', #1627, 1000.000000000000000 ) ;
#484 = ORIENTED_EDGE ( 'NONE', *, *, #3878, .T. ) ;
#485 = ORIENTED_EDGE ( 'NONE', *, *, #4555, .T. ) ;
#486 = LINE ( 'NONE', #3968, #3063 ) ;
#487 = PRODUCT ( 'Center Slider', 'Center Slider', '', ( #4611 ) ) ;
#488 = DIRECTION ( 'NONE',  ( 1.000000000000000000, 0.000000000000000000, 0.000000000000000000 ) ) ;
#489 =( NAMED_UNIT ( * ) SI_UNIT ( $, .STERADIAN. ) SOLID_ANGLE_UNIT ( ) );
#490 = DIRECTION ( 'NONE',  ( 1.000000000000000000, 0.000000000000000000, 0.000000000000000000 ) ) ;
#491 = ORIENTED_EDGE ( 'NONE', *, *, #4703, .F. ) ;
#492 = VERTEX_POINT ( 'NONE', #2596 ) ;
#493 = PLANE ( 'NONE',  #4516 ) ;
#494 = CARTESIAN_POINT ( 'NONE',  ( -5.000000000000000000, -2.886751345948131320, -0.4465819873852062694 ) ) ;
#495 = FACE_BOUND ( 'NONE', #2946, .T. ) ;
#496 = CYLINDRICAL_SURFACE ( 'NONE', #3533, 3.250000000000000444 ) ;
#497 = DIRECTION ( 'NONE',  ( -0.000000000000000000, -0.000000000000000000, 1.000000000000000000 ) ) ;
#498 = EDGE_LOOP ( 'NONE', ( #4617, #2865, #2795, #3843 ) ) ;
#499 = EDGE_LOOP ( 'NONE', ( #1701, #3583 ) ) ;
#500 = DIRECTION ( 'NONE',  ( 0.000000000000000000, -0.000000000000000000, 1.000000000000000000 ) ) ;
#501 = EDGE_LOOP ( 'NONE', ( #1313, #2308, #3538, #4915 ) ) ;
#502 = DIRECTION ( 'NONE',  ( 0.000000000000000000, 0.000000000000000000, 1.000000000000000000 ) ) ;
#503 = ORIENTED_EDGE ( 'NONE', *, *, #3861, .T. ) ;
#504 = ADVANCED_FACE ( 'NONE', ( #744 ), #3021, .T. ) ;
#505 = EDGE_CURVE ( 'NONE', #1402, #2549, #1881, .T. ) ;
#506 = CARTESIAN_POINT ( 'NONE',  ( 0.000000000000000000, 5.773502691896261751, 3.755786496842903495E-16 ) ) ;
#507 = CARTESIAN_POINT ( 'NONE',  ( 5.000000000000000888, 0.9999999999999965583, 1.000000000000000666 ) ) ;
#508 = PLANE ( 'NONE',  #3757 ) ;
#509 = CYLINDRICAL_SURFACE ( 'NONE', #4154, 3.000000000000000444 ) ;
#510 = CARTESIAN_POINT ( 'NONE',  ( 4.250000000000000888, -5.000000000000001776, 1.000000000000000444 ) ) ;
#511 = VERTEX_POINT ( 'NONE', #3727 ) ;
#512 = ORIENTED_EDGE ( 'NONE', *, *, #1494, .F. ) ;
#513 = EDGE_CURVE ( 'NONE', #4881, #3863, #2568, .T. ) ;
#514 = DIRECTION ( 'NONE',  ( 1.000000000000000000, 0.000000000000000000, 0.000000000000000000 ) ) ;
#515 = CARTESIAN_POINT ( 'NONE',  ( -4.999999999999999112, -10.00000000000000355, 0.000000000000000000 ) ) ;
#516 = DIRECTION ( 'NONE',  ( -0.000000000000000000, 1.000000000000000000, -0.000000000000000000 ) ) ;
#517 = FACE_OUTER_BOUND ( 'NONE', #4367, .T. ) ;
#518 = FACE_OUTER_BOUND ( 'NONE', #3509, .T. ) ;
#519 = ORIENTED_EDGE ( 'NONE', *, *, #4507, .F. ) ;
#520 = ORIENTED_EDGE ( 'NONE', *, *, #1135, .T. ) ;
#521 = DIRECTION ( 'NONE',  ( 0.000000000000000000, 1.000000000000000000, 2.168404344971012566E-16 ) ) ;
#522 = CARTESIAN_POINT ( 'NONE',  ( 0.000000000000000000, 0.000000000000000000, 0.000000000000000000 ) ) ;
#523 = ITEM_DEFINED_TRANSFORMATION ( 'NONE', 'NONE', #3761,  #951 ) ;
#524 = ORIENTED_EDGE ( 'NONE', *, *, #4952, .T. ) ;
#525 = EDGE_CURVE ( 'NONE', #3101, #4765, #4142, .T. ) ;
#526 = DIRECTION ( 'NONE',  ( 0.000000000000000000, 0.000000000000000000, 1.000000000000000000 ) ) ;
#527 = AXIS2_PLACEMENT_3D ( 'NONE', #3703, #1787, #2538 ) ;
#528 = VERTEX_POINT ( 'NONE', #2672 ) ;
#529 = DIRECTION ( 'NONE',  ( 0.000000000000000000, 1.000000000000000000, 0.000000000000000000 ) ) ;
#530 = AXIS2_PLACEMENT_3D ( 'NONE', #4550, #657, #4900 ) ;
#531 = DIRECTION ( 'NONE',  ( 0.000000000000000000, 0.000000000000000000, 1.000000000000000000 ) ) ;
#532 = DIRECTION ( 'NONE',  ( 1.000000000000000000, 0.000000000000000000, 8.673617379884040402E-16 ) ) ;
#533 = FACE_OUTER_BOUND ( 'NONE', #3840, .T. ) ;
#534 = PLANE ( 'NONE',  #3771 ) ;
#535 = ORIENTED_EDGE ( 'NONE', *, *, #1717, .F. ) ;
#536 = ORIENTED_EDGE ( 'NONE', *, *, #3603, .T. ) ;
#537 = CARTESIAN_POINT ( 'NONE',  ( 3.499999999999999556, 4.330127018922190096, -2.500000000000005773 ) ) ;
#538 = VECTOR ( 'NONE', #3331, 1000.000000000000114 ) ;
#539 = DIRECTION ( 'NONE',  ( 0.000000000000000000, 2.168404344971012566E-16, -1.000000000000000000 ) ) ;
#540 = DIRECTION ( 'NONE',  ( 0.000000000000000000, -0.000000000000000000, -1.000000000000000000 ) ) ;
#541 = FACE_OUTER_BOUND ( 'NONE', #3373, .T. ) ;
#542 = CYLINDRICAL_SURFACE ( 'NONE', #151, 3.000000000000000444 ) ;
#543 = CARTESIAN_POINT ( 'NONE',  ( -34.92499999999994742, 3.918869757271530460E-16, -3.200000000000000178 ) ) ;
#544 = VECTOR ( 'NONE', #20, 1000.000000000000000 ) ;
#545 = VERTEX_POINT ( 'NONE', #4118 ) ;
#546 = EDGE_CURVE ( 'NONE', #1871, #830, #1681, .T. ) ;
#547 = CARTESIAN_POINT ( 'NONE',  ( -59.71967189238973361, 6.938893903907228378E-15, 4.000000000000000000 ) ) ;
#548 = CYLINDRICAL_SURFACE ( 'NONE', #884, 3.250000000000000000 ) ;
#549 = CARTESIAN_POINT ( 'NONE',  ( -1.599999999999997202, 7.347880794884119736E-16, -6.000000000000000000 ) ) ;
#550 = AXIS2_PLACEMENT_3D ( 'NONE', #4410, #2845, #4380 ) ;
#551 = PRODUCT_DEFINITION_CONTEXT ( 'detailed design', #114, 'design' ) ;
#552 = AXIS2_PLACEMENT_3D ( 'NONE', #1648, #3196, #1170 ) ;
#553 = VECTOR ( 'NONE', #2557, 999.9999999999998863 ) ;
#554 = ORIENTED_EDGE ( 'NONE', *, *, #2681, .T. ) ;
#555 = CARTESIAN_POINT ( 'NONE',  ( -3.000000000000000444, 0.000000000000000000, 0.000000000000000000 ) ) ;
#556 = CIRCLE ( 'NONE', #1286, 4.999999999999999112 ) ;
#557 = AXIS2_PLACEMENT_3D ( 'NONE', #4071, #926, #2442 ) ;
#558 = ORIENTED_EDGE ( 'NONE', *, *, #4573, .T. ) ;
#559 = AXIS2_PLACEMENT_3D ( 'NONE', #82, #1618, #4711 ) ;
#560 = DIRECTION ( 'NONE',  ( 0.000000000000000000, -1.000000000000000000, 0.000000000000000000 ) ) ;
#561 = PRESENTATION_STYLE_ASSIGNMENT (( #4300 ) ) ;
#562 = DIRECTION ( 'NONE',  ( -1.000000000000000000, -0.000000000000000000, -0.000000000000000000 ) ) ;
#563 = DIRECTION ( 'NONE',  ( -0.000000000000000000, -0.000000000000000000, 1.000000000000000000 ) ) ;
#564 = ORIENTED_EDGE ( 'NONE', *, *, #2235, .T. ) ;
#565 = ORIENTED_EDGE ( 'NONE', *, *, #4043, .F. ) ;
#566 = LINE ( 'NONE', #4739, #389 ) ;
#567 = DIRECTION ( 'NONE',  ( 0.000000000000000000, -0.5000000000000009992, 0.8660254037844380415 ) ) ;
#568 = DIRECTION ( 'NONE',  ( 0.000000000000000000, 0.000000000000000000, 1.000000000000000000 ) ) ;
#569 = DIRECTION ( 'NONE',  ( -1.000000000000000000, 0.000000000000000000, 0.000000000000000000 ) ) ;
#570 = CARTESIAN_POINT ( 'NONE',  ( 4.250000000000000888, -4.000000000000003553, 1.000000000000000666 ) ) ;
#571 = PRODUCT_DEFINITION_SHAPE ( 'NONE', 'NONE',  #4994 ) ;
#572 = ORIENTED_EDGE ( 'NONE', *, *, #4406, .T. ) ;
#573 =( REPRESENTATION_RELATIONSHIP ('NONE','NONE', #3347, #3026 ) REPRESENTATION_RELATIONSHIP_WITH_TRANSFORMATION ( #4583 )SHAPE_REPRESENTATION_RELATIONSHIP( ) );
#574 = ORIENTED_EDGE ( 'NONE', *, *, #4852, .F. ) ;
#575 = CARTESIAN_POINT ( 'NONE',  ( 0.4465819873852001076, 2.886751345948122882, -5.000000000000000000 ) ) ;
#576 = CARTESIAN_POINT ( 'NONE',  ( 69.99999999999998579, 60.00000000000001421, 8.000000000000000000 ) ) ;
#577 = VERTEX_POINT ( 'NONE', #4892 ) ;
#578 = ADVANCED_FACE ( 'NONE', ( #1091 ), #2645, .T. ) ;
#579 = DIRECTION ( 'NONE',  ( -1.000000000000000000, -0.000000000000000000, 0.000000000000000000 ) ) ;
#580 = DIRECTION ( 'NONE',  ( 0.000000000000000000, 0.000000000000000000, 1.000000000000000000 ) ) ;
#581 = AXIS2_PLACEMENT_3D ( 'NONE', #2743, #4596, #1121 ) ;
#582 = VERTEX_POINT ( 'NONE', #4164 ) ;
#583 = EDGE_CURVE ( 'NONE', #2106, #1113, #3543, .T. ) ;
#584 = EDGE_CURVE ( 'NONE', #2503, #4238, #3350, .T. ) ;
#585 = DIRECTION ( 'NONE',  ( 0.000000000000000000, -0.000000000000000000, 1.000000000000000000 ) ) ;
#586 = DIRECTION ( 'NONE',  ( 0.000000000000000000, 0.000000000000000000, 1.000000000000000000 ) ) ;
#587 = DIRECTION ( 'NONE',  ( 1.000000000000000000, 0.000000000000000000, 0.000000000000000000 ) ) ;
#588 = FACE_OUTER_BOUND ( 'NONE', #407, .T. ) ;
#589 = ORIENTED_EDGE ( 'NONE', *, *, #349, .F. ) ;
#590 = VERTEX_POINT ( 'NONE', #1052 ) ;
#591 = DIRECTION ( 'NONE',  ( 0.000000000000000000, 0.000000000000000000, 1.000000000000000000 ) ) ;
#592 = PLANE ( 'NONE',  #1501 ) ;
#593 = PLANE ( 'NONE',  #1281 ) ;
#594 = FACE_OUTER_BOUND ( 'NONE', #1975, .T. ) ;
#595 = CARTESIAN_POINT ( 'NONE',  ( -4.999999999999999112, -10.00000000000000355, 8.000000000000000000 ) ) ;
#596 = EDGE_CURVE ( 'NONE', #4377, #4271, #2737, .T. ) ;
#597 = EDGE_LOOP ( 'NONE', ( #445, #62, #907, #2299, #3416, #2031 ) ) ;
#598 = ORIENTED_EDGE ( 'NONE', *, *, #596, .F. ) ;
#599 = CARTESIAN_POINT ( 'NONE',  ( -3.250000000000000000, -22.50000000000000000, 0.000000000000000000 ) ) ;
#600 = LINE ( 'NONE', #3687, #4498 ) ;
#601 = SHAPE_REPRESENTATION ( 'Gripper Pivot Pins', ( #951 ), #2242 ) ;
#602 = EDGE_LOOP ( 'NONE', ( #354, #4916, #1073, #3925, #1629, #961 ) ) ;
#603 = CARTESIAN_POINT ( 'NONE',  ( 742.6134412340975359, 887.7472078030945113, 1328.493958478049763 ) ) ;
#604 = VERTEX_POINT ( 'NONE', #3378 ) ;
#605 = CONICAL_SURFACE ( 'NONE', #1009, 5.000000000000000000, 1.047197551196600296 ) ;
#606 = EDGE_CURVE ( 'NONE', #4780, #3786, #4201, .T. ) ;
#607 = FACE_BOUND ( 'NONE', #1966, .T. ) ;
#608 = PRODUCT_DEFINITION_SHAPE ( 'NONE', 'NONE',  #4513 ) ;
#609 = CARTESIAN_POINT ( 'NONE',  ( 5.000000000000000888, 8.000000000000000000, 8.000000000000000000 ) ) ;
#610 = DIRECTION ( 'NONE',  ( -1.000000000000000000, 0.000000000000000000, -0.000000000000000000 ) ) ;
#611 = CARTESIAN_POINT ( 'NONE',  ( 3.469446951953614189E-15, -7.499999999999999112, 8.000000000000000000 ) ) ;
#612 = AXIS2_PLACEMENT_3D ( 'NONE', #232, #1453, #1779 ) ;
#613 = ORIENTED_EDGE ( 'NONE', *, *, #989, .F. ) ;
#614 = EDGE_CURVE ( 'NONE', #3698, #545, #4190, .T. ) ;
#615 = ORIENTED_EDGE ( 'NONE', *, *, #1046, .T. ) ;
#616 = VECTOR ( 'NONE', #4529, 1000.000000000000000 ) ;
#617 = CARTESIAN_POINT ( 'NONE',  ( 8.000000000000000000, -57.50000000000000000, 8.000000000000000000 ) ) ;
#618 = PRESENTATION_STYLE_ASSIGNMENT (( #2181 ) ) ;
#619 = CARTESIAN_POINT ( 'NONE',  ( 0.000000000000000000, 0.000000000000000000, -2.000000000000000000 ) ) ;
#620 = LINE ( 'NONE', #2158, #4895 ) ;
#621 = EDGE_CURVE ( 'NONE', #4167, #3561, #4439, .T. ) ;
#622 = CARTESIAN_POINT ( 'NONE',  ( 0.1739375980333722760, 3.358985280702820209, 4.182066831946703367 ) ) ;
#623 = CIRCLE ( 'NONE', #1347, 3.250000000000002665 ) ;
#624 = ORIENTED_EDGE ( 'NONE', *, *, #4969, .F. ) ;
#625 = AXIS2_PLACEMENT_3D ( 'NONE', #2872, #949, #2979 ) ;
#626 = LINE ( 'NONE', #2162, #2174 ) ;
#627 = LINE ( 'NONE', #222, #1538 ) ;
#628 = DIRECTION ( 'NONE',  ( 0.000000000000000000, -1.000000000000000000, -1.445602896647339163E-16 ) ) ;
#629 = EDGE_LOOP ( 'NONE', ( #4658, #1332 ) ) ;
#630 = AXIS2_PLACEMENT_3D ( 'NONE', #1022, #4869, #3775 ) ;
#631 = ORIENTED_EDGE ( 'NONE', *, *, #2139, .T. ) ;
#632 = DIRECTION ( 'NONE',  ( 0.000000000000000000, 0.000000000000000000, 1.000000000000000000 ) ) ;
#633 = VERTEX_POINT ( 'NONE', #555 ) ;
#634 = VECTOR ( 'NONE', #2491, 1000.000000000000000 ) ;
#635 = CYLINDRICAL_SURFACE ( 'NONE', #4686, 3.000000000000000444 ) ;
#636 = LINE ( 'NONE', #1382, #2907 ) ;
#637 = AXIS2_PLACEMENT_3D ( 'NONE', #1305, #1363, #4363 ) ;
#638 = DIRECTION ( 'NONE',  ( 0.000000000000000000, 0.000000000000000000, 1.000000000000000000 ) ) ;
#639 =( REPRESENTATION_RELATIONSHIP ('NONE','NONE', #3347, #601 ) REPRESENTATION_RELATIONSHIP_WITH_TRANSFORMATION ( #174 )SHAPE_REPRESENTATION_RELATIONSHIP( ) );
#640 = CIRCLE ( 'NONE', #1843, 3.250000000000000444 ) ;
#641 = EDGE_CURVE ( 'NONE', #786, #192, #556, .T. ) ;
#642 = DIRECTION ( 'NONE',  ( -1.000000000000000000, -0.000000000000000000, -0.000000000000000000 ) ) ;
#643 = VERTEX_POINT ( 'NONE', #1145 ) ;
#644 = ORIENTED_EDGE ( 'NONE', *, *, #4883, .F. ) ;
#645 = VECTOR ( 'NONE', #4372, 1000.000000000000000 ) ;
#646 = PRODUCT_DEFINITION_SHAPE ( 'NONE', 'NONE',  #3759 ) ;
#647 = DIRECTION ( 'NONE',  ( 1.000000000000000000, 0.000000000000000000, 0.000000000000000000 ) ) ;
#648 = DIRECTION ( 'NONE',  ( 4.956352788505161542E-17, 1.000000000000000000, -0.000000000000000000 ) ) ;
#649 = DIRECTION ( 'NONE',  ( 4.956352788505162775E-17, 1.000000000000000000, -0.000000000000000000 ) ) ;
#650 = CARTESIAN_POINT ( 'NONE',  ( 3.469446951953614189E-15, -7.499999999999999112, 0.000000000000000000 ) ) ;
#651 = CARTESIAN_POINT ( 'NONE',  ( 3.499999999999999556, -5.773502691896264416, 0.000000000000000000 ) ) ;
#652 = VECTOR ( 'NONE', #1833, 1000.000000000000000 ) ;
#653 = ORIENTED_EDGE ( 'NONE', *, *, #2681, .F. ) ;
#654 = ADVANCED_FACE ( 'NONE', ( #4018 ), #3472, .T. ) ;
#655 = CARTESIAN_POINT ( 'NONE',  ( 5.000000000000000888, -1.734723475976807094E-15, 1.000000000000000444 ) ) ;
#656 = FACE_OUTER_BOUND ( 'NONE', #208, .T. ) ;
#657 = DIRECTION ( 'NONE',  ( -0.000000000000000000, -0.000000000000000000, 1.000000000000000000 ) ) ;
#658 = VERTEX_POINT ( 'NONE', #2090 ) ;
#659 = DIRECTION ( 'NONE',  ( 0.000000000000000000, 0.000000000000000000, -0.9999999999999998890 ) ) ;
#660 = ORIENTED_EDGE ( 'NONE', *, *, #3268, .T. ) ;
#661 = CIRCLE ( 'NONE', #3564, 5.000000000000000000 ) ;
#662 = DIRECTION ( 'NONE',  ( 0.000000000000000000, 0.000000000000000000, -1.000000000000000000 ) ) ;
#663 = DIRECTION ( 'NONE',  ( 0.000000000000000000, 1.000000000000000000, 2.168404344971012566E-16 ) ) ;
#664 = FACE_OUTER_BOUND ( 'NONE', #3337, .T. ) ;
#665 = EDGE_CURVE ( 'NONE', #130, #1537, #3093, .T. ) ;
#666 = EDGE_LOOP ( 'NONE', ( #4269, #3522 ) ) ;
#667 = EDGE_CURVE ( 'NONE', #2024, #1472, #3510, .T. ) ;
#668 = ORIENTED_EDGE ( 'NONE', *, *, #3953, .F. ) ;
#669 = CARTESIAN_POINT ( 'NONE',  ( 8.000000000000000000, 57.50000000000000000, 8.000000000000000000 ) ) ;
#670 = CARTESIAN_POINT ( 'NONE',  ( 5.000000000000000888, -10.00000000000000178, 0.000000000000000000 ) ) ;
#671 = DIRECTION ( 'NONE',  ( 1.000000000000000000, 0.000000000000000000, 0.000000000000000000 ) ) ;
#672 = EDGE_CURVE ( 'NONE', #4681, #4378, #840, .T. ) ;
#673 = DIRECTION ( 'NONE',  ( -0.000000000000000000, -0.000000000000000000, -1.000000000000000000 ) ) ;
#674 = SURFACE_SIDE_STYLE ('',( #1485 ) ) ;
#675 = EDGE_LOOP ( 'NONE', ( #1014, #4802, #1139, #2604 ) ) ;
#676 = EDGE_CURVE ( 'NONE', #2264, #1666, #1190, .T. ) ;
#677 = FACE_BOUND ( 'NONE', #1710, .T. ) ;
#678 = LINE ( 'NONE', #1077, #2584 ) ;
#679 = DIRECTION ( 'NONE',  ( 9.912705577010325549E-17, -1.000000000000000000, -0.000000000000000000 ) ) ;
#680 = VERTEX_POINT ( 'NONE', #1163 ) ;
#681 = EDGE_LOOP ( 'NONE', ( #1592, #4514 ) ) ;
#682 = DIRECTION ( 'NONE',  ( -5.635769970560826694E-42, -4.119437030781365519E-40, 1.000000000000000000 ) ) ;
#683 = ORIENTED_EDGE ( 'NONE', *, *, #4318, .F. ) ;
#684 = ORIENTED_EDGE ( 'NONE', *, *, #4944, .F. ) ;
#685 = PLANE ( 'NONE',  #4350 ) ;
#686 = CARTESIAN_POINT ( 'NONE',  ( 3.499999999999999556, -2.886751345948135761, -5.000000000000000000 ) ) ;
#687 = EDGE_CURVE ( 'NONE', #162, #1248, #482, .T. ) ;
#688 = EDGE_LOOP ( 'NONE', ( #3560, #739, #4982, #4571 ) ) ;
#689 = ORIENTED_EDGE ( 'NONE', *, *, #134, .F. ) ;
#690 = AXIS2_PLACEMENT_3D ( 'NONE', #263, #1804, #2976 ) ;
#691 = CARTESIAN_POINT ( 'NONE',  ( -3.249999999999996447, 7.500000000000000000, 0.000000000000000000 ) ) ;
#692 = CARTESIAN_POINT ( 'NONE',  ( 0.000000000000000000, 0.000000000000000000, -5.200000000000000178 ) ) ;
#693 = LINE ( 'NONE', #4165, #367 ) ;
#694 = CARTESIAN_POINT ( 'NONE',  ( 4.250000000000000888, -4.000000000000003553, 7.000000000000000000 ) ) ;
#695 = ORIENTED_EDGE ( 'NONE', *, *, #641, .F. ) ;
#696 = AXIS2_PLACEMENT_3D ( 'NONE', #893, #2452, #3970 ) ;
#697 = DIRECTION ( 'NONE',  ( 1.000000000000000000, 0.000000000000000000, 0.000000000000000000 ) ) ;
#698 = CARTESIAN_POINT ( 'NONE',  ( 5.000000000000000888, -10.00000000000000178, 8.000000000000000000 ) ) ;
#699 = AXIS2_PLACEMENT_3D ( 'NONE', #325, #1863, #4197 ) ;
#700 = CARTESIAN_POINT ( 'NONE',  ( -54.82069240682336897, -60.00000000000000711, 0.000000000000000000 ) ) ;
#701 = ORIENTED_EDGE ( 'NONE', *, *, #3114, .T. ) ;
#702 = EDGE_CURVE ( 'NONE', #2667, #3933, #2790, .T. ) ;
#703 = CARTESIAN_POINT ( 'NONE',  ( 0.000000000000000000, 0.000000000000000000, 0.000000000000000000 ) ) ;
#704 = VECTOR ( 'NONE', #799, 1000.000000000000000 ) ;
#705 = EDGE_LOOP ( 'NONE', ( #3008, #3908, #2656, #3061, #2547, #981 ) ) ;
#706 = EDGE_CURVE ( 'NONE', #2802, #4386, #2082, .T. ) ;
#707 = VECTOR ( 'NONE', #2307, 1000.000000000000000 ) ;
#708 = CARTESIAN_POINT ( 'NONE',  ( 692.6134412343790245, 854.2061881403437837, 1328.493958478049763 ) ) ;
#709 = UNCERTAINTY_MEASURE_WITH_UNIT (LENGTH_MEASURE( 1.000000000000000082E-05 ), #3894, 'distance_accuracy_value', 'NONE');
#710 = ORIENTED_EDGE ( 'NONE', *, *, #25, .T. ) ;
#711 = ORIENTED_EDGE ( 'NONE', *, *, #2715, .T. ) ;
#712 = PLANE ( 'NONE',  #3230 ) ;
#713 = DIRECTION ( 'NONE',  ( 1.000000000000000000, 0.000000000000000000, 0.000000000000000000 ) ) ;
#714 = DIRECTION ( 'NONE',  ( -0.000000000000000000, -0.000000000000000000, 1.000000000000000000 ) ) ;
#715 = CIRCLE ( 'NONE', #1191, 3.250000000000002665 ) ;
#716 = ORIENTED_EDGE ( 'NONE', *, *, #1886, .T. ) ;
#717 = AXIS2_PLACEMENT_3D ( 'NONE', #4628, #1861, #3406 ) ;
#718 = PRESENTATION_LAYER_ASSIGNMENT (  '', '', ( #2821 ) ) ;
#719 = FACE_BOUND ( 'NONE', #4020, .T. ) ;
#720 = DIRECTION ( 'NONE',  ( 0.000000000000000000, 0.000000000000000000, 1.000000000000000000 ) ) ;
#721 = DIRECTION ( 'NONE',  ( -1.000000000000000000, 4.956352788505162775E-17, 0.000000000000000000 ) ) ;
#722 = DIRECTION ( 'NONE',  ( 1.000000000000000000, 0.000000000000000000, 0.000000000000000000 ) ) ;
#723 = CARTESIAN_POINT ( 'NONE',  ( 7.000000000000000000, 5.928368314150306517, 5.000000000000000000 ) ) ;
#724 = FACE_OUTER_BOUND ( 'NONE', #2118, .T. ) ;
#725 = ORIENTED_EDGE ( 'NONE', *, *, #3562, .F. ) ;
#726 = AXIS2_PLACEMENT_3D ( 'NONE', #4773, #1310, #2084 ) ;
#727 = CARTESIAN_POINT ( 'NONE',  ( 0.000000000000000000, 0.000000000000000000, 6.000000000000000000 ) ) ;
#728 = PRESENTATION_LAYER_ASSIGNMENT (  '', '', ( #2257 ) ) ;
#729 = CARTESIAN_POINT ( 'NONE',  ( 0.000000000000000000, 0.000000000000000000, 0.000000000000000000 ) ) ;
#730 = CYLINDRICAL_SURFACE ( 'NONE', #2552, 6.000000000000000000 ) ;
#731 = ORIENTED_EDGE ( 'NONE', *, *, #3315, .F. ) ;
#732 = PRODUCT_CONTEXT ( 'NONE', #3504, 'mechanical' ) ;
#733 =( REPRESENTATION_RELATIONSHIP ('NONE','NONE', #3347, #1797 ) REPRESENTATION_RELATIONSHIP_WITH_TRANSFORMATION ( #1589 )SHAPE_REPRESENTATION_RELATIONSHIP( ) );
#734 = EDGE_CURVE ( 'NONE', #4780, #1871, #1533, .T. ) ;
#735 = ORIENTED_EDGE ( 'NONE', *, *, #4016, .F. ) ;
#736 = CARTESIAN_POINT ( 'NONE',  ( -3.000000000000000444, 3.673940397442060361E-16, -5.200000000000000178 ) ) ;
#737 = CARTESIAN_POINT ( 'NONE',  ( -40.00000000000002132, 19.99999999999999645, 8.000000000000000000 ) ) ;
#738 =( NAMED_UNIT ( * ) PLANE_ANGLE_UNIT ( ) SI_UNIT ( $, .RADIAN. ) );
#739 = ORIENTED_EDGE ( 'NONE', *, *, #4289, .T. ) ;
#740 = EDGE_CURVE ( 'NONE', #680, #1472, #4244, .T. ) ;
#741 = FACE_BOUND ( 'NONE', #4556, .T. ) ;
#742 = FACE_OUTER_BOUND ( 'NONE', #2318, .T. ) ;
#743 = SURFACE_STYLE_USAGE ( .BOTH. , #4668 ) ;
#744 = FACE_OUTER_BOUND ( 'NONE', #688, .T. ) ;
#745 = CARTESIAN_POINT ( 'NONE',  ( 3.250000000000003553, -7.499999999999999112, 0.000000000000000000 ) ) ;
#746 = SURFACE_STYLE_USAGE ( .BOTH. , #674 ) ;
#747 = ORIENTED_EDGE ( 'NONE', *, *, #440, .T. ) ;
#748 = ADVANCED_FACE ( 'NONE', ( #4622 ), #1621, .F. ) ;
#749 = LINE ( 'NONE', #1936, #1336 ) ;
#750 = DIRECTION ( 'NONE',  ( 0.000000000000000000, 0.000000000000000000, 1.000000000000000000 ) ) ;
#751 = CARTESIAN_POINT ( 'NONE',  ( 0.4079457818577056361, -5.537975084925943037, -0.3106000600989334837 ) ) ;
#752 = DIRECTION ( 'NONE',  ( 1.000000000000000000, 0.000000000000000000, -0.000000000000000000 ) ) ;
#753 = ORIENTED_EDGE ( 'NONE', *, *, #4318, .T. ) ;
#754 = ORIENTED_EDGE ( 'NONE', *, *, #4781, .T. ) ;
#755 = APPLICATION_PROTOCOL_DEFINITION ( 'draft international standard', 'automotive_design', 1998, #3255 ) ;
#756 = ORIENTED_EDGE ( 'NONE', *, *, #4663, .T. ) ;
#757 = DIRECTION ( 'NONE',  ( 0.000000000000000000, 0.000000000000000000, 1.000000000000000000 ) ) ;
#758 = CARTESIAN_POINT ( 'NONE',  ( 3.469446951953614189E-15, -7.499999999999999112, 0.000000000000000000 ) ) ;
#759 = SHAPE_REPRESENTATION ( 'plain washer normal grade a_iso_Washer ISO 7089 - 6', ( #951 ), #2730 ) ;
#760 = ADVANCED_FACE ( 'NONE', ( #3518 ), #57, .F. ) ;
#761 = EDGE_LOOP ( 'NONE', ( #1025, #4654, #3267, #2351 ) ) ;
#762 = EDGE_CURVE ( 'NONE', #5, #4219, #3708, .T. ) ;
#763 = CARTESIAN_POINT ( 'NONE',  ( -3.250000000000000000, -22.50000000000000000, 8.000000000000000000 ) ) ;
#764 = CARTESIAN_POINT ( 'NONE',  ( -19.99999999999999645, -15.00000000000000000, 8.000000000000000000 ) ) ;
#765 = FACE_BOUND ( 'NONE', #499, .T. ) ;
#766 = DIRECTION ( 'NONE',  ( 0.000000000000000000, 0.000000000000000000, 1.000000000000000000 ) ) ;
#767 = PRODUCT_RELATED_PRODUCT_CATEGORY ( 'part', '', ( #1651 ) ) ;
#768 = DIRECTION ( 'NONE',  ( 1.000000000000000000, 0.000000000000000000, 0.000000000000000000 ) ) ;
#769 = DIRECTION ( 'NONE',  ( 1.000000000000000000, -0.000000000000000000, -0.000000000000000000 ) ) ;
#770 = ORIENTED_EDGE ( 'NONE', *, *, #4937, .F. ) ;
#771 = VECTOR ( 'NONE', #4442, 1000.000000000000000 ) ;
#772 = ADVANCED_FACE ( 'NONE', ( #3261 ), #3866, .F. ) ;
#773 = CARTESIAN_POINT ( 'NONE',  ( -1.653121499799244720, 4.819072548984005167, -0.05140428708382714651 ) ) ;
#774 = CARTESIAN_POINT ( 'NONE',  ( 3.351853367131005346, -3.838309248099021520, 1.226861897102410983E-15 ) ) ;
#775 = LINE ( 'NONE', #1959, #3312 ) ;
#776 = DIRECTION ( 'NONE',  ( 1.000000000000000000, 0.000000000000000000, 0.000000000000000000 ) ) ;
#777 = AXIS2_PLACEMENT_3D ( 'NONE', #2978, #4088, #3330 ) ;
#778 = ORIENTED_EDGE ( 'NONE', *, *, #2697, .F. ) ;
#779 = CIRCLE ( 'NONE', #4584, 4.999999999999999112 ) ;
#780 = ORIENTED_EDGE ( 'NONE', *, *, #3658, .T. ) ;
#781 = CONTEXT_DEPENDENT_SHAPE_REPRESENTATION ( #1698, #2136 ) ;
#782 = CIRCLE ( 'NONE', #3528, 2.500000000000000000 ) ;
#783 = VERTEX_POINT ( 'NONE', #4803 ) ;
#784 = CIRCLE ( 'NONE', #4015, 3.250000000000001776 ) ;
#785 = DIRECTION ( 'NONE',  ( -0.000000000000000000, -0.000000000000000000, -1.000000000000000000 ) ) ;
#786 = VERTEX_POINT ( 'NONE', #4427 ) ;
#787 = CARTESIAN_POINT ( 'NONE',  ( 5.000000000000000000, 2.886751345948126879, -4.699999999999999289 ) ) ;
#788 = DIRECTION ( 'NONE',  ( -0.000000000000000000, -0.000000000000000000, 1.000000000000000000 ) ) ;
#789 = CARTESIAN_POINT ( 'NONE',  ( -34.92499999999994742, 0.000000000000000000, 6.000000000000000000 ) ) ;
#790 = DIRECTION ( 'NONE',  ( -0.000000000000000000, -0.000000000000000000, 1.000000000000000000 ) ) ;
#791 = AXIS2_PLACEMENT_3D ( 'NONE', #2928, #4921, #1460 ) ;
#792 = DIRECTION ( 'NONE',  ( 1.000000000000000000, 0.000000000000000000, 0.000000000000000000 ) ) ;
#793 = PLANE ( 'NONE',  #4263 ) ;
#794 = ORIENTED_EDGE ( 'NONE', *, *, #1852, .F. ) ;
#795 = CONICAL_SURFACE ( 'NONE', #4349, 5.000000000000000000, 1.047197551196596521 ) ;
#796 = CARTESIAN_POINT ( 'NONE',  ( -0.4079457818577072459, 5.537975084925938596, -0.3106000600989313742 ) ) ;
#797 = FACE_BOUND ( 'NONE', #2940, .T. ) ;
#798 = DIRECTION ( 'NONE',  ( 0.000000000000000000, 0.000000000000000000, 1.000000000000000000 ) ) ;
#799 = DIRECTION ( 'NONE',  ( 2.312964634635743943E-16, -1.000000000000000000, -0.000000000000000000 ) ) ;
#800 = AXIS2_PLACEMENT_3D ( 'NONE', #4256, #1117, #4641 ) ;
#801 = CIRCLE ( 'NONE', #3944, 3.499999999999999556 ) ;
#802 = ORIENTED_EDGE ( 'NONE', *, *, #924, .T. ) ;
#803 = EDGE_CURVE ( 'NONE', #1518, #130, #1718, .T. ) ;
#804 = AXIS2_PLACEMENT_3D ( 'NONE', #257, #3740, #4834 ) ;
#805 = EDGE_CURVE ( 'NONE', #179, #1082, #1847, .T. ) ;
#806 = AXIS2_PLACEMENT_3D ( 'NONE', #983, #248, #2652 ) ;
#807 = ORIENTED_EDGE ( 'NONE', *, *, #3679, .F. ) ;
#808 = APPLICATION_PROTOCOL_DEFINITION ( 'draft international standard', 'automotive_design', 1998, #4551 ) ;
#809 = VERTEX_POINT ( 'NONE', #1412 ) ;
#810 = DIRECTION ( 'NONE',  ( -0.000000000000000000, 0.5000000000000012212, 0.8660254037844380415 ) ) ;
#811 = ORIENTED_EDGE ( 'NONE', *, *, #665, .T. ) ;
#812 = ADVANCED_FACE ( 'NONE', ( #1925, #4619 ), #2690, .F. ) ;
#813 = PLANE ( 'NONE',  #3137 ) ;
#814 = LINE ( 'NONE', #4667, #3777 ) ;
#815 = FACE_OUTER_BOUND ( 'NONE', #186, .T. ) ;
#816 = CARTESIAN_POINT ( 'NONE',  ( 4.592054218142292754, 3.122278952918448258, -0.3106000600989293758 ) ) ;
#817 = ADVANCED_FACE ( 'NONE', ( #2280 ), #1969, .T. ) ;
#818 = EDGE_CURVE ( 'NONE', #3175, #130, #2005, .T. ) ;
#819 = DIRECTION ( 'NONE',  ( 0.000000000000000000, 1.000000000000000000, 0.000000000000000000 ) ) ;
#820 = FACE_OUTER_BOUND ( 'NONE', #1981, .T. ) ;
#821 = VERTEX_POINT ( 'NONE', #2954 ) ;
#822 = CIRCLE ( 'NONE', #3332, 4.999999999999999112 ) ;
#823 = EDGE_CURVE ( 'NONE', #4945, #4378, #3469, .T. ) ;
#824 = CARTESIAN_POINT ( 'NONE',  ( 25.00000000000000000, -10.00000000000000178, 3.000000000000000000 ) ) ;
#825 = CARTESIAN_POINT ( 'NONE',  ( 5.000000000000000888, -8.000000000000001776, 0.000000000000000000 ) ) ;
#826 = DIRECTION ( 'NONE',  ( -1.000000000000000000, -0.000000000000000000, 0.000000000000000000 ) ) ;
#827 = CARTESIAN_POINT ( 'NONE',  ( 0.4465819873852007738, 2.886751345948124658, 5.000000000000000000 ) ) ;
#828 = EDGE_LOOP ( 'NONE', ( #1006, #4073, #1988, #668, #217, #3182 ) ) ;
#829 = EDGE_CURVE ( 'NONE', #821, #4167, #1878, .T. ) ;
#830 = VERTEX_POINT ( 'NONE', #2739 ) ;
#831 = APPLICATION_PROTOCOL_DEFINITION ( 'draft international standard', 'automotive_design', 1998, #2278 ) ;
#832 = VERTEX_POINT ( 'NONE', #3417 ) ;
#833 = EDGE_CURVE ( 'NONE', #228, #3505, #1775, .T. ) ;
#834 = EDGE_CURVE ( 'NONE', #3561, #2613, #1500, .T. ) ;
#835 = EDGE_LOOP ( 'NONE', ( #4360, #2485, #3836, #1148, #644, #770 ) ) ;
#836 = CARTESIAN_POINT ( 'NONE',  ( -34.92499999999994742, 0.000000000000000000, 0.000000000000000000 ) ) ;
#837 = EDGE_CURVE ( 'NONE', #1551, #3122, #4353, .T. ) ;
#838 = FACE_OUTER_BOUND ( 'NONE', #2335, .T. ) ;
#839 = DIRECTION ( 'NONE',  ( 0.000000000000000000, 0.000000000000000000, 1.000000000000000000 ) ) ;
#840 = LINE ( 'NONE', #383, #2326 ) ;
#841 = CARTESIAN_POINT ( 'NONE',  ( 4.000000000000000000, 0.000000000000000000, 0.000000000000000000 ) ) ;
#842 = DIRECTION ( 'NONE',  ( 0.000000000000000000, 0.000000000000000000, -1.000000000000000000 ) ) ;
#843 = ORIENTED_EDGE ( 'NONE', *, *, #1410, .F. ) ;
#844 = ORIENTED_EDGE ( 'NONE', *, *, #2619, .T. ) ;
#845 = FACE_OUTER_BOUND ( 'NONE', #3409, .T. ) ;
#846 = DIRECTION ( 'NONE',  ( -1.000000000000000000, -0.000000000000000000, -0.000000000000000000 ) ) ;
#847 = DIRECTION ( 'NONE',  ( 0.000000000000000000, 0.000000000000000000, 1.000000000000000000 ) ) ;
#848 = DIRECTION ( 'NONE',  ( -0.000000000000000000, -0.000000000000000000, 1.000000000000000000 ) ) ;
#849 = VERTEX_POINT ( 'NONE', #4232 ) ;
#850 = EDGE_LOOP ( 'NONE', ( #1080, #2092, #99, #1601 ) ) ;
#851 = VECTOR ( 'NONE', #3802, 1000.000000000000000 ) ;
#852 = DIRECTION ( 'NONE',  ( -1.000000000000000000, -1.734723475976807094E-16, 0.000000000000000000 ) ) ;
#853 = ADVANCED_FACE ( 'NONE', ( #11 ), #813, .F. ) ;
#854 = ITEM_DEFINED_TRANSFORMATION ( 'NONE', 'NONE', #2881,  #951 ) ;
#855 = VECTOR ( 'NONE', #1697, 1000.000000000000000 ) ;
#856 = PRODUCT_RELATED_PRODUCT_CATEGORY ( 'part', '', ( #1854 ) ) ;
#857 = ORIENTED_EDGE ( 'NONE', *, *, #3354, .T. ) ;
#858 = AXIS2_PLACEMENT_3D ( 'NONE', #2912, #4451, #984 ) ;
#859 = VERTEX_POINT ( 'NONE', #4213 ) ;
#860 = CIRCLE ( 'NONE', #4099, 5.000000000000000888 ) ;
#861 = DIRECTION ( 'NONE',  ( -0.000000000000000000, -1.000000000000000000, -0.000000000000000000 ) ) ;
#862 = AXIS2_PLACEMENT_3D ( 'NONE', #365, #3930, #473 ) ;
#863 = DIRECTION ( 'NONE',  ( -1.000000000000000000, -0.000000000000000000, -0.000000000000000000 ) ) ;
#864 = LINE ( 'NONE', #2892, #3595 ) ;
#865 = CARTESIAN_POINT ( 'NONE',  ( 5.000000000000000888, 5.999999999999996447, 1.000000000000000666 ) ) ;
#866 =( NAMED_UNIT ( * ) PLANE_ANGLE_UNIT ( ) SI_UNIT ( $, .RADIAN. ) );
#867 = DIRECTION ( 'NONE',  ( 1.387778780781445182E-16, -1.000000000000000000, 0.000000000000000000 ) ) ;
#868 = ORIENTED_EDGE ( 'NONE', *, *, #4289, .F. ) ;
#869 = CONICAL_SURFACE ( 'NONE', #1519, 5.000000000000000000, 1.047197551196596521 ) ;
#870 = VERTEX_POINT ( 'NONE', #763 ) ;
#871 = DIRECTION ( 'NONE',  ( 0.000000000000000000, -1.000000000000000000, 0.000000000000000000 ) ) ;
#872 = CARTESIAN_POINT ( 'NONE',  ( -2.712167343862819102, -4.207632145829750314, 1.592421940838085032E-15 ) ) ;
#873 = PLANE ( 'NONE',  #1374 ) ;
#874 = DIRECTION ( 'NONE',  ( -0.000000000000000000, -0.000000000000000000, 1.000000000000000000 ) ) ;
#875 = PLANE ( 'NONE',  #219 ) ;
#876 = ORIENTED_EDGE ( 'NONE', *, *, #2073, .F. ) ;
#877 = AXIS2_PLACEMENT_3D ( 'NONE', #3402, #722, #3420 ) ;
#878 = EDGE_LOOP ( 'NONE', ( #3480, #1968, #3556, #3783 ) ) ;
#879 = AXIS2_PLACEMENT_3D ( 'NONE', #1950, #2670, #3847 ) ;
#880 = CARTESIAN_POINT ( 'NONE',  ( 4.250000000000000888, 4.999999999999998224, 1.000000000000000444 ) ) ;
#881 = EDGE_CURVE ( 'NONE', #1716, #4271, #1160, .T. ) ;
#882 = ADVANCED_FACE ( 'NONE', ( #3821 ), #3873, .T. ) ;
#883 = AXIS2_PLACEMENT_3D ( 'NONE', #2643, #1530, #3039 ) ;
#884 = AXIS2_PLACEMENT_3D ( 'NONE', #3281, #2052, #3605 ) ;
#885 = VERTEX_POINT ( 'NONE', #1949 ) ;
#886 =( GEOMETRIC_REPRESENTATION_CONTEXT ( 3 ) GLOBAL_UNCERTAINTY_ASSIGNED_CONTEXT ( ( #4755 ) ) GLOBAL_UNIT_ASSIGNED_CONTEXT ( ( #3751, #1076, #2677 ) ) REPRESENTATION_CONTEXT ( 'NONE', 'WORKASPACE' ) );
#887 = SHAPE_REPRESENTATION_RELATIONSHIP ( 'NONE' , 'NONE' ,  #759, #4558 ) ;
#888 = ORIENTED_EDGE ( 'NONE', *, *, #834, .T. ) ;
#889 = EDGE_CURVE ( 'NONE', #1771, #492, #2352, .T. ) ;
#890 = DIRECTION ( 'NONE',  ( 0.000000000000000000, 0.000000000000000000, -1.000000000000000000 ) ) ;
#891 = PRODUCT_DEFINITION_SHAPE ( 'NONE', 'NONE',  #5002 ) ;
#892 = CARTESIAN_POINT ( 'NONE',  ( 0.000000000000000000, 5.928368314150303853, 5.000000000000000000 ) ) ;
#893 = CARTESIAN_POINT ( 'NONE',  ( 5.000000000000000888, -10.00000000000000178, 8.000000000000000000 ) ) ;
#894 = CARTESIAN_POINT ( 'NONE',  ( -3.351853367131005346, 3.838309248099017523, 3.260566022354907550E-15 ) ) ;
#895 = VERTEX_POINT ( 'NONE', #3896 ) ;
#896 = ORIENTED_EDGE ( 'NONE', *, *, #4477, .T. ) ;
#897 = CARTESIAN_POINT ( 'NONE',  ( -1.791474683442844724E-16, 0.4887495715076938252, 4.999999999999999112 ) ) ;
#898 = CARTESIAN_POINT ( 'NONE',  ( -59.71967189238973361, 60.00000000000002132, 4.000000000000000000 ) ) ;
#899 = CARTESIAN_POINT ( 'NONE',  ( -30.00000000000001421, 60.00000000000002842, 8.000000000000000000 ) ) ;
#900 = CARTESIAN_POINT ( 'NONE',  ( 43.25000000000000000, 20.00000000000001066, 0.000000000000000000 ) ) ;
#901 = CARTESIAN_POINT ( 'NONE',  ( 4.250000000000000888, 5.000000000000000000, 0.000000000000000000 ) ) ;
#902 = ORIENTED_EDGE ( 'NONE', *, *, #3207, .T. ) ;
#903 = ADVANCED_FACE ( 'NONE', ( #741, #3489, #30, #719, #1572 ), #2258, .F. ) ;
#904 = VERTEX_POINT ( 'NONE', #1668 ) ;
#905 = CARTESIAN_POINT ( 'NONE',  ( 0.1983443223721561011, 3.359771601077103931, -4.180704885107414448 ) ) ;
#906 = CYLINDRICAL_SURFACE ( 'NONE', #1430, 3.000000000000000444 ) ;
#907 = ORIENTED_EDGE ( 'NONE', *, *, #24, .T. ) ;
#908 = ORIENTED_EDGE ( 'NONE', *, *, #53, .T. ) ;
#909 = DIRECTION ( 'NONE',  ( 0.000000000000000000, -1.000000000000000000, 0.000000000000000000 ) ) ;
#910 = CARTESIAN_POINT ( 'NONE',  ( -5.000000000000000000, -2.886751345948130432, -5.200000000000000178 ) ) ;
#911 = CYLINDRICAL_SURFACE ( 'NONE', #4248, 2.500000000000000000 ) ;
#912 = FACE_OUTER_BOUND ( 'NONE', #1675, .T. ) ;
#913 = DIRECTION ( 'NONE',  ( -0.000000000000000000, -0.000000000000000000, 1.000000000000000000 ) ) ;
#914 = ADVANCED_FACE ( 'NONE', ( #3614 ), #1318, .F. ) ;
#915 = VERTEX_POINT ( 'NONE', #1213 ) ;
#916 = ORIENTED_EDGE ( 'NONE', *, *, #1034, .F. ) ;
#917 = PRODUCT_DEFINITION ( 'UNKNOWN', '', #1664, #45 ) ;
#918 = CARTESIAN_POINT ( 'NONE',  ( -3.250000000000001776, -39.07163168584969526, 5.000000000000000000 ) ) ;
#919 = CARTESIAN_POINT ( 'NONE',  ( 0.000000000000000000, 0.000000000000000000, 0.000000000000000000 ) ) ;
#920 = CARTESIAN_POINT ( 'NONE',  ( 0.000000000000000000, 4.330127018922190096, -2.500000000000006217 ) ) ;
#921 = CARTESIAN_POINT ( 'NONE',  ( -3.000000000000000000, 3.673940397442059868E-16, -3.469446951953614189E-15 ) ) ;
#922 = CARTESIAN_POINT ( 'NONE',  ( 8.000000000000000000, -57.50000000000000000, 8.000000000000000000 ) ) ;
#923 = EDGE_LOOP ( 'NONE', ( #3448, #844, #3650, #2079, #710, #2201 ) ) ;
#924 = EDGE_CURVE ( 'NONE', #3935, #1776, #2429, .T. ) ;
#925 = VERTEX_POINT ( 'NONE', #3991 ) ;
#926 = DIRECTION ( 'NONE',  ( -1.000000000000000000, -0.000000000000000000, -0.000000000000000000 ) ) ;
#927 = DIRECTION ( 'NONE',  ( 0.000000000000000000, 0.000000000000000000, 1.000000000000000000 ) ) ;
#928 = ORIENTED_EDGE ( 'NONE', *, *, #1930, .T. ) ;
#929 = ADVANCED_BREP_SHAPE_REPRESENTATION ( '', ( #1635, #951 ), #1594 ) ;
#930 = DIRECTION ( 'NONE',  ( 1.000000000000000000, 0.000000000000000000, 0.000000000000000000 ) ) ;
#931 = CIRCLE ( 'NONE', #3514, 3.000000000000000444 ) ;
#932 = CONICAL_SURFACE ( 'NONE', #2137, 2.449999999999999289, 0.9599310885968851403 ) ;
#933 = EDGE_LOOP ( 'NONE', ( #3664, #3531, #2829, #1211 ) ) ;
#934 = DIRECTION ( 'NONE',  ( 0.000000000000000000, 0.000000000000000000, 1.000000000000000000 ) ) ;
#935 = AXIS2_PLACEMENT_3D ( 'NONE', #2957, #1335, #1311 ) ;
#936 =( LENGTH_UNIT ( ) NAMED_UNIT ( * ) SI_UNIT ( .MILLI., .METRE. ) );
#937 = PLANE ( 'NONE',  #696 ) ;
#938 = FILL_AREA_STYLE ('',( #1321 ) ) ;
#939 = CARTESIAN_POINT ( 'NONE',  ( 3.000000000000000888, -8.000000000000001776, 8.000000000000000000 ) ) ;
#940 = VERTEX_POINT ( 'NONE', #3183 ) ;
#941 = ORIENTED_EDGE ( 'NONE', *, *, #3128, .F. ) ;
#942 =( GEOMETRIC_REPRESENTATION_CONTEXT ( 3 ) GLOBAL_UNCERTAINTY_ASSIGNED_CONTEXT ( ( #4155 ) ) GLOBAL_UNIT_ASSIGNED_CONTEXT ( ( #4116, #262, #2948 ) ) REPRESENTATION_CONTEXT ( 'NONE', 'WORKASPACE' ) );
#943 = VECTOR ( 'NONE', #168, 1000.000000000000000 ) ;
#944 = EDGE_CURVE ( 'NONE', #400, #1269, #3784, .T. ) ;
#945 = CARTESIAN_POINT ( 'NONE',  ( 0.3117969352650135639, 2.419842229202155082, 5.000000000000000000 ) ) ;
#946 = LINE ( 'NONE', #2900, #1249 ) ;
#947 = CARTESIAN_POINT ( 'NONE',  ( 3.000000000000000444, 3.673940397442060361E-16, 16.00000000000000000 ) ) ;
#948 = DIRECTION ( 'NONE',  ( 1.000000000000000000, 0.000000000000000000, 0.000000000000000000 ) ) ;
#949 = DIRECTION ( 'NONE',  ( 0.000000000000000000, 0.000000000000000000, 1.000000000000000000 ) ) ;
#950 = ORIENTED_EDGE ( 'NONE', *, *, #2655, .T. ) ;
#951 = AXIS2_PLACEMENT_3D ( 'NONE', #278, #3371, #3768 ) ;
#952 = EDGE_CURVE ( 'NONE', #1220, #3621, #4121, .T. ) ;
#953 = LINE ( 'NONE', #2466, #323 ) ;
#954 = LINE ( 'NONE', #4368, #4126 ) ;
#955 = DIRECTION ( 'NONE',  ( 0.000000000000000000, 1.445602896647339163E-16, -1.000000000000000000 ) ) ;
#956 = STYLED_ITEM ( 'NONE', ( #2488 ), #1198 ) ;
#957 = EDGE_CURVE ( 'NONE', #821, #3561, #2838, .T. ) ;
#958 = EDGE_CURVE ( 'NONE', #2549, #4276, #2860, .T. ) ;
#959 = VECTOR ( 'NONE', #3732, 1000.000000000000000 ) ;
#960 = PRESENTATION_LAYER_ASSIGNMENT (  '', '', ( #4754 ) ) ;
#961 = ORIENTED_EDGE ( 'NONE', *, *, #583, .T. ) ;
#962 = VECTOR ( 'NONE', #2597, 1000.000000000000000 ) ;
#963 = CARTESIAN_POINT ( 'NONE',  ( 0.000000000000000000, 0.000000000000000000, -0.3851141460153411078 ) ) ;
#964 = VECTOR ( 'NONE', #3090, 1000.000000000000000 ) ;
#965 = VECTOR ( 'NONE', #4169, 1000.000000000000000 ) ;
#966 = ORIENTED_EDGE ( 'NONE', *, *, #2255, .F. ) ;
#967 = EDGE_CURVE ( 'NONE', #4964, #4202, #3565, .T. ) ;
#968 = CARTESIAN_POINT ( 'NONE',  ( 0.04201760816084264966, -0.9730571234389052693, -5.000000000000000888 ) ) ;
#969 = PLANE ( 'NONE',  #2988 ) ;
#970 = CARTESIAN_POINT ( 'NONE',  ( 0.000000000000000000, 0.000000000000000000, -5.200000000000000178 ) ) ;
#971 = SURFACE_SIDE_STYLE ('',( #127 ) ) ;
#972 = DIRECTION ( 'NONE',  ( 0.000000000000000000, 0.000000000000000000, -1.000000000000000000 ) ) ;
#973 = ORIENTED_EDGE ( 'NONE', *, *, #3877, .T. ) ;
#974 = EDGE_CURVE ( 'NONE', #3791, #2708, #486, .T. ) ;
#975 = EDGE_LOOP ( 'NONE', ( #684, #1124, #2212, #1457 ) ) ;
#976 = DIRECTION ( 'NONE',  ( -0.000000000000000000, 1.445602896647339163E-16, -1.000000000000000000 ) ) ;
#977 = DIRECTION ( 'NONE',  ( -0.000000000000000000, -0.000000000000000000, 1.000000000000000000 ) ) ;
#978 = DIRECTION ( 'NONE',  ( 0.000000000000000000, -1.000000000000000000, 0.000000000000000000 ) ) ;
#979 = CARTESIAN_POINT ( 'NONE',  ( 5.000000000000000888, 9.999999999999998224, 8.000000000000000000 ) ) ;
#980 = DIRECTION ( 'NONE',  ( -1.000000000000000000, 0.000000000000000000, 0.000000000000000000 ) ) ;
#981 = ORIENTED_EDGE ( 'NONE', *, *, #4859, .F. ) ;
#982 = ORIENTED_EDGE ( 'NONE', *, *, #1813, .T. ) ;
#983 = CARTESIAN_POINT ( 'NONE',  ( 0.000000000000000000, -47.50000000000000000, 0.000000000000000000 ) ) ;
#984 = DIRECTION ( 'NONE',  ( 1.000000000000000000, 0.000000000000000000, 0.000000000000000000 ) ) ;
#985 = EDGE_CURVE ( 'NONE', #4371, #680, #4850, .T. ) ;
#986 = ORIENTED_EDGE ( 'NONE', *, *, #2370, .F. ) ;
#987 = CARTESIAN_POINT ( 'NONE',  ( 742.6134412343792519, 912.7472078030933744, 1305.893958478049854 ) ) ;
#988 = VERTEX_POINT ( 'NONE', #123 ) ;
#989 = EDGE_CURVE ( 'NONE', #273, #4456, #4759, .T. ) ;
#990 = EDGE_CURVE ( 'NONE', #3246, #1094, #4731, .T. ) ;
#991 = CARTESIAN_POINT ( 'NONE',  ( -34.92499999999994742, 0.000000000000000000, 0.000000000000000000 ) ) ;
#992 = DIRECTION ( 'NONE',  ( -1.000000000000000000, -0.000000000000000000, -0.000000000000000000 ) ) ;
#993 =( REPRESENTATION_RELATIONSHIP ('NONE','NONE', #3347, #250 ) REPRESENTATION_RELATIONSHIP_WITH_TRANSFORMATION ( #424 )SHAPE_REPRESENTATION_RELATIONSHIP( ) );
#994 = LINE ( 'NONE', #2531, #4795 ) ;
#995 = EDGE_LOOP ( 'NONE', ( #4796, #4251, #4688 ) ) ;
#996 = ORIENTED_EDGE ( 'NONE', *, *, #4329, .F. ) ;
#997 = DIRECTION ( 'NONE',  ( 1.000000000000000000, -0.000000000000000000, 0.000000000000000000 ) ) ;
#998 = LINE ( 'NONE', #2536, #449 ) ;
#999 = DIRECTION ( 'NONE',  ( 1.000000000000000000, 0.000000000000000000, -0.000000000000000000 ) ) ;
#1000 = LINE ( 'NONE', #243, #2008 ) ;
#1001 = CARTESIAN_POINT ( 'NONE',  ( 39.99999999999999289, 20.00000000000001066, 8.000000000000000000 ) ) ;
#1002 = ORIENTED_EDGE ( 'NONE', *, *, #958, .F. ) ;
#1003 = DIRECTION ( 'NONE',  ( -1.000000000000000000, -1.301042606982605321E-16, 0.000000000000000000 ) ) ;
#1004 = CARTESIAN_POINT ( 'NONE',  ( -4.999999999999999112, 0.4881033300985030410, -4.573977915173220598E-17 ) ) ;
#1005 = CARTESIAN_POINT ( 'NONE',  ( 4.250000000000000888, -1.734723475976807094E-15, 1.000000000000000444 ) ) ;
#1006 = ORIENTED_EDGE ( 'NONE', *, *, #4648, .F. ) ;
#1007 = UNCERTAINTY_MEASURE_WITH_UNIT (LENGTH_MEASURE( 1.000000000000000082E-05 ), #3647, 'distance_accuracy_value', 'NONE');
#1008 = ORIENTED_EDGE ( 'NONE', *, *, #4186, .F. ) ;
#1009 = AXIS2_PLACEMENT_3D ( 'NONE', #4845, #3625, #1729 ) ;
#1010 = SURFACE_STYLE_USAGE ( .BOTH. , #4480 ) ;
#1011 = CARTESIAN_POINT ( 'NONE',  ( 3.000000000000000444, 3.673940397442059868E-16, 13.00000000000000000 ) ) ;
#1012 = DIRECTION ( 'NONE',  ( 0.000000000000000000, 0.000000000000000000, 1.000000000000000000 ) ) ;
#1013 = CIRCLE ( 'NONE', #3839, 3.000000000000000000 ) ;
#1014 = ORIENTED_EDGE ( 'NONE', *, *, #3642, .F. ) ;
#1015 = EDGE_LOOP ( 'NONE', ( #3134, #3717, #520 ) ) ;
#1016 = CIRCLE ( 'NONE', #3914, 5.000000000000000888 ) ;
#1017 = AXIS2_PLACEMENT_3D ( 'NONE', #352, #500, #3795 ) ;
#1018 = CARTESIAN_POINT ( 'NONE',  ( 25.00000000000000000, -10.00000000000000178, 0.000000000000000000 ) ) ;
#1019 = DIRECTION ( 'NONE',  ( -1.000000000000000000, -9.912705577010325549E-17, 0.000000000000000000 ) ) ;
#1020 = DIRECTION ( 'NONE',  ( -0.000000000000000000, -0.000000000000000000, -1.000000000000000000 ) ) ;
#1021 = DIRECTION ( 'NONE',  ( -0.000000000000000000, -0.000000000000000000, 1.000000000000000000 ) ) ;
#1022 = CARTESIAN_POINT ( 'NONE',  ( 4.250000000000000000, 0.000000000000000000, 0.000000000000000000 ) ) ;
#1023 = CLOSED_SHELL ( 'NONE', ( #4632, #2145, #290, #817, #3284, #3022, #1860, #423, #2762, #207, #3819, #163, #1887, #4047, #427, #914, #3136, #2996, #447, #1242, #4424, #4261, #1929, #2477, #2908, #2409, #2369, #1331, #1721 ) ) ;
#1024 = AXIS2_PLACEMENT_3D ( 'NONE', #3655, #1307, #4848 ) ;
#1025 = ORIENTED_EDGE ( 'NONE', *, *, #2837, .T. ) ;
#1026 = CARTESIAN_POINT ( 'NONE',  ( 20.00000000000000355, -14.99999999999999467, 0.000000000000000000 ) ) ;
#1027 = TOROIDAL_SURFACE ( 'NONE', #630, 3.250000000000000444, 0.2500000000000000000 ) ;
#1028 = EDGE_LOOP ( 'NONE', ( #1079, #3750, #3769, #328 ) ) ;
#1029 = CARTESIAN_POINT ( 'NONE',  ( 0.4465819873851990529, -2.886751345948121106, 4.999999999999999112 ) ) ;
#1030 = FACE_OUTER_BOUND ( 'NONE', #1891, .T. ) ;
#1031 = ORIENTED_EDGE ( 'NONE', *, *, #297, .T. ) ;
#1032 = EDGE_LOOP ( 'NONE', ( #1465, #3887, #2746 ) ) ;
#1033 = EDGE_CURVE ( 'NONE', #2033, #582, #1923, .T. ) ;
#1034 = EDGE_CURVE ( 'NONE', #1916, #2980, #1207, .T. ) ;
#1035 = APPLICATION_PROTOCOL_DEFINITION ( 'draft international standard', 'automotive_design', 1998, #3927 ) ;
#1036 = ORIENTED_EDGE ( 'NONE', *, *, #3877, .F. ) ;
#1037 = AXIS2_PLACEMENT_3D ( 'NONE', #2824, #19, #2360 ) ;
#1038 = MECHANICAL_DESIGN_GEOMETRIC_PRESENTATION_REPRESENTATION (  '', ( #956 ), #3382 ) ;
#1039 = CARTESIAN_POINT ( 'NONE',  ( -7.000000000000000000, -39.07163168584969526, 5.000000000000000000 ) ) ;
#1040 = PRESENTATION_STYLE_ASSIGNMENT (( #307 ) ) ;
#1041 = AXIS2_PLACEMENT_3D ( 'NONE', #1597, #3141, #4691 ) ;
#1042 = CARTESIAN_POINT ( 'NONE',  ( 28.44549999999999557, 0.000000000000000000, 3.000000000000000000 ) ) ;
#1043 = AXIS2_PLACEMENT_3D ( 'NONE', #4593, #4690, #720 ) ;
#1044 = CARTESIAN_POINT ( 'NONE',  ( 0.3106000600989257121, -3.122278952918441153, 4.592054218142290978 ) ) ;
#1045 = VERTEX_POINT ( 'NONE', #3242 ) ;
#1046 = EDGE_CURVE ( 'NONE', #2254, #3278, #4782, .T. ) ;
#1047 = VERTEX_POINT ( 'NONE', #4398 ) ;
#1048 = CIRCLE ( 'NONE', #1690, 3.000000000000000000 ) ;
#1049 = CIRCLE ( 'NONE', #2738, 4.999999999999997335 ) ;
#1050 = LINE ( 'NONE', #1431, #4680 ) ;
#1051 = LINE ( 'NONE', #4922, #851 ) ;
#1052 = CARTESIAN_POINT ( 'NONE',  ( -3.000000000000000444, 0.000000000000000000, 0.000000000000000000 ) ) ;
#1053 = LINE ( 'NONE', #3748, #3191 ) ;
#1054 = CARTESIAN_POINT ( 'NONE',  ( 0.000000000000000000, 0.000000000000000000, 0.000000000000000000 ) ) ;
#1055 = ORIENTED_EDGE ( 'NONE', *, *, #4130, .F. ) ;
#1056 = CARTESIAN_POINT ( 'NONE',  ( -5.000000000000000000, -0.9724665692850867904, -0.04193043885209655347 ) ) ;
#1057 = CARTESIAN_POINT ( 'NONE',  ( 3.469446951953614189E-15, 7.500000000000000000, 0.000000000000000000 ) ) ;
#1058 = FACE_OUTER_BOUND ( 'NONE', #3649, .T. ) ;
#1059 = ADVANCED_FACE ( 'NONE', ( #54 ), #2763, .T. ) ;
#1060 = EDGE_LOOP ( 'NONE', ( #1055, #908, #2321, #4590 ) ) ;
#1061 = ORIENTED_EDGE ( 'NONE', *, *, #2157, .F. ) ;
#1062 = DIRECTION ( 'NONE',  ( -1.000000000000000000, 0.000000000000000000, 0.000000000000000000 ) ) ;
#1063 = DIRECTION ( 'NONE',  ( 1.000000000000000000, 0.000000000000000000, 0.000000000000000000 ) ) ;
#1064 = CARTESIAN_POINT ( 'NONE',  ( 5.000000000000000000, 0.000000000000000000, 0.000000000000000000 ) ) ;
#1065 = CARTESIAN_POINT ( 'NONE',  ( 0.000000000000000000, 0.000000000000000000, 0.000000000000000000 ) ) ;
#1066 = ORIENTED_EDGE ( 'NONE', *, *, #2295, .T. ) ;
#1067 = EDGE_LOOP ( 'NONE', ( #1708, #185, #3145 ) ) ;
#1068 = DIRECTION ( 'NONE',  ( 0.000000000000000000, -0.5000000000000012212, -0.8660254037844380415 ) ) ;
#1069 = DIRECTION ( 'NONE',  ( 1.000000000000000000, 2.312964634635744929E-16, 0.000000000000000000 ) ) ;
#1070 = EDGE_CURVE ( 'NONE', #809, #870, #3229, .T. ) ;
#1071 = CARTESIAN_POINT ( 'NONE',  ( 43.25000000000000000, 20.00000000000001066, 8.000000000000000000 ) ) ;
#1072 = PLANE ( 'NONE',  #61 ) ;
#1073 = ORIENTED_EDGE ( 'NONE', *, *, #818, .T. ) ;
#1074 = VECTOR ( 'NONE', #1351, 1000.000000000000000 ) ;
#1075 = EDGE_CURVE ( 'NONE', #4231, #4881, #2993, .T. ) ;
#1076 =( NAMED_UNIT ( * ) PLANE_ANGLE_UNIT ( ) SI_UNIT ( $, .RADIAN. ) );
#1077 = CARTESIAN_POINT ( 'NONE',  ( -2.449999999999999289, 3.000384657911014877E-16, -0.3851141460153411078 ) ) ;
#1078 = CYLINDRICAL_SURFACE ( 'NONE', #530, 3.000000000000000444 ) ;
#1079 = ORIENTED_EDGE ( 'NONE', *, *, #4472, .F. ) ;
#1080 = ORIENTED_EDGE ( 'NONE', *, *, #1259, .T. ) ;
#1081 = DIRECTION ( 'NONE',  ( 0.000000000000000000, 0.000000000000000000, -1.000000000000000000 ) ) ;
#1082 = VERTEX_POINT ( 'NONE', #1264 ) ;
#1083 =( REPRESENTATION_RELATIONSHIP ('NONE','NONE', #3347, #2272 ) REPRESENTATION_RELATIONSHIP_WITH_TRANSFORMATION ( #2366 )SHAPE_REPRESENTATION_RELATIONSHIP( ) );
#1084 = EDGE_LOOP ( 'NONE', ( #2169, #1409, #4253, #2654, #371, #3211 ) ) ;
#1085 = CARTESIAN_POINT ( 'NONE',  ( 5.000000000000000888, -5.000000000000001776, 1.000000000000000444 ) ) ;
#1086 = CARTESIAN_POINT ( 'NONE',  ( -29.58257569495585315, -10.00000000000000888, 5.000000000000000000 ) ) ;
#1087 = ORIENTED_EDGE ( 'NONE', *, *, #641, .T. ) ;
#1088 = STYLED_ITEM ( 'NONE', ( #1189 ), #3400 ) ;
#1089 = DIRECTION ( 'NONE',  ( -0.000000000000000000, -0.000000000000000000, 1.000000000000000000 ) ) ;
#1090 =( NAMED_UNIT ( * ) PLANE_ANGLE_UNIT ( ) SI_UNIT ( $, .RADIAN. ) );
#1091 = FACE_OUTER_BOUND ( 'NONE', #1028, .T. ) ;
#1092 = CARTESIAN_POINT ( 'NONE',  ( 5.000000000000000888, 4.999999999999998224, 1.000000000000000444 ) ) ;
#1093 = CARTESIAN_POINT ( 'NONE',  ( -13.24999999999999645, 3.980102097228897245E-16, 0.000000000000000000 ) ) ;
#1094 = VERTEX_POINT ( 'NONE', #1039 ) ;
#1095 = CIRCLE ( 'NONE', #3918, 3.249999999999999556 ) ;
#1096 = EDGE_CURVE ( 'NONE', #1491, #87, #3393, .T. ) ;
#1097 = LINE ( 'NONE', #1540, #4433 ) ;
#1098 = LINE ( 'NONE', #1791, #2088 ) ;
#1099 = AXIS2_PLACEMENT_3D ( 'NONE', #1005, #2500, #955 ) ;
#1100 = DIRECTION ( 'NONE',  ( 1.000000000000000000, 0.000000000000000000, 0.000000000000000000 ) ) ;
#1101 = VERTEX_POINT ( 'NONE', #4157 ) ;
#1102 = EDGE_CURVE ( 'NONE', #3464, #2194, #2087, .T. ) ;
#1103 = CIRCLE ( 'NONE', #4255, 3.250000000000002665 ) ;
#1104 = CIRCLE ( 'NONE', #2808, 5.000000000000000000 ) ;
#1105 = ORIENTED_EDGE ( 'NONE', *, *, #1487, .F. ) ;
#1106 = ADVANCED_FACE ( 'NONE', ( #4077 ), #635, .T. ) ;
#1107 = VECTOR ( 'NONE', #4059, 1000.000000000000000 ) ;
#1108 = ITEM_DEFINED_TRANSFORMATION ( 'NONE', 'NONE', #2472,  #951 ) ;
#1109 = VERTEX_POINT ( 'NONE', #3644 ) ;
#1110 = DIRECTION ( 'NONE',  ( 0.000000000000000000, -1.000000000000000000, 0.000000000000000000 ) ) ;
#1111 = CARTESIAN_POINT ( 'NONE',  ( -6.776263578034399631E-18, 0.4887495715076928815, -5.000000000000000000 ) ) ;
#1112 = VECTOR ( 'NONE', #4257, 1000.000000000000000 ) ;
#1113 = VERTEX_POINT ( 'NONE', #1820 ) ;
#1114 = ADVANCED_FACE ( 'NONE', ( #4055, #1345, #607, #4457 ), #1799, .F. ) ;
#1115 = CIRCLE ( 'NONE', #3943, 3.250000000000000000 ) ;
#1116 = AXIS2_PLACEMENT_3D ( 'NONE', #2147, #231, #2609 ) ;
#1117 = DIRECTION ( 'NONE',  ( 0.000000000000000000, 0.000000000000000000, 1.000000000000000000 ) ) ;
#1118 = DIRECTION ( 'NONE',  ( -1.000000000000000000, 0.000000000000000000, 0.000000000000000000 ) ) ;
#1119 = CARTESIAN_POINT ( 'NONE',  ( 0.000000000000000000, 0.000000000000000000, 0.000000000000000000 ) ) ;
#1120 = CARTESIAN_POINT ( 'NONE',  ( 4.000000000000000000, 2.886751345948122882, -5.000000000000000000 ) ) ;
#1121 = DIRECTION ( 'NONE',  ( 1.000000000000000000, 0.000000000000000000, 0.000000000000000000 ) ) ;
#1122 = DIRECTION ( 'NONE',  ( -0.000000000000000000, -0.000000000000000000, 1.000000000000000000 ) ) ;
#1123 = AXIS2_PLACEMENT_3D ( 'NONE', #3139, #934, #1595 ) ;
#1124 = ORIENTED_EDGE ( 'NONE', *, *, #2834, .F. ) ;
#1125 = VECTOR ( 'NONE', #4292, 1000.000000000000114 ) ;
#1126 = LINE ( 'NONE', #1508, #4171 ) ;
#1127 = CARTESIAN_POINT ( 'NONE',  ( -5.000000000000000000, 0.000000000000000000, 0.000000000000000000 ) ) ;
#1128 = CARTESIAN_POINT ( 'NONE',  ( 0.000000000000000000, 0.000000000000000000, -5.200000000000000178 ) ) ;
#1129 = FACE_OUTER_BOUND ( 'NONE', #199, .T. ) ;
#1130 = PRODUCT_DEFINITION_SHAPE ( 'NONE', 'NONE',  #3027 ) ;
#1131 = ORIENTED_EDGE ( 'NONE', *, *, #1819, .T. ) ;
#1132 = VERTEX_POINT ( 'NONE', #3341 ) ;
#1133 = EDGE_CURVE ( 'NONE', #1220, #2033, #1048, .T. ) ;
#1134 = SHAPE_DEFINITION_REPRESENTATION ( #608, #1797 ) ;
#1135 = EDGE_CURVE ( 'NONE', #3325, #2708, #2505, .T. ) ;
#1136 = ORIENTED_EDGE ( 'NONE', *, *, #2216, .F. ) ;
#1137 = DIRECTION ( 'NONE',  ( 0.000000000000000000, 0.000000000000000000, 1.000000000000000000 ) ) ;
#1138 = DIRECTION ( 'NONE',  ( 1.000000000000000000, 0.000000000000000000, 0.000000000000000000 ) ) ;
#1139 = ORIENTED_EDGE ( 'NONE', *, *, #321, .T. ) ;
#1140 = EDGE_CURVE ( 'NONE', #3933, #4728, #4135, .T. ) ;
#1141 = AXIS2_PLACEMENT_3D ( 'NONE', #3073, #1994, #3519 ) ;
#1142 = DIRECTION ( 'NONE',  ( -0.8660254037844382635, 0.5000000000000005551, 0.000000000000000000 ) ) ;
#1143 = DIRECTION ( 'NONE',  ( -1.000000000000000000, 0.000000000000000000, 0.000000000000000000 ) ) ;
#1144 = DIRECTION ( 'NONE',  ( -1.000000000000000000, 0.000000000000000000, 0.000000000000000000 ) ) ;
#1145 = CARTESIAN_POINT ( 'NONE',  ( -3.499999999999999556, -49.89999999999999858, 0.000000000000000000 ) ) ;
#1146 = CARTESIAN_POINT ( 'NONE',  ( 8.000000000000000000, 57.50000000000000000, 0.000000000000000000 ) ) ;
#1147 = CARTESIAN_POINT ( 'NONE',  ( 0.08165819712376959361, 4.939961795957295010, 1.443735181952768842 ) ) ;
#1148 = ORIENTED_EDGE ( 'NONE', *, *, #1663, .F. ) ;
#1149 = CARTESIAN_POINT ( 'NONE',  ( 0.3106000600989310967, -5.537975084925943925, -0.4079457818577086337 ) ) ;
#1150 = DIRECTION ( 'NONE',  ( 0.000000000000000000, -1.000000000000000000, -1.502314598737162483E-16 ) ) ;
#1151 = LINE ( 'NONE', #2340, #2172 ) ;
#1152 = CARTESIAN_POINT ( 'NONE',  ( 0.000000000000000000, -22.50000000000000000, 0.000000000000000000 ) ) ;
#1153 = ORIENTED_EDGE ( 'NONE', *, *, #1852, .T. ) ;
#1154 = ORIENTED_EDGE ( 'NONE', *, *, #467, .F. ) ;
#1155 = SHAPE_DEFINITION_REPRESENTATION ( #3322, #3026 ) ;
#1156 = PRODUCT_DEFINITION_CONTEXT ( 'detailed design', #3255, 'design' ) ;
#1157 = ORIENTED_EDGE ( 'NONE', *, *, #85, .F. ) ;
#1158 = DIRECTION ( 'NONE',  ( -0.000000000000000000, 0.000000000000000000, -1.000000000000000000 ) ) ;
#1159 = ORIENTED_EDGE ( 'NONE', *, *, #546, .F. ) ;
#1160 = LINE ( 'NONE', #2328, #964 ) ;
#1161 = LINE ( 'NONE', #2281, #553 ) ;
#1162 = DIRECTION ( 'NONE',  ( 1.000000000000000000, 0.000000000000000000, -0.000000000000000000 ) ) ;
#1163 = CARTESIAN_POINT ( 'NONE',  ( 2.500000000000002220, 4.330127018922191873, 0.000000000000000000 ) ) ;
#1164 = LINE ( 'NONE', #1217, #3199 ) ;
#1165 = LINE ( 'NONE', #3880, #707 ) ;
#1166 = ADVANCED_FACE ( 'NONE', ( #2608 ), #4509, .T. ) ;
#1167 = ORIENTED_EDGE ( 'NONE', *, *, #3947, .F. ) ;
#1168 = CONICAL_SURFACE ( 'NONE', #2546, 5.000000000000000000, 1.047197551196600296 ) ;
#1169 = CARTESIAN_POINT ( 'NONE',  ( -2.500000000000000888, 4.330127018922193649, 0.000000000000000000 ) ) ;
#1170 = DIRECTION ( 'NONE',  ( 1.000000000000000000, -4.956352788505162775E-17, 0.000000000000000000 ) ) ;
#1171 = LINE ( 'NONE', #4699, #544 ) ;
#1172 = PLANE ( 'NONE',  #3447 ) ;
#1173 = AXIS2_PLACEMENT_3D ( 'NONE', #2330, #462, #1992 ) ;
#1174 = EDGE_LOOP ( 'NONE', ( #2051, #711, #3189, #3131, #1008, #1031, #2049, #1279 ) ) ;
#1175 = ORIENTED_EDGE ( 'NONE', *, *, #2255, .T. ) ;
#1176 = VECTOR ( 'NONE', #980, 1000.000000000000000 ) ;
#1177 = ADVANCED_FACE ( 'NONE', ( #2556 ), #1458, .T. ) ;
#1178 = EDGE_CURVE ( 'NONE', #245, #1763, #276, .T. ) ;
#1179 = ORIENTED_EDGE ( 'NONE', *, *, #3052, .T. ) ;
#1180 = AXIS2_PLACEMENT_3D ( 'NONE', #1065, #642, #234 ) ;
#1181 = CARTESIAN_POINT ( 'NONE',  ( 3.499999999999999556, 2.886751345948125103, 5.000000000000000000 ) ) ;
#1182 = AXIS2_PLACEMENT_3D ( 'NONE', #979, #4413, #3627 ) ;
#1183 =( NAMED_UNIT ( * ) PLANE_ANGLE_UNIT ( ) SI_UNIT ( $, .RADIAN. ) );
#1184 = ORIENTED_EDGE ( 'NONE', *, *, #2783, .T. ) ;
#1185 = ADVANCED_FACE ( 'NONE', ( #3694 ), #2144, .T. ) ;
#1186 = AXIS2_PLACEMENT_3D ( 'NONE', #1772, #3014, #4478 ) ;
#1187 = DIRECTION ( 'NONE',  ( 1.000000000000000000, 0.000000000000000000, -0.000000000000000000 ) ) ;
#1188 = CARTESIAN_POINT ( 'NONE',  ( 0.000000000000000000, -21.89999999999999503, 8.000000000000000000 ) ) ;
#1189 = PRESENTATION_STYLE_ASSIGNMENT (( #743 ) ) ;
#1190 = LINE ( 'NONE', #3876, #3389 ) ;
#1191 = AXIS2_PLACEMENT_3D ( 'NONE', #4486, #591, #1388 ) ;
#1192 = LINE ( 'NONE', #4286, #1872 ) ;
#1193 = ADVANCED_FACE ( 'NONE', ( #1381 ), #2528, .F. ) ;
#1194 = CARTESIAN_POINT ( 'NONE',  ( 4.250000000000000888, 4.999999999999998224, 1.000000000000000444 ) ) ;
#1195 = ORIENTED_EDGE ( 'NONE', *, *, #3042, .T. ) ;
#1196 = CIRCLE ( 'NONE', #637, 3.250000000000000888 ) ;
#1197 = AXIS2_PLACEMENT_3D ( 'NONE', #1296, #2039, #125 ) ;
#1198 = MANIFOLD_SOLID_BREP ( 'Fillet4', #2422 ) ;
#1199 = CARTESIAN_POINT ( 'NONE',  ( 0.01055556052339293692, -4.575665857285986071, -2.074714256722480776 ) ) ;
#1200 = CARTESIAN_POINT ( 'NONE',  ( 5.000000000000000000, 0.000000000000000000, -2.000000000000000000 ) ) ;
#1201 = DIRECTION ( 'NONE',  ( 1.000000000000000000, -0.000000000000000000, -0.000000000000000000 ) ) ;
#1202 = DIRECTION ( 'NONE',  ( -0.000000000000000000, 1.000000000000000000, 2.168404344971012566E-16 ) ) ;
#1203 = VECTOR ( 'NONE', #4965, 1000.000000000000000 ) ;
#1204 = VECTOR ( 'NONE', #1467, 999.9999999999998863 ) ;
#1205 = ORIENTED_EDGE ( 'NONE', *, *, #239, .T. ) ;
#1206 = ADVANCED_FACE ( 'NONE', ( #108 ), #4036, .F. ) ;
#1207 = CIRCLE ( 'NONE', #2745, 3.000000000000000444 ) ;
#1208 = ORIENTED_EDGE ( 'NONE', *, *, #762, .T. ) ;
#1209 = CONTEXT_DEPENDENT_SHAPE_REPRESENTATION ( #1083, #2873 ) ;
#1210 = EDGE_CURVE ( 'NONE', #3863, #1666, #3613, .T. ) ;
#1211 = ORIENTED_EDGE ( 'NONE', *, *, #2410, .F. ) ;
#1212 = ORIENTED_EDGE ( 'NONE', *, *, #3797, .T. ) ;
#1213 = CARTESIAN_POINT ( 'NONE',  ( 54.99999999999997158, 60.00000000000001421, 8.000000000000000000 ) ) ;
#1214 = DIRECTION ( 'NONE',  ( 0.000000000000000000, 0.000000000000000000, 1.000000000000000000 ) ) ;
#1215 = CARTESIAN_POINT ( 'NONE',  ( 10.00000000000000178, 0.000000000000000000, 0.000000000000000000 ) ) ;
#1216 = CARTESIAN_POINT ( 'NONE',  ( 0.000000000000000000, 0.000000000000000000, -0.3501037691048554668 ) ) ;
#1217 = CARTESIAN_POINT ( 'NONE',  ( 5.000000000000000888, 9.999999999999998224, 8.000000000000000000 ) ) ;
#1218 = CARTESIAN_POINT ( 'NONE',  ( 0.4465819873852037158, 5.773502691896260863, 3.434638457896927214E-16 ) ) ;
#1219 = ORIENTED_EDGE ( 'NONE', *, *, #944, .F. ) ;
#1220 = VERTEX_POINT ( 'NONE', #2044 ) ;
#1221 = EDGE_CURVE ( 'NONE', #4167, #604, #566, .T. ) ;
#1222 = CARTESIAN_POINT ( 'NONE',  ( -2.500000000000000000, 3.061616997868383141E-16, -4.824496230895145565 ) ) ;
#1223 = DIRECTION ( 'NONE',  ( 0.000000000000000000, 0.000000000000000000, -1.000000000000000000 ) ) ;
#1224 = LINE ( 'NONE', #3478, #1125 ) ;
#1225 = CARTESIAN_POINT ( 'NONE',  ( 4.000000000000000000, 0.000000000000000000, 5.000000000000000000 ) ) ;
#1226 = ORIENTED_EDGE ( 'NONE', *, *, #4409, .F. ) ;
#1227 = EDGE_LOOP ( 'NONE', ( #457, #4150, #3912, #4317 ) ) ;
#1228 = AXIS2_PLACEMENT_3D ( 'NONE', #841, #1931, #3879 ) ;
#1229 = FACE_OUTER_BOUND ( 'NONE', #279, .T. ) ;
#1230 = CONTEXT_DEPENDENT_SHAPE_REPRESENTATION ( #2642, #4090 ) ;
#1231 = ORIENTED_EDGE ( 'NONE', *, *, #3643, .F. ) ;
#1232 = SHAPE_REPRESENTATION ( 'hex nut style 1 gradeab_iso_ISO - 4032 - M6 - W - N', ( #951 ), #49 ) ;
#1233 = ORIENTED_EDGE ( 'NONE', *, *, #4546, .F. ) ;
#1234 = CARTESIAN_POINT ( 'NONE',  ( 4.000000000000000000, 0.000000000000000000, 0.000000000000000000 ) ) ;
#1235 = CARTESIAN_POINT ( 'NONE',  ( 3.499999999999999556, 0.000000000000000000, 0.000000000000000000 ) ) ;
#1236 = DIRECTION ( 'NONE',  ( -1.000000000000000000, 0.000000000000000000, 0.000000000000000000 ) ) ;
#1237 = CARTESIAN_POINT ( 'NONE',  ( 5.000000000000000000, 0.000000000000000000, 0.000000000000000000 ) ) ;
#1238 = CARTESIAN_POINT ( 'NONE',  ( -1.599999999999997202, 0.000000000000000000, 0.000000000000000000 ) ) ;
#1239 = EDGE_LOOP ( 'NONE', ( #3941, #1547, #3813, #326 ) ) ;
#1240 = ORIENTED_EDGE ( 'NONE', *, *, #145, .T. ) ;
#1241 = APPLICATION_CONTEXT ( 'automotive_design' ) ;
#1242 = ADVANCED_FACE ( 'NONE', ( #135 ), #229, .T. ) ;
#1243 = ADVANCED_FACE ( 'NONE', ( #1273 ), #2822, .F. ) ;
#1244 = DIRECTION ( 'NONE',  ( 0.000000000000000000, 1.000000000000000000, -0.000000000000000000 ) ) ;
#1245 = DIRECTION ( 'NONE',  ( 0.000000000000000000, 0.000000000000000000, 1.000000000000000000 ) ) ;
#1246 = CARTESIAN_POINT ( 'NONE',  ( 3.250000000000003109, 7.500000000000000000, 8.000000000000000000 ) ) ;
#1247 = FACE_OUTER_BOUND ( 'NONE', #1814, .T. ) ;
#1248 = VERTEX_POINT ( 'NONE', #2414 ) ;
#1249 = VECTOR ( 'NONE', #2489, 1000.000000000000000 ) ;
#1250 = ORIENTED_EDGE ( 'NONE', *, *, #3315, .T. ) ;
#1251 = AXIS2_PLACEMENT_3D ( 'NONE', #1620, #2482, #532 ) ;
#1252 = DIRECTION ( 'NONE',  ( 1.000000000000000000, 0.000000000000000000, 0.000000000000000000 ) ) ;
#1253 = EDGE_CURVE ( 'NONE', #2973, #604, #164, .T. ) ;
#1254 = ITEM_DEFINED_TRANSFORMATION ( 'NONE', 'NONE', #1674,  #951 ) ;
#1255 = PRODUCT_DEFINITION_CONTEXT ( 'detailed design', #1350, 'design' ) ;
#1256 = VECTOR ( 'NONE', #1953, 1000.000000000000000 ) ;
#1257 = AXIS2_PLACEMENT_3D ( 'NONE', #3414, #4341, #4209 ) ;
#1258 = VERTEX_POINT ( 'NONE', #3651 ) ;
#1259 = EDGE_CURVE ( 'NONE', #1094, #1716, #2405, .T. ) ;
#1260 = VECTOR ( 'NONE', #2903, 1000.000000000000000 ) ;
#1261 = DIRECTION ( 'NONE',  ( 0.000000000000000000, 0.000000000000000000, 1.000000000000000000 ) ) ;
#1262 = ORIENTED_EDGE ( 'NONE', *, *, #1989, .T. ) ;
#1263 = VECTOR ( 'NONE', #3423, 1000.000000000000227 ) ;
#1264 = CARTESIAN_POINT ( 'NONE',  ( 43.25000000000000000, 20.00000000000001066, 0.000000000000000000 ) ) ;
#1265 = DIRECTION ( 'NONE',  ( -0.5000000000000006661, -0.8660254037844383745, 0.000000000000000000 ) ) ;
#1266 = CYLINDRICAL_SURFACE ( 'NONE', #3282, 5.000000000000000888 ) ;
#1267 = DIRECTION ( 'NONE',  ( 4.956352788505162775E-17, 1.000000000000000000, -0.000000000000000000 ) ) ;
#1268 = LINE ( 'NONE', #184, #1917 ) ;
#1269 = VERTEX_POINT ( 'NONE', #4719 ) ;
#1270 = EDGE_CURVE ( 'NONE', #1438, #3501, #2868, .T. ) ;
#1271 = STYLED_ITEM ( 'NONE', ( #2185 ), #4585 ) ;
#1272 = VERTEX_POINT ( 'NONE', #918 ) ;
#1273 = FACE_OUTER_BOUND ( 'NONE', #501, .T. ) ;
#1274 = DIRECTION ( 'NONE',  ( 1.000000000000000000, 8.881784197001252323E-16, 0.000000000000000000 ) ) ;
#1275 = DIRECTION ( 'NONE',  ( 1.000000000000000000, 0.000000000000000000, 0.000000000000000000 ) ) ;
#1276 = DIRECTION ( 'NONE',  ( 0.000000000000000000, 1.502314598737162483E-16, -1.000000000000000000 ) ) ;
#1277 = DIRECTION ( 'NONE',  ( 0.000000000000000000, 1.445602896647339163E-16, -1.000000000000000000 ) ) ;
#1278 = AXIS2_PLACEMENT_3D ( 'NONE', #472, #2028, #2002 ) ;
#1279 = ORIENTED_EDGE ( 'NONE', *, *, #3755, .T. ) ;
#1280 = COLOUR_RGB ( '',0.7921568627450980005, 0.8196078431372548767, 0.9333333333333333481 ) ;
#1281 = AXIS2_PLACEMENT_3D ( 'NONE', #137, #4038, #4867 ) ;
#1282 = ORIENTED_EDGE ( 'NONE', *, *, #1301, .T. ) ;
#1283 = CIRCLE ( 'NONE', #4123, 2.000000000000000000 ) ;
#1284 = DIRECTION ( 'NONE',  ( 1.000000000000000000, 0.000000000000000000, 0.000000000000000000 ) ) ;
#1285 = CARTESIAN_POINT ( 'NONE',  ( -9.999999999999996447, 0.000000000000000000, 8.000000000000000000 ) ) ;
#1286 = AXIS2_PLACEMENT_3D ( 'NONE', #2331, #3166, #3111 ) ;
#1287 = VECTOR ( 'NONE', #810, 999.9999999999998863 ) ;
#1288 = ORIENTED_EDGE ( 'NONE', *, *, #1411, .F. ) ;
#1289 = ADVANCED_FACE ( 'NONE', ( #4817 ), #4344, .T. ) ;
#1290 = VECTOR ( 'NONE', #2209, 1000.000000000000000 ) ;
#1291 = VERTEX_POINT ( 'NONE', #1361 ) ;
#1292 = PRODUCT_RELATED_PRODUCT_CATEGORY ( 'part', '', ( #487 ) ) ;
#1293 = ADVANCED_BREP_SHAPE_REPRESENTATION ( '', ( #1715, #951 ), #2242 ) ;
#1294 = CARTESIAN_POINT ( 'NONE',  ( 2.500000000000002220, 4.330127018922191873, 0.000000000000000000 ) ) ;
#1295 = PRODUCT_DEFINITION_SHAPE ( 'NONE', 'NONE',  #4993 ) ;
#1296 = CARTESIAN_POINT ( 'NONE',  ( 0.000000000000000000, 0.000000000000000000, 16.00000000000000000 ) ) ;
#1297 = DIRECTION ( 'NONE',  ( 1.000000000000000000, 0.000000000000000000, 0.000000000000000000 ) ) ;
#1298 = SURFACE_STYLE_USAGE ( .BOTH. , #971 ) ;
#1299 = CARTESIAN_POINT ( 'NONE',  ( 4.250000000000000888, 0.9999999999999965583, 1.000000000000000666 ) ) ;
#1300 = ORIENTED_EDGE ( 'NONE', *, *, #1798, .T. ) ;
#1301 = EDGE_CURVE ( 'NONE', #1397, #1922, #2797, .T. ) ;
#1302 = ORIENTED_EDGE ( 'NONE', *, *, #3603, .F. ) ;
#1303 = DIRECTION ( 'NONE',  ( 0.000000000000000000, 0.000000000000000000, 1.000000000000000000 ) ) ;
#1304 = CARTESIAN_POINT ( 'NONE',  ( -7.000000000000000000, 5.928368314150306517, 5.000000000000000000 ) ) ;
#1305 = CARTESIAN_POINT ( 'NONE',  ( 0.000000000000000000, -47.50000000000000000, 0.000000000000000000 ) ) ;
#1306 = CARTESIAN_POINT ( 'NONE',  ( 30.00000000000000711, 60.00000000000000711, 3.000000000000000000 ) ) ;
#1307 = DIRECTION ( 'NONE',  ( 0.000000000000000000, 0.000000000000000000, 1.000000000000000000 ) ) ;
#1308 = EDGE_LOOP ( 'NONE', ( #2585, #4298, #2447 ) ) ;
#1309 = LINE ( 'NONE', #2876, #1611 ) ;
#1310 = DIRECTION ( 'NONE',  ( -0.000000000000000000, -0.000000000000000000, 1.000000000000000000 ) ) ;
#1311 = DIRECTION ( 'NONE',  ( 1.000000000000000000, 0.000000000000000000, 0.000000000000000000 ) ) ;
#1312 = CONTEXT_DEPENDENT_SHAPE_REPRESENTATION ( #3324, #322 ) ;
#1313 = ORIENTED_EDGE ( 'NONE', *, *, #3947, .T. ) ;
#1314 =( LENGTH_UNIT ( ) NAMED_UNIT ( * ) SI_UNIT ( .MILLI., .METRE. ) );
#1315 = AXIS2_PLACEMENT_3D ( 'NONE', #384, #2768, #4303 ) ;
#1316 = EDGE_LOOP ( 'NONE', ( #330, #448 ) ) ;
#1317 = MECHANICAL_DESIGN_GEOMETRIC_PRESENTATION_REPRESENTATION (  '', ( #425 ), #1706 ) ;
#1318 = PLANE ( 'NONE',  #4124 ) ;
#1319 = CARTESIAN_POINT ( 'NONE',  ( 2.133098411205175672E-16, -3.838309248099061932, -3.351853367130940065 ) ) ;
#1320 = CARTESIAN_POINT ( 'NONE',  ( 0.000000000000000000, 0.000000000000000000, -5.174599999999998090 ) ) ;
#1321 = FILL_AREA_STYLE_COLOUR ( '', #2279 ) ;
#1322 = CARTESIAN_POINT ( 'NONE',  ( -2.500000000000000888, 4.330127018922193649, 0.000000000000000000 ) ) ;
#1323 = ORIENTED_EDGE ( 'NONE', *, *, #2192, .F. ) ;
#1324 = ORIENTED_EDGE ( 'NONE', *, *, #3353, .T. ) ;
#1325 = DIRECTION ( 'NONE',  ( 0.000000000000000000, 0.000000000000000000, 1.000000000000000000 ) ) ;
#1326 = LINE ( 'NONE', #2869, #3432 ) ;
#1327 = DIRECTION ( 'NONE',  ( 0.000000000000000000, 0.000000000000000000, 1.000000000000000000 ) ) ;
#1328 = EDGE_CURVE ( 'NONE', #162, #4238, #3714, .T. ) ;
#1329 = DIRECTION ( 'NONE',  ( 4.956352788505162775E-17, 1.000000000000000000, -0.000000000000000000 ) ) ;
#1330 = DIRECTION ( 'NONE',  ( -1.000000000000000000, 0.000000000000000000, 0.000000000000000000 ) ) ;
#1331 = ADVANCED_FACE ( 'NONE', ( #3956 ), #493, .F. ) ;
#1332 = ORIENTED_EDGE ( 'NONE', *, *, #4951, .F. ) ;
#1333 = ORIENTED_EDGE ( 'NONE', *, *, #4569, .T. ) ;
#1334 = CARTESIAN_POINT ( 'NONE',  ( 4.250000000000000888, 0.9999999999999965583, 7.000000000000000000 ) ) ;
#1335 = DIRECTION ( 'NONE',  ( -0.000000000000000000, -0.000000000000000000, 1.000000000000000000 ) ) ;
#1336 = VECTOR ( 'NONE', #1957, 1000.000000000000000 ) ;
#1337 = EDGE_LOOP ( 'NONE', ( #589, #1175, #1826, #1394 ) ) ;
#1338 = ADVANCED_FACE ( 'NONE', ( #1404 ), #1480, .F. ) ;
#1339 = CARTESIAN_POINT ( 'NONE',  ( 39.99999999999999289, 20.00000000000001066, 0.000000000000000000 ) ) ;
#1340 = CARTESIAN_POINT ( 'NONE',  ( 702.6134412343791382, 892.7472078030933744, 1307.493958478049763 ) ) ;
#1341 = AXIS2_PLACEMENT_3D ( 'NONE', #1320, #83, #1236 ) ;
#1342 = EDGE_LOOP ( 'NONE', ( #1250, #150, #4586, #3889 ) ) ;
#1343 = EDGE_CURVE ( 'NONE', #2165, #1571, #2644, .T. ) ;
#1344 = EDGE_CURVE ( 'NONE', #3698, #904, #1050, .T. ) ;
#1345 = FACE_BOUND ( 'NONE', #4010, .T. ) ;
#1346 = AXIS2_PLACEMENT_3D ( 'NONE', #987, #4075, #1377 ) ;
#1347 = AXIS2_PLACEMENT_3D ( 'NONE', #737, #2275, #76 ) ;
#1348 = FACE_OUTER_BOUND ( 'NONE', #3345, .T. ) ;
#1349 = DIRECTION ( 'NONE',  ( -1.000000000000000000, 0.000000000000000000, 0.000000000000000000 ) ) ;
#1350 = APPLICATION_CONTEXT ( 'automotive_design' ) ;
#1351 = DIRECTION ( 'NONE',  ( 0.000000000000000000, 0.000000000000000000, -1.000000000000000000 ) ) ;
#1352 = DIRECTION ( 'NONE',  ( -1.000000000000000000, -0.000000000000000000, -0.000000000000000000 ) ) ;
#1353 = ORIENTED_EDGE ( 'NONE', *, *, #2457, .T. ) ;
#1354 = EDGE_CURVE ( 'NONE', #1916, #3608, #3725, .T. ) ;
#1355 = ORIENTED_EDGE ( 'NONE', *, *, #889, .T. ) ;
#1356 = VECTOR ( 'NONE', #497, 1000.000000000000000 ) ;
#1357 = B_SPLINE_CURVE_WITH_KNOTS ( 'NONE', 3,
 ( #2386, #38, #774, #4720 ),
 .UNSPECIFIED., .F., .F.,
 ( 4, 4 ),
 ( 2.380735200829195996E-07, 0.002921158011986711624 ),
 .UNSPECIFIED. ) ;
#1358 = VECTOR ( 'NONE', #1201, 1000.000000000000000 ) ;
#1359 = ADVANCED_FACE ( 'NONE', ( #2975 ), #3348, .F. ) ;
#1360 = MANIFOLD_SOLID_BREP ( 'EndChamfer', #4131 ) ;
#1361 = CARTESIAN_POINT ( 'NONE',  ( 29.58257569495584249, -10.00000000000000178, 0.000000000000000000 ) ) ;
#1362 = DIRECTION ( 'NONE',  ( -0.000000000000000000, -1.000000000000000000, -0.000000000000000000 ) ) ;
#1363 = DIRECTION ( 'NONE',  ( 0.000000000000000000, 0.000000000000000000, 1.000000000000000000 ) ) ;
#1364 = CARTESIAN_POINT ( 'NONE',  ( 3.000000000000000444, 3.673940397442060361E-16, 0.000000000000000000 ) ) ;
#1365 = VECTOR ( 'NONE', #3592, 1000.000000000000000 ) ;
#1366 = DIRECTION ( 'NONE',  ( -0.000000000000000000, -0.000000000000000000, 1.000000000000000000 ) ) ;
#1367 = ORIENTED_EDGE ( 'NONE', *, *, #740, .F. ) ;
#1368 = ORIENTED_EDGE ( 'NONE', *, *, #4507, .T. ) ;
#1369 = FACE_OUTER_BOUND ( 'NONE', #3430, .T. ) ;
#1370 = DIRECTION ( 'NONE',  ( -0.000000000000000000, -0.000000000000000000, 1.000000000000000000 ) ) ;
#1371 = AXIS2_PLACEMENT_3D ( 'NONE', #4790, #3574, #3171 ) ;
#1372 = EDGE_CURVE ( 'NONE', #3176, #346, #715, .T. ) ;
#1373 = ADVANCED_FACE ( 'NONE', ( #282 ), #4539, .F. ) ;
#1374 = AXIS2_PLACEMENT_3D ( 'NONE', #110, #166, #999 ) ;
#1375 = AXIS2_PLACEMENT_3D ( 'NONE', #3490, #1118, #3070 ) ;
#1376 = ORIENTED_EDGE ( 'NONE', *, *, #621, .T. ) ;
#1377 = DIRECTION ( 'NONE',  ( 1.000000000000000000, 0.000000000000000000, 0.000000000000000000 ) ) ;
#1378 = AXIS2_PLACEMENT_3D ( 'NONE', #1902, #649, #3747 ) ;
#1379 = AXIS2_PLACEMENT_3D ( 'NONE', #1862, #3428, #3049 ) ;
#1380 = ORIENTED_EDGE ( 'NONE', *, *, #2990, .T. ) ;
#1381 = FACE_OUTER_BOUND ( 'NONE', #498, .T. ) ;
#1382 = CARTESIAN_POINT ( 'NONE',  ( 5.000000000000000888, 4.999999999999998224, 1.000000000000000444 ) ) ;
#1383 = CARTESIAN_POINT ( 'NONE',  ( -3.000000000000000444, 0.000000000000000000, 16.00000000000000000 ) ) ;
#1384 = CARTESIAN_POINT ( 'NONE',  ( 0.000000000000000000, 0.000000000000000000, 13.00000000000000000 ) ) ;
#1385 = CARTESIAN_POINT ( 'NONE',  ( 30.00000000000000355, -10.00000000000000178, 3.000000000000000000 ) ) ;
#1386 = ORIENTED_EDGE ( 'NONE', *, *, #2114, .F. ) ;
#1387 = VERTEX_POINT ( 'NONE', #4085 ) ;
#1388 = DIRECTION ( 'NONE',  ( 1.000000000000000000, 0.000000000000000000, 0.000000000000000000 ) ) ;
#1389 = CARTESIAN_POINT ( 'NONE',  ( -4.592054218142293642, -3.122278952918451811, -0.3106000600989314298 ) ) ;
#1390 = DIRECTION ( 'NONE',  ( -1.000000000000000000, 0.000000000000000000, 0.000000000000000000 ) ) ;
#1391 = FACE_OUTER_BOUND ( 'NONE', #4328, .T. ) ;
#1392 = DIRECTION ( 'NONE',  ( 1.000000000000000000, 0.000000000000000000, 0.000000000000000000 ) ) ;
#1393 = ORIENTED_EDGE ( 'NONE', *, *, #2563, .T. ) ;
#1394 = ORIENTED_EDGE ( 'NONE', *, *, #3672, .F. ) ;
#1395 = CARTESIAN_POINT ( 'NONE',  ( -3.499999999999999556, -49.89999999999999858, 8.000000000000000000 ) ) ;
#1396 = DIRECTION ( 'NONE',  ( -0.000000000000000000, -0.000000000000000000, -1.000000000000000000 ) ) ;
#1397 = VERTEX_POINT ( 'NONE', #2126 ) ;
#1398 = ORIENTED_EDGE ( 'NONE', *, *, #667, .T. ) ;
#1399 = CARTESIAN_POINT ( 'NONE',  ( 0.4465819873849485866, -2.886751345948518566, -5.000000000000000000 ) ) ;
#1400 = DIRECTION ( 'NONE',  ( 0.000000000000000000, 1.000000000000000000, -0.000000000000000000 ) ) ;
#1401 = CARTESIAN_POINT ( 'NONE',  ( 7.336970286628697342E-16, 5.773502691896259087, -5.200000000000000178 ) ) ;
#1402 = VERTEX_POINT ( 'NONE', #1803 ) ;
#1403 = EDGE_LOOP ( 'NONE', ( #4956, #1801, #4031, #260 ) ) ;
#1404 = FACE_OUTER_BOUND ( 'NONE', #1885, .T. ) ;
#1405 =( LENGTH_UNIT ( ) NAMED_UNIT ( * ) SI_UNIT ( .MILLI., .METRE. ) );
#1406 = FACE_BOUND ( 'NONE', #1934, .T. ) ;
#1407 = LINE ( 'NONE', #4520, #3756 ) ;
#1408 =( NAMED_UNIT ( * ) PLANE_ANGLE_UNIT ( ) SI_UNIT ( $, .RADIAN. ) );
#1409 = ORIENTED_EDGE ( 'NONE', *, *, #734, .T. ) ;
#1410 = EDGE_CURVE ( 'NONE', #3657, #1291, #4517, .T. ) ;
#1411 = EDGE_CURVE ( 'NONE', #3743, #245, #4021, .T. ) ;
#1412 = CARTESIAN_POINT ( 'NONE',  ( 3.250000000000000000, -22.50000000000000000, 8.000000000000000000 ) ) ;
#1413 = ORIENTED_EDGE ( 'NONE', *, *, #3563, .T. ) ;
#1414 = LINE ( 'NONE', #3733, #1204 ) ;
#1415 = PLANE ( 'NONE',  #1099 ) ;
#1416 = PRODUCT_DEFINITION_SHAPE ( 'NONE', 'NONE',  #3085 ) ;
#1417 = VERTEX_POINT ( 'NONE', #3004 ) ;
#1418 = ORIENTED_EDGE ( 'NONE', *, *, #4347, .F. ) ;
#1419 = EDGE_CURVE ( 'NONE', #3475, #3698, #4465, .T. ) ;
#1420 =( NAMED_UNIT ( * ) PLANE_ANGLE_UNIT ( ) SI_UNIT ( $, .RADIAN. ) );
#1421 = EDGE_LOOP ( 'NONE', ( #36, #2347 ) ) ;
#1422 = VECTOR ( 'NONE', #2227, 1000.000000000000000 ) ;
#1423 = FILL_AREA_STYLE_COLOUR ( '', #3129 ) ;
#1424 = CARTESIAN_POINT ( 'NONE',  ( 4.250000000000000888, -2.602085213965210642E-15, 7.000000000000000000 ) ) ;
#1425 = CARTESIAN_POINT ( 'NONE',  ( 0.000000000000000000, 4.330127018922190096, -2.500000000000006217 ) ) ;
#1426 = AXIS2_PLACEMENT_3D ( 'NONE', #277, #3669, #308 ) ;
#1427 = DIRECTION ( 'NONE',  ( 1.000000000000000000, 0.000000000000000000, 0.000000000000000000 ) ) ;
#1428 = ORIENTED_EDGE ( 'NONE', *, *, #4345, .T. ) ;
#1429 = ORIENTED_EDGE ( 'NONE', *, *, #4034, .T. ) ;
#1430 = AXIS2_PLACEMENT_3D ( 'NONE', #4423, #1370, #4012 ) ;
#1431 = CARTESIAN_POINT ( 'NONE',  ( -8.000000000000000000, -57.50000000000000000, 8.000000000000000000 ) ) ;
#1432 = CARTESIAN_POINT ( 'NONE',  ( 3.499999999999999556, -5.773502691896264416, 0.000000000000000000 ) ) ;
#1433 = EDGE_CURVE ( 'NONE', #3966, #1443, #2566, .T. ) ;
#1434 = CYLINDRICAL_SURFACE ( 'NONE', #2666, 3.250000000000000444 ) ;
#1435 = CARTESIAN_POINT ( 'NONE',  ( -4.999999999999999112, 9.999999999999996447, 8.000000000000000000 ) ) ;
#1436 = PRODUCT_DEFINITION_FORMATION_WITH_SPECIFIED_SOURCE ( 'ANY', '', #4315, .NOT_KNOWN. ) ;
#1437 = VECTOR ( 'NONE', #3981, 1000.000000000000000 ) ;
#1438 = VERTEX_POINT ( 'NONE', #4866 ) ;
#1439 = COLOUR_RGB ( '',0.7921568627450980005, 0.8196078431372548767, 0.9333333333333333481 ) ;
#1440 = SURFACE_STYLE_FILL_AREA ( #1509 ) ;
#1441 = DIRECTION ( 'NONE',  ( 0.000000000000000000, 0.000000000000000000, 1.000000000000000000 ) ) ;
#1442 = CARTESIAN_POINT ( 'NONE',  ( -13.24999999999999645, 3.980102097228897245E-16, 8.000000000000000000 ) ) ;
#1443 = VERTEX_POINT ( 'NONE', #335 ) ;
#1444 = VECTOR ( 'NONE', #1303, 1000.000000000000000 ) ;
#1445 = CARTESIAN_POINT ( 'NONE',  ( 742.6134412343792519, 912.7472078030933744, 1305.893958478049854 ) ) ;
#1446 = ORIENTED_EDGE ( 'NONE', *, *, #1343, .F. ) ;
#1447 = AXIS2_PLACEMENT_3D ( 'NONE', #4768, #3979, #1390 ) ;
#1448 = VECTOR ( 'NONE', #3719, 1000.000000000000000 ) ;
#1449 = ADVANCED_FACE ( 'NONE', ( #12 ), #3418, .F. ) ;
#1450 = CARTESIAN_POINT ( 'NONE',  ( -6.749999999999997335, 0.000000000000000000, 0.000000000000000000 ) ) ;
#1451 = FACE_OUTER_BOUND ( 'NONE', #4226, .T. ) ;
#1452 = AXIS2_PLACEMENT_3D ( 'NONE', #1928, #4644, #3072 ) ;
#1453 = DIRECTION ( 'NONE',  ( 0.000000000000000000, 0.000000000000000000, 1.000000000000000000 ) ) ;
#1454 = CARTESIAN_POINT ( 'NONE',  ( -25.00000000000001066, -10.00000000000000888, 3.000000000000000000 ) ) ;
#1455 = ORIENTED_EDGE ( 'NONE', *, *, #829, .F. ) ;
#1456 = PRODUCT_DEFINITION ( 'UNKNOWN', '', #1436, #3891 ) ;
#1457 = ORIENTED_EDGE ( 'NONE', *, *, #3381, .F. ) ;
#1458 = CONICAL_SURFACE ( 'NONE', #4278, 5.000000000000000000, 1.047197551196596521 ) ;
#1459 = PRODUCT ( 'plain washer normal grade a_iso_Washer ISO 7089 - 6', 'plain washer normal grade a_iso_Washer ISO 7089 - 6', '', ( #1964 ) ) ;
#1460 = DIRECTION ( 'NONE',  ( 1.000000000000000000, 0.000000000000000000, 0.000000000000000000 ) ) ;
#1461 = DIRECTION ( 'NONE',  ( 0.000000000000000000, 0.000000000000000000, 1.000000000000000000 ) ) ;
#1462 = LINE ( 'NONE', #2261, #2984 ) ;
#1463 = LINE ( 'NONE', #338, #962 ) ;
#1464 = FACE_OUTER_BOUND ( 'NONE', #100, .T. ) ;
#1465 = ORIENTED_EDGE ( 'NONE', *, *, #2151, .T. ) ;
#1466 = CARTESIAN_POINT ( 'NONE',  ( 4.250000000000000888, 0.9999999999999965583, 1.000000000000000666 ) ) ;
#1467 = DIRECTION ( 'NONE',  ( -0.7071067811865516806, 0.000000000000000000, 0.7071067811865434649 ) ) ;
#1468 = DIRECTION ( 'NONE',  ( -0.000000000000000000, -0.000000000000000000, 1.000000000000000000 ) ) ;
#1469 = EDGE_LOOP ( 'NONE', ( #1195, #74, #2986, #807, #3333, #1066 ) ) ;
#1470 = B_SPLINE_CURVE_WITH_KNOTS ( 'NONE', 3,
 ( #4930, #3009, #4527, #1056, #342, #1127 ),
 .UNSPECIFIED., .F., .F.,
 ( 4, 2, 4 ),
 ( 0.005150343764683553392, 0.006610526168996381374, 0.008070708573309208489 ),
 .UNSPECIFIED. ) ;
#1471 = UNCERTAINTY_MEASURE_WITH_UNIT (LENGTH_MEASURE( 1.000000000000000082E-05 ), #1824, 'distance_accuracy_value', 'NONE');
#1472 = VERTEX_POINT ( 'NONE', #1879 ) ;
#1473 = VERTEX_POINT ( 'NONE', #4214 ) ;
#1474 = CIRCLE ( 'NONE', #581, 3.000000000000000444 ) ;
#1475 = LINE ( 'NONE', #3816, #1287 ) ;
#1476 = CARTESIAN_POINT ( 'NONE',  ( -3.499999999999999556, -49.89999999999999858, 0.000000000000000000 ) ) ;
#1477 =( NAMED_UNIT ( * ) PLANE_ANGLE_UNIT ( ) SI_UNIT ( $, .RADIAN. ) );
#1478 = ADVANCED_BREP_SHAPE_REPRESENTATION ( '', ( #2897, #951 ), #2896 ) ;
#1479 = ORIENTED_EDGE ( 'NONE', *, *, #2754, .T. ) ;
#1480 = PLANE ( 'NONE',  #3460 ) ;
#1481 = SURFACE_STYLE_FILL_AREA ( #4086 ) ;
#1482 = CARTESIAN_POINT ( 'NONE',  ( -3.000000000000000444, 0.000000000000000000, -5.174599999999998090 ) ) ;
#1483 = FACE_OUTER_BOUND ( 'NONE', #2599, .T. ) ;
#1484 = EDGE_CURVE ( 'NONE', #4044, #4476, #2712, .T. ) ;
#1485 = SURFACE_STYLE_FILL_AREA ( #317 ) ;
#1486 = ORIENTED_EDGE ( 'NONE', *, *, #1493, .T. ) ;
#1487 = EDGE_CURVE ( 'NONE', #2325, #2098, #31, .T. ) ;
#1488 = ADVANCED_FACE ( 'NONE', ( #3109 ), #2578, .T. ) ;
#1489 = CARTESIAN_POINT ( 'NONE',  ( -5.007715329123867711E-16, -5.773502691896262640, -5.200000000000000178 ) ) ;
#1490 = PLANE ( 'NONE',  #699 ) ;
#1491 = VERTEX_POINT ( 'NONE', #2353 ) ;
#1492 = PRODUCT_CONTEXT ( 'NONE', #218, 'mechanical' ) ;
#1493 = EDGE_CURVE ( 'NONE', #129, #2342, #1767, .T. ) ;
#1494 = EDGE_CURVE ( 'NONE', #3621, #582, #4914, .T. ) ;
#1495 = ORIENTED_EDGE ( 'NONE', *, *, #3207, .F. ) ;
#1496 = DIRECTION ( 'NONE',  ( 1.000000000000000000, 0.000000000000000000, 0.000000000000000000 ) ) ;
#1497 = PLANE ( 'NONE',  #2057 ) ;
#1498 = CYLINDRICAL_SURFACE ( 'NONE', #1180, 5.000000000000000000 ) ;
#1499 = ORIENTED_EDGE ( 'NONE', *, *, #4856, .T. ) ;
#1500 = LINE ( 'NONE', #4592, #2497 ) ;
#1501 = AXIS2_PLACEMENT_3D ( 'NONE', #3701, #314, #2949 ) ;
#1502 = DIRECTION ( 'NONE',  ( -1.000000000000000000, -0.000000000000000000, -0.000000000000000000 ) ) ;
#1503 = CARTESIAN_POINT ( 'NONE',  ( -8.000000000000000000, -57.50000000000000000, 8.000000000000000000 ) ) ;
#1504 = DIRECTION ( 'NONE',  ( 0.8660254037844384856, 0.5000000000000002220, 0.000000000000000000 ) ) ;
#1505 = DIRECTION ( 'NONE',  ( 0.000000000000000000, 1.000000000000000000, -0.000000000000000000 ) ) ;
#1506 = ORIENTED_EDGE ( 'NONE', *, *, #3937, .F. ) ;
#1507 = EDGE_CURVE ( 'NONE', #129, #4870, #814, .T. ) ;
#1508 = CARTESIAN_POINT ( 'NONE',  ( -4.999999999999999112, -10.00000000000000355, 8.000000000000000000 ) ) ;
#1509 = FILL_AREA_STYLE ('',( #4147 ) ) ;
#1510 = ORIENTED_EDGE ( 'NONE', *, *, #96, .T. ) ;
#1511 = FACE_OUTER_BOUND ( 'NONE', #878, .T. ) ;
#1512 = CIRCLE ( 'NONE', #1827, 5.000000000000000000 ) ;
#1513 = CARTESIAN_POINT ( 'NONE',  ( 55.00000000000000000, -59.99999999999999289, 3.000000000000000000 ) ) ;
#1514 = APPLICATION_CONTEXT ( 'automotive_design' ) ;
#1515 = ORIENTED_EDGE ( 'NONE', *, *, #3238, .T. ) ;
#1516 = EDGE_CURVE ( 'NONE', #1438, #4887, #3516, .T. ) ;
#1517 = CIRCLE ( 'NONE', #625, 3.000000000000000444 ) ;
#1518 = VERTEX_POINT ( 'NONE', #409 ) ;
#1519 = AXIS2_PLACEMENT_3D ( 'NONE', #3569, #2433, #2925 ) ;
#1520 = ADVANCED_FACE ( 'NONE', ( #3898 ), #4188, .F. ) ;
#1521 = PRODUCT_CONTEXT ( 'NONE', #2906, 'mechanical' ) ;
#1522 = ORIENTED_EDGE ( 'NONE', *, *, #985, .F. ) ;
#1523 = CARTESIAN_POINT ( 'NONE',  ( 29.58257569495584249, -10.00000000000000178, 5.000000000000000000 ) ) ;
#1524 = DIRECTION ( 'NONE',  ( -0.000000000000000000, -0.000000000000000000, -1.000000000000000000 ) ) ;
#1525 = CARTESIAN_POINT ( 'NONE',  ( 0.000000000000000000, 0.000000000000000000, 0.000000000000000000 ) ) ;
#1526 = CLOSED_SHELL ( 'NONE', ( #4249, #1373, #3130, #2937, #1359, #1166, #4779, #1783, #4062, #3977 ) ) ;
#1527 = ORIENTED_EDGE ( 'NONE', *, *, #3055, .T. ) ;
#1528 = VECTOR ( 'NONE', #3006, 1000.000000000000114 ) ;
#1529 = AXIS2_PLACEMENT_3D ( 'NONE', #2176, #4835, #2121 ) ;
#1530 = DIRECTION ( 'NONE',  ( -1.000000000000000000, -0.000000000000000000, -0.000000000000000000 ) ) ;
#1531 = DIRECTION ( 'NONE',  ( 1.000000000000000000, 0.000000000000000000, 0.000000000000000000 ) ) ;
#1532 = CARTESIAN_POINT ( 'NONE',  ( -3.250000000000001776, -39.07163168584969526, 0.000000000000000000 ) ) ;
#1533 = LINE ( 'NONE', #1952, #153 ) ;
#1534 = FACE_OUTER_BOUND ( 'NONE', #3812, .T. ) ;
#1535 = LINE ( 'NONE', #465, #3607 ) ;
#1536 = AXIS2_PLACEMENT_3D ( 'NONE', #283, #337, #1829 ) ;
#1537 = VERTEX_POINT ( 'NONE', #3040 ) ;
#1538 = VECTOR ( 'NONE', #172, 1000.000000000000000 ) ;
#1539 = FACE_OUTER_BOUND ( 'NONE', #3967, .T. ) ;
#1540 = CARTESIAN_POINT ( 'NONE',  ( 3.499999999999999556, 2.886751345948125103, 5.000000000000000000 ) ) ;
#1541 = CLOSED_SHELL ( 'NONE', ( #3584, #4014, #1781, #1733, #4212, #853, #3882, #3634, #2501, #446, #3825, #4875, #1565, #4557, #1243, #1963, #4543, #4146, #4250, #95, #1206, #3974, #4548 ) ) ;
#1542 = CARTESIAN_POINT ( 'NONE',  ( 3.499999999999999556, -49.89999999999999858, 8.000000000000000000 ) ) ;
#1543 = CARTESIAN_POINT ( 'NONE',  ( -54.82069240682337607, -60.00000000000000711, 5.000000000000000000 ) ) ;
#1544 = ORIENTED_EDGE ( 'NONE', *, *, #762, .F. ) ;
#1545 = ORIENTED_EDGE ( 'NONE', *, *, #1886, .F. ) ;
#1546 = APPLICATION_PROTOCOL_DEFINITION ( 'draft international standard', 'automotive_design', 1998, #148 ) ;
#1547 = ORIENTED_EDGE ( 'NONE', *, *, #2114, .T. ) ;
#1548 = ADVANCED_FACE ( 'NONE', ( #55 ), #2259, .T. ) ;
#1549 = FACE_OUTER_BOUND ( 'NONE', #3015, .T. ) ;
#1550 =( NAMED_UNIT ( * ) SI_UNIT ( $, .STERADIAN. ) SOLID_ANGLE_UNIT ( ) );
#1551 = VERTEX_POINT ( 'NONE', #3091 ) ;
#1552 = DIRECTION ( 'NONE',  ( 0.000000000000000000, 0.000000000000000000, -1.000000000000000000 ) ) ;
#1553 = DIRECTION ( 'NONE',  ( 1.000000000000000000, 0.000000000000000000, 0.000000000000000000 ) ) ;
#1554 = DIRECTION ( 'NONE',  ( 1.000000000000000000, 0.000000000000000000, 0.000000000000000000 ) ) ;
#1555 = CARTESIAN_POINT ( 'NONE',  ( 4.999999999999999112, 0.4881033300985027634, 3.811648262644349985E-18 ) ) ;
#1556 = CARTESIAN_POINT ( 'NONE',  ( -5.000000000000000000, -2.886751345948130432, -4.699999999999999289 ) ) ;
#1557 = DIRECTION ( 'NONE',  ( -1.000000000000000000, -0.000000000000000000, -0.000000000000000000 ) ) ;
#1558 = ORIENTED_EDGE ( 'NONE', *, *, #4074, .F. ) ;
#1559 = FACE_OUTER_BOUND ( 'NONE', #1032, .T. ) ;
#1560 = CARTESIAN_POINT ( 'NONE',  ( 3.499999999999999556, 2.886751345948122882, -5.000000000000000000 ) ) ;
#1561 = CARTESIAN_POINT ( 'NONE',  ( -2.500000000000002220, -4.330127018922192761, 0.000000000000000000 ) ) ;
#1562 = CARTESIAN_POINT ( 'NONE',  ( 0.000000000000000000, 0.000000000000000000, 0.000000000000000000 ) ) ;
#1563 = ORIENTED_EDGE ( 'NONE', *, *, #3888, .T. ) ;
#1564 = EDGE_CURVE ( 'NONE', #4500, #2689, #2248, .T. ) ;
#1565 = ADVANCED_FACE ( 'NONE', ( #742 ), #4642, .T. ) ;
#1566 = EDGE_LOOP ( 'NONE', ( #2933, #2113, #2910, #3320 ) ) ;
#1567 = EDGE_CURVE ( 'NONE', #2802, #3232, #1161, .T. ) ;
#1568 = EDGE_CURVE ( 'NONE', #4870, #1624, #3223, .T. ) ;
#1569 = ORIENTED_EDGE ( 'NONE', *, *, #687, .F. ) ;
#1570 = CARTESIAN_POINT ( 'NONE',  ( 3.000000000000000888, -8.000000000000001776, 0.000000000000000000 ) ) ;
#1571 = VERTEX_POINT ( 'NONE', #4620 ) ;
#1572 = FACE_OUTER_BOUND ( 'NONE', #1745, .T. ) ;
#1573 = DIRECTION ( 'NONE',  ( 0.000000000000000000, 0.000000000000000000, 1.000000000000000000 ) ) ;
#1574 = CARTESIAN_POINT ( 'NONE',  ( -5.000000000000000000, 6.123233995736766282E-16, -2.000000000000000000 ) ) ;
#1575 = CARTESIAN_POINT ( 'NONE',  ( 4.180704885107411783, 3.359771601077107928, -0.1983443223721584880 ) ) ;
#1576 = CARTESIAN_POINT ( 'NONE',  ( 0.000000000000000000, 0.000000000000000000, -4.700000000000000178 ) ) ;
#1577 = DIRECTION ( 'NONE',  ( 1.301042606982605321E-16, -1.000000000000000000, 0.000000000000000000 ) ) ;
#1578 = ORIENTED_EDGE ( 'NONE', *, *, #3962, .F. ) ;
#1579 = CIRCLE ( 'NONE', #4485, 5.000000000000000000 ) ;
#1580 = LINE ( 'NONE', #1605, #4316 ) ;
#1581 = DIRECTION ( 'NONE',  ( 0.000000000000000000, 1.000000000000000000, -0.000000000000000000 ) ) ;
#1582 = DIRECTION ( 'NONE',  ( 0.000000000000000000, 1.000000000000000000, 0.000000000000000000 ) ) ;
#1583 = DIRECTION ( 'NONE',  ( 0.000000000000000000, 0.000000000000000000, -1.000000000000000000 ) ) ;
#1584 = ADVANCED_FACE ( 'NONE', ( #2691 ), #4233, .F. ) ;
#1585 = VERTEX_POINT ( 'NONE', #507 ) ;
#1586 =( GEOMETRIC_REPRESENTATION_CONTEXT ( 3 ) GLOBAL_UNCERTAINTY_ASSIGNED_CONTEXT ( ( #1471 ) ) GLOBAL_UNIT_ASSIGNED_CONTEXT ( ( #1824, #1477, #2611 ) ) REPRESENTATION_CONTEXT ( 'NONE', 'WORKASPACE' ) );
#1587 = AXIS2_PLACEMENT_3D ( 'NONE', #1543, #2268, #3356 ) ;
#1588 = EDGE_LOOP ( 'NONE', ( #3488, #916 ) ) ;
#1589 = ITEM_DEFINED_TRANSFORMATION ( 'NONE', 'NONE', #4415,  #951 ) ;
#1590 = EDGE_LOOP ( 'NONE', ( #2680, #4506, #3286, #2513 ) ) ;
#1591 = AXIS2_PLACEMENT_3D ( 'NONE', #2598, #4218, #3805 ) ;
#1592 = ORIENTED_EDGE ( 'NONE', *, *, #3562, .T. ) ;
#1593 = ADVANCED_FACE ( 'NONE', ( #4760 ), #2861, .T. ) ;
#1594 =( GEOMETRIC_REPRESENTATION_CONTEXT ( 3 ) GLOBAL_UNCERTAINTY_ASSIGNED_CONTEXT ( ( #2786 ) ) GLOBAL_UNIT_ASSIGNED_CONTEXT ( ( #2149, #3037, #1875 ) ) REPRESENTATION_CONTEXT ( 'NONE', 'WORKASPACE' ) );
#1595 = DIRECTION ( 'NONE',  ( 1.000000000000000000, 0.000000000000000000, 0.000000000000000000 ) ) ;
#1596 = CARTESIAN_POINT ( 'NONE',  ( 4.000000000000000000, -2.886751345948120662, 4.999999999999999112 ) ) ;
#1597 = CARTESIAN_POINT ( 'NONE',  ( 20.00000000000000355, -14.99999999999999467, 8.000000000000000000 ) ) ;
#1598 = PRESENTATION_LAYER_ASSIGNMENT (  '', '', ( #956 ) ) ;
#1599 = CARTESIAN_POINT ( 'NONE',  ( 5.000000000000000000, -2.886751345948132652, -0.4465819873852062694 ) ) ;
#1600 = CARTESIAN_POINT ( 'NONE',  ( 0.000000000000000000, 4.330127018922190985, 2.500000000000005329 ) ) ;
#1601 = ORIENTED_EDGE ( 'NONE', *, *, #990, .T. ) ;
#1602 = AXIS2_PLACEMENT_3D ( 'NONE', #1466, #2266, #3453 ) ;
#1603 = APPLICATION_CONTEXT ( 'automotive_design' ) ;
#1604 = AXIS2_PLACEMENT_3D ( 'NONE', #910, #1265, #4807 ) ;
#1605 = CARTESIAN_POINT ( 'NONE',  ( 5.000000000000000000, 2.886751345948126879, -5.200000000000000178 ) ) ;
#1606 = PLANE ( 'NONE',  #552 ) ;
#1607 = DIRECTION ( 'NONE',  ( 1.000000000000000000, 0.000000000000000000, 0.000000000000000000 ) ) ;
#1608 = CARTESIAN_POINT ( 'NONE',  ( -19.99999999999999645, -15.00000000000000000, 0.000000000000000000 ) ) ;
#1609 = AXIS2_PLACEMENT_3D ( 'NONE', #1057, #4898, #324 ) ;
#1610 = EDGE_LOOP ( 'NONE', ( #1428, #554, #4351, #1154 ) ) ;
#1611 = VECTOR ( 'NONE', #4070, 1000.000000000000000 ) ;
#1612 = ORIENTED_EDGE ( 'NONE', *, *, #1344, .F. ) ;
#1613 = DIRECTION ( 'NONE',  ( 0.000000000000000000, 0.000000000000000000, 1.000000000000000000 ) ) ;
#1614 = ITEM_DEFINED_TRANSFORMATION ( 'NONE', 'NONE', #2225,  #951 ) ;
#1615 = VERTEX_POINT ( 'NONE', #2430 ) ;
#1616 =( LENGTH_UNIT ( ) NAMED_UNIT ( * ) SI_UNIT ( .MILLI., .METRE. ) );
#1617 = ORIENTED_EDGE ( 'NONE', *, *, #2081, .F. ) ;
#1618 = DIRECTION ( 'NONE',  ( 0.000000000000000000, 0.000000000000000000, 1.000000000000000000 ) ) ;
#1619 = CARTESIAN_POINT ( 'NONE',  ( 8.000000000000000000, 57.50000000000000000, 8.000000000000000000 ) ) ;
#1620 = CARTESIAN_POINT ( 'NONE',  ( -54.82069240682337607, 60.00000000000002132, 5.000000000000000000 ) ) ;
#1621 = PLANE ( 'NONE',  #318 ) ;
#1622 = CARTESIAN_POINT ( 'NONE',  ( 0.04201760816083431604, -0.9730571234388145641, 4.999999999999997335 ) ) ;
#1623 = ORIENTED_EDGE ( 'NONE', *, *, #2655, .F. ) ;
#1624 = VERTEX_POINT ( 'NONE', #3264 ) ;
#1625 = EDGE_CURVE ( 'NONE', #1417, #7, #4732, .T. ) ;
#1626 = DIRECTION ( 'NONE',  ( 0.000000000000000000, -1.000000000000000000, 0.000000000000000000 ) ) ;
#1627 = DIRECTION ( 'NONE',  ( 0.000000000000000000, 0.000000000000000000, -1.000000000000000000 ) ) ;
#1628 = CARTESIAN_POINT ( 'NONE',  ( 7.000000000000000000, -39.07163168584969526, 0.000000000000000000 ) ) ;
#1629 = ORIENTED_EDGE ( 'NONE', *, *, #4472, .T. ) ;
#1630 = ADVANCED_FACE ( 'NONE', ( #838 ), #1991, .F. ) ;
#1631 = EDGE_LOOP ( 'NONE', ( #275, #1398, #1367 ) ) ;
#1632 = AXIS2_PLACEMENT_3D ( 'NONE', #1903, #4236, #768 ) ;
#1633 = PRESENTATION_LAYER_ASSIGNMENT (  '', '', ( #3660 ) ) ;
#1634 = CARTESIAN_POINT ( 'NONE',  ( 39.99999999999999289, 20.00000000000001066, 0.000000000000000000 ) ) ;
#1635 = MANIFOLD_SOLID_BREP ( 'Cut-Extrude1', #1526 ) ;
#1636 = ORIENTED_EDGE ( 'NONE', *, *, #2540, .F. ) ;
#1637 = ADVANCED_FACE ( 'NONE', ( #3184 ), #4373, .T. ) ;
#1638 =( NAMED_UNIT ( * ) PLANE_ANGLE_UNIT ( ) SI_UNIT ( $, .RADIAN. ) );
#1639 = ORIENTED_EDGE ( 'NONE', *, *, #4702, .T. ) ;
#1640 = DIRECTION ( 'NONE',  ( -0.8660254037844382635, 0.5000000000000005551, 0.000000000000000000 ) ) ;
#1641 = DIRECTION ( 'NONE',  ( 0.000000000000000000, -1.000000000000000000, 0.000000000000000000 ) ) ;
#1642 = FACE_OUTER_BOUND ( 'NONE', #1084, .T. ) ;
#1643 = CARTESIAN_POINT ( 'NONE',  ( 54.99999999999997158, 60.00000000000000711, 3.000000000000000000 ) ) ;
#1644 = DIRECTION ( 'NONE',  ( 0.000000000000000000, -0.5000000000000009992, 0.8660254037844380415 ) ) ;
#1645 = ORIENTED_EDGE ( 'NONE', *, *, #1070, .T. ) ;
#1646 = VERTEX_POINT ( 'NONE', #1619 ) ;
#1647 = DIRECTION ( 'NONE',  ( -0.000000000000000000, -0.000000000000000000, -1.000000000000000000 ) ) ;
#1648 = CARTESIAN_POINT ( 'NONE',  ( 69.99999999999998579, 60.00000000000001421, 8.000000000000000000 ) ) ;
#1649 = PLANE ( 'NONE',  #1182 ) ;
#1650 = DIRECTION ( 'NONE',  ( 1.000000000000000000, 0.000000000000000000, 0.000000000000000000 ) ) ;
#1651 = PRODUCT ( 'Gripper Finger', 'Gripper Finger', '', ( #4635 ) ) ;
#1652 = ORIENTED_EDGE ( 'NONE', *, *, #2748, .F. ) ;
#1653 = VECTOR ( 'NONE', #4362, 1000.000000000000000 ) ;
#1654 = EDGE_CURVE ( 'NONE', #1776, #1417, #3645, .T. ) ;
#1655 = EDGE_CURVE ( 'NONE', #1615, #3736, #4525, .T. ) ;
#1656 = VERTEX_POINT ( 'NONE', #3164 ) ;
#1657 = CARTESIAN_POINT ( 'NONE',  ( -5.000000000000000888, 0.9828435001097615142, -0.04309034703445734776 ) ) ;
#1658 = AXIS2_PLACEMENT_3D ( 'NONE', #4912, #3343, #610 ) ;
#1659 = CARTESIAN_POINT ( 'NONE',  ( 3.499999999999999556, 5.000000000000000000, 0.000000000000000000 ) ) ;
#1660 = PRODUCT_DEFINITION ( 'UNKNOWN', '', #3844, #1156 ) ;
#1661 = AXIS2_PLACEMENT_3D ( 'NONE', #4097, #628, #195 ) ;
#1662 = ORIENTED_EDGE ( 'NONE', *, *, #2864, .T. ) ;
#1663 = EDGE_CURVE ( 'NONE', #4723, #175, #2495, .T. ) ;
#1664 = PRODUCT_DEFINITION_FORMATION_WITH_SPECIFIED_SOURCE ( 'ANY', '', #2669, .NOT_KNOWN. ) ;
#1665 = VECTOR ( 'NONE', #69, 1000.000000000000000 ) ;
#1666 = VERTEX_POINT ( 'NONE', #2018 ) ;
#1667 = CIRCLE ( 'NONE', #1987, 3.250000000000000000 ) ;
#1668 = CARTESIAN_POINT ( 'NONE',  ( -8.000000000000000000, 57.50000000000000000, 8.000000000000000000 ) ) ;
#1669 =( NAMED_UNIT ( * ) PLANE_ANGLE_UNIT ( ) SI_UNIT ( $, .RADIAN. ) );
#1670 = FACE_BOUND ( 'NONE', #1403, .T. ) ;
#1671 = CARTESIAN_POINT ( 'NONE',  ( 5.000000000000000888, -8.000000000000001776, 8.000000000000000000 ) ) ;
#1672 = CYLINDRICAL_SURFACE ( 'NONE', #3532, 2.000000000000000000 ) ;
#1673 = ORIENTED_EDGE ( 'NONE', *, *, #1965, .T. ) ;
#1674 = AXIS2_PLACEMENT_3D ( 'NONE', #3289, #659, #2170 ) ;
#1675 = EDGE_LOOP ( 'NONE', ( #754, #2761, #3551, #4438 ) ) ;
#1676 = CARTESIAN_POINT ( 'NONE',  ( -5.007715329123867711E-16, -5.773502691896262640, -4.699999999999999289 ) ) ;
#1677 = CARTESIAN_POINT ( 'NONE',  ( 3.499999999999999556, 2.886751345948122882, -5.000000000000000000 ) ) ;
#1678 = DIRECTION ( 'NONE',  ( 0.000000000000000000, 0.000000000000000000, 1.000000000000000000 ) ) ;
#1679 = CARTESIAN_POINT ( 'NONE',  ( -30.00000000000001421, -10.00000000000000888, 3.000000000000000000 ) ) ;
#1680 = CARTESIAN_POINT ( 'NONE',  ( 4.250000000000000888, -4.000000000000003553, 7.000000000000000000 ) ) ;
#1681 = CIRCLE ( 'NONE', #4270, 5.000000000000000888 ) ;
#1682 = EDGE_LOOP ( 'NONE', ( #3162, #3706, #4082, #3326 ) ) ;
#1683 = MECHANICAL_DESIGN_GEOMETRIC_PRESENTATION_REPRESENTATION (  '', ( #2657 ), #942 ) ;
#1684 = AXIS2_PLACEMENT_3D ( 'NONE', #692, #315, #1856 ) ;
#1685 = EDGE_LOOP ( 'NONE', ( #986, #4637, #1700, #4725 ) ) ;
#1686 = MECHANICAL_DESIGN_GEOMETRIC_PRESENTATION_REPRESENTATION (  '', ( #2821 ), #2327 ) ;
#1687 = CYLINDRICAL_SURFACE ( 'NONE', #726, 3.249999999999999556 ) ;
#1688 = CARTESIAN_POINT ( 'NONE',  ( 28.44549999999999557, 0.000000000000000000, 0.000000000000000000 ) ) ;
#1689 = CONTEXT_DEPENDENT_SHAPE_REPRESENTATION ( #2014, #4963 ) ;
#1690 = AXIS2_PLACEMENT_3D ( 'NONE', #4533, #4805, #2920 ) ;
#1691 = VECTOR ( 'NONE', #4450, 1000.000000000000000 ) ;
#1692 = ORIENTED_EDGE ( 'NONE', *, *, #2777, .T. ) ;
#1693 = EDGE_LOOP ( 'NONE', ( #1558, #2247 ) ) ;
#1694 = ADVANCED_FACE ( 'NONE', ( #2814 ), #3566, .T. ) ;
#1695 = DIRECTION ( 'NONE',  ( -0.000000000000000000, -0.000000000000000000, -1.000000000000000000 ) ) ;
#1696 = DIRECTION ( 'NONE',  ( 1.000000000000000000, -0.000000000000000000, -0.000000000000000000 ) ) ;
#1697 = DIRECTION ( 'NONE',  ( 1.000000000000000000, 1.301042606982605321E-16, -0.000000000000000000 ) ) ;
#1698 =( REPRESENTATION_RELATIONSHIP ('NONE','NONE', #3347, #1797 ) REPRESENTATION_RELATIONSHIP_WITH_TRANSFORMATION ( #1108 )SHAPE_REPRESENTATION_RELATIONSHIP( ) );
#1699 = CARTESIAN_POINT ( 'NONE',  ( -3.716357056078242738E-15, -4.207632145829742321, 2.712167343862823543 ) ) ;
#1700 = ORIENTED_EDGE ( 'NONE', *, *, #2410, .T. ) ;
#1701 = ORIENTED_EDGE ( 'NONE', *, *, #2614, .T. ) ;
#1702 = DIRECTION ( 'NONE',  ( 0.000000000000000000, 0.000000000000000000, -1.000000000000000000 ) ) ;
#1703 = CARTESIAN_POINT ( 'NONE',  ( -4.180704885107415336, -3.359771601077111036, -0.1983443223721600701 ) ) ;
#1704 = CARTESIAN_POINT ( 'NONE',  ( 0.000000000000000000, 0.000000000000000000, 0.000000000000000000 ) ) ;
#1705 = FACE_OUTER_BOUND ( 'NONE', #2533, .T. ) ;
#1706 =( GEOMETRIC_REPRESENTATION_CONTEXT ( 3 ) GLOBAL_UNCERTAINTY_ASSIGNED_CONTEXT ( ( #2117 ) ) GLOBAL_UNIT_ASSIGNED_CONTEXT ( ( #183, #4785, #489 ) ) REPRESENTATION_CONTEXT ( 'NONE', 'WORKASPACE' ) );
#1707 = FACE_OUTER_BOUND ( 'NONE', #2898, .T. ) ;
#1708 = ORIENTED_EDGE ( 'NONE', *, *, #451, .T. ) ;
#1709 = EDGE_CURVE ( 'NONE', #1997, #2523, #640, .T. ) ;
#1710 = EDGE_LOOP ( 'NONE', ( #857, #3776 ) ) ;
#1711 = DIRECTION ( 'NONE',  ( -1.000000000000000000, 0.000000000000000000, -8.673617379884040402E-16 ) ) ;
#1712 = DIRECTION ( 'NONE',  ( 4.956352788505162775E-17, 1.000000000000000000, -0.000000000000000000 ) ) ;
#1713 = EDGE_CURVE ( 'NONE', #2708, #4161, #3233, .T. ) ;
#1714 = ADVANCED_FACE ( 'NONE', ( #3615 ), #969, .T. ) ;
#1715 = MANIFOLD_SOLID_BREP ( 'Boss-Extrude5', #4343 ) ;
#1716 = VERTEX_POINT ( 'NONE', #4056 ) ;
#1717 = EDGE_CURVE ( 'NONE', #643, #3586, #801, .T. ) ;
#1718 = LINE ( 'NONE', #2504, #3 ) ;
#1719 = CARTESIAN_POINT ( 'NONE',  ( 702.6134412343789108, 854.2061881403437837, 1315.493958478049763 ) ) ;
#1720 = VERTEX_POINT ( 'NONE', #4158 ) ;
#1721 = ADVANCED_FACE ( 'NONE', ( #1348 ), #2660, .F. ) ;
#1722 = DIRECTION ( 'NONE',  ( -1.000000000000000000, -0.000000000000000000, -0.000000000000000000 ) ) ;
#1723 = DIRECTION ( 'NONE',  ( 0.000000000000000000, 0.000000000000000000, -1.000000000000000000 ) ) ;
#1724 = CARTESIAN_POINT ( 'NONE',  ( -5.000000000000000000, 2.886751345948128655, -5.200000000000000178 ) ) ;
#1725 = CARTESIAN_POINT ( 'NONE',  ( 0.000000000000000000, 15.77350269189625820, -4.699999999999999289 ) ) ;
#1726 = ORIENTED_EDGE ( 'NONE', *, *, #2157, .T. ) ;
#1727 = ORIENTED_EDGE ( 'NONE', *, *, #2913, .T. ) ;
#1728 = DIRECTION ( 'NONE',  ( 1.000000000000000000, 0.000000000000000000, 0.000000000000000000 ) ) ;
#1729 = DIRECTION ( 'NONE',  ( 0.000000000000000000, 0.000000000000000000, -1.000000000000000000 ) ) ;
#1730 = DIRECTION ( 'NONE',  ( 1.000000000000000000, 0.000000000000000000, -0.000000000000000000 ) ) ;
#1731 = ADVANCED_FACE ( 'NONE', ( #3668 ), #201, .T. ) ;
#1732 = DIRECTION ( 'NONE',  ( 0.000000000000000000, 0.000000000000000000, 1.000000000000000000 ) ) ;
#1733 = ADVANCED_FACE ( 'NONE', ( #1451 ), #1748, .F. ) ;
#1734 = LINE ( 'NONE', #3275, #4904 ) ;
#1735 = ORIENTED_EDGE ( 'NONE', *, *, #252, .F. ) ;
#1736 = EDGE_LOOP ( 'NONE', ( #3240, #1905 ) ) ;
#1737 = DIRECTION ( 'NONE',  ( -0.000000000000000000, -0.000000000000000000, 1.000000000000000000 ) ) ;
#1738 = EDGE_CURVE ( 'NONE', #832, #2667, #636, .T. ) ;
#1739 = DIRECTION ( 'NONE',  ( 1.000000000000000000, -4.956352788505162775E-17, 0.000000000000000000 ) ) ;
#1740 = PRODUCT_DEFINITION_SHAPE ( 'NONE', 'NONE',  #2867 ) ;
#1741 = PRESENTATION_LAYER_ASSIGNMENT (  '', '', ( #1897 ) ) ;
#1742 = ORIENTED_EDGE ( 'NONE', *, *, #4130, .T. ) ;
#1743 = DIRECTION ( 'NONE',  ( 0.9728948894442868145, -0.2312477764070151043, 0.000000000000000000 ) ) ;
#1744 =( GEOMETRIC_REPRESENTATION_CONTEXT ( 3 ) GLOBAL_UNCERTAINTY_ASSIGNED_CONTEXT ( ( #255 ) ) GLOBAL_UNIT_ASSIGNED_CONTEXT ( ( #4215, #4284, #3092 ) ) REPRESENTATION_CONTEXT ( 'NONE', 'WORKASPACE' ) );
#1745 = EDGE_LOOP ( 'NONE', ( #1002, #4405, #2995, #4017 ) ) ;
#1746 = DIRECTION ( 'NONE',  ( 0.000000000000000000, 0.000000000000000000, 1.000000000000000000 ) ) ;
#1747 = DIRECTION ( 'NONE',  ( -1.000000000000000000, -0.000000000000000000, -0.000000000000000000 ) ) ;
#1748 = PLANE ( 'NONE',  #75 ) ;
#1749 = LINE ( 'NONE', #4836, #288 ) ;
#1750 = DIRECTION ( 'NONE',  ( -0.000000000000000000, -0.000000000000000000, 1.000000000000000000 ) ) ;
#1751 = CARTESIAN_POINT ( 'NONE',  ( 0.000000000000000000, 0.000000000000000000, 5.000000000000000000 ) ) ;
#1752 = EDGE_CURVE ( 'NONE', #4312, #2564, #2922, .T. ) ;
#1753 = ORIENTED_EDGE ( 'NONE', *, *, #1910, .F. ) ;
#1754 = EDGE_LOOP ( 'NONE', ( #1812, #3346 ) ) ;
#1755 = AXIS2_PLACEMENT_3D ( 'NONE', #3960, #3174, #776 ) ;
#1756 = EDGE_CURVE ( 'NONE', #4456, #3464, #4458, .T. ) ;
#1757 = SURFACE_STYLE_USAGE ( .BOTH. , #4566 ) ;
#1758 = PLANE ( 'NONE',  #2792 ) ;
#1759 = PLANE ( 'NONE',  #3458 ) ;
#1760 = LINE ( 'NONE', #3980, #2317 ) ;
#1761 = CIRCLE ( 'NONE', #3123, 3.000000000000000000 ) ;
#1762 = DIRECTION ( 'NONE',  ( 4.956352788505162775E-17, 1.000000000000000000, -0.000000000000000000 ) ) ;
#1763 = VERTEX_POINT ( 'NONE', #258 ) ;
#1764 = FACE_BOUND ( 'NONE', #4112, .T. ) ;
#1765 = CARTESIAN_POINT ( 'NONE',  ( -5.000000000000000000, 1.947085426416877763, -0.1996207071196905714 ) ) ;
#1766 = FACE_OUTER_BOUND ( 'NONE', #2859, .T. ) ;
#1767 = CIRCLE ( 'NONE', #2072, 3.499999999999999556 ) ;
#1768 = AXIS2_PLACEMENT_3D ( 'NONE', #3778, #4221, #697 ) ;
#1769 =( REPRESENTATION_RELATIONSHIP ('NONE','NONE', #3347, #250 ) REPRESENTATION_RELATIONSHIP_WITH_TRANSFORMATION ( #4390 )SHAPE_REPRESENTATION_RELATIONSHIP( ) );
#1770 = VECTOR ( 'NONE', #4229, 1000.000000000000000 ) ;
#1771 = VERTEX_POINT ( 'NONE', #4885 ) ;
#1772 = CARTESIAN_POINT ( 'NONE',  ( 662.6134412343791382, 912.7472078030933744, 1327.493958478049763 ) ) ;
#1773 = VECTOR ( 'NONE', #861, 1000.000000000000000 ) ;
#1774 = AXIS2_PLACEMENT_3D ( 'NONE', #2734, #4277, #1496 ) ;
#1775 = B_SPLINE_CURVE_WITH_KNOTS ( 'NONE', 3,
 ( #2723, #4871, #3069, #381 ),
 .UNSPECIFIED., .F., .F.,
 ( 4, 4 ),
 ( 2.380735200832056055E-07, 0.002921158011986727671 ),
 .UNSPECIFIED. ) ;
#1776 = VERTEX_POINT ( 'NONE', #1424 ) ;
#1777 = DIRECTION ( 'NONE',  ( -0.000000000000000000, -0.000000000000000000, -1.000000000000000000 ) ) ;
#1778 = FILL_AREA_STYLE_COLOUR ( '', #3707 ) ;
#1779 = DIRECTION ( 'NONE',  ( 1.000000000000000000, 0.000000000000000000, 0.000000000000000000 ) ) ;
#1780 = SHAPE_REPRESENTATION_RELATIONSHIP ( 'NONE' , 'NONE' ,  #1797, #929 ) ;
#1781 = ADVANCED_FACE ( 'NONE', ( #2968 ), #4510, .F. ) ;
#1782 = ORIENTED_EDGE ( 'NONE', *, *, #702, .F. ) ;
#1783 = ADVANCED_FACE ( 'NONE', ( #2198, #4911, #3741 ), #685, .T. ) ;
#1784 = ORIENTED_EDGE ( 'NONE', *, *, #4663, .F. ) ;
#1785 = B_SPLINE_CURVE_WITH_KNOTS ( 'NONE', 3,
 ( #3906, #443, #1979, #3527, #2774, #2003, #751, #3554 ),
 .UNSPECIFIED., .F., .F.,
 ( 4, 2, 2, 4 ),
 ( 0.002921158011986711624, 0.003648658599403067047, 0.004376159186819422037, 0.005831160361652133750 ),
 .UNSPECIFIED. ) ;
#1786 = CARTESIAN_POINT ( 'NONE',  ( 0.000000000000000000, -22.50000000000000000, 0.000000000000000000 ) ) ;
#1787 = DIRECTION ( 'NONE',  ( -0.000000000000000000, -0.000000000000000000, -1.000000000000000000 ) ) ;
#1788 = ORIENTED_EDGE ( 'NONE', *, *, #1140, .T. ) ;
#1789 = EDGE_CURVE ( 'NONE', #346, #4069, #4638, .T. ) ;
#1790 = CARTESIAN_POINT ( 'NONE',  ( 55.00000000000000000, -59.99999999999999289, 0.000000000000000000 ) ) ;
#1791 = CARTESIAN_POINT ( 'NONE',  ( 4.250000000000000888, 0.9999999999999965583, 1.000000000000000666 ) ) ;
#1792 = FACE_OUTER_BOUND ( 'NONE', #4717, .T. ) ;
#1793 = ORIENTED_EDGE ( 'NONE', *, *, #284, .F. ) ;
#1794 = ORIENTED_EDGE ( 'NONE', *, *, #1433, .F. ) ;
#1795 = CARTESIAN_POINT ( 'NONE',  ( 675.6134412335227353, 982.7472078032851641, 1315.493958478049763 ) ) ;
#1796 = ORIENTED_EDGE ( 'NONE', *, *, #614, .F. ) ;
#1797 = SHAPE_REPRESENTATION ( 'Gripper Finger', ( #951 ), #1594 ) ;
#1798 = EDGE_CURVE ( 'NONE', #3786, #4780, #2001, .T. ) ;
#1799 = PLANE ( 'NONE',  #2583 ) ;
#1800 = PLANE ( 'NONE',  #1658 ) ;
#1801 = ORIENTED_EDGE ( 'NONE', *, *, #1484, .F. ) ;
#1802 = ORIENTED_EDGE ( 'NONE', *, *, #4151, .T. ) ;
#1803 = CARTESIAN_POINT ( 'NONE',  ( -19.99999999999999645, 15.00000000000000000, 8.000000000000000000 ) ) ;
#1804 = DIRECTION ( 'NONE',  ( 1.000000000000000000, 0.000000000000000000, -0.000000000000000000 ) ) ;
#1805 = DIRECTION ( 'NONE',  ( -1.000000000000000000, -0.000000000000000000, -0.000000000000000000 ) ) ;
#1806 = DIRECTION ( 'NONE',  ( 0.000000000000000000, 0.000000000000000000, 1.000000000000000000 ) ) ;
#1807 = DIRECTION ( 'NONE',  ( 0.000000000000000000, 0.000000000000000000, 1.000000000000000000 ) ) ;
#1808 = VERTEX_POINT ( 'NONE', #331 ) ;
#1809 = DIRECTION ( 'NONE',  ( -0.000000000000000000, -0.000000000000000000, 1.000000000000000000 ) ) ;
#1810 = FACE_OUTER_BOUND ( 'NONE', #2013, .T. ) ;
#1811 = PRODUCT_DEFINITION_SHAPE ( 'NONE', 'NONE',  #2119 ) ;
#1812 = ORIENTED_EDGE ( 'NONE', *, *, #4555, .F. ) ;
#1813 = EDGE_CURVE ( 'NONE', #4610, #3464, #405, .T. ) ;
#1814 = EDGE_LOOP ( 'NONE', ( #3003, #9, #3593, #2971 ) ) ;
#1815 = EDGE_CURVE ( 'NONE', #41, #1922, #3105, .T. ) ;
#1816 = APPLICATION_PROTOCOL_DEFINITION ( 'draft international standard', 'automotive_design', 1998, #1350 ) ;
#1817 = EDGE_LOOP ( 'NONE', ( #4718, #2393, #1569 ) ) ;
#1818 = VECTOR ( 'NONE', #2459, 1000.000000000000000 ) ;
#1819 = EDGE_CURVE ( 'NONE', #3262, #1871, #3436, .T. ) ;
#1820 = CARTESIAN_POINT ( 'NONE',  ( -29.58257569495585670, 60.00000000000001421, 0.000000000000000000 ) ) ;
#1821 = LINE ( 'NONE', #1401, #4657 ) ;
#1822 = CIRCLE ( 'NONE', #777, 3.250000000000000444 ) ;
#1823 = CONICAL_SURFACE ( 'NONE', #1341, 3.000000000000000444, 0.9599310885968843632 ) ;
#1824 =( LENGTH_UNIT ( ) NAMED_UNIT ( * ) SI_UNIT ( .MILLI., .METRE. ) );
#1825 = VERTEX_POINT ( 'NONE', #1873 ) ;
#1826 = ORIENTED_EDGE ( 'NONE', *, *, #3461, .T. ) ;
#1827 = AXIS2_PLACEMENT_3D ( 'NONE', #4072, #2576, #4128 ) ;
#1828 = DIRECTION ( 'NONE',  ( 0.000000000000000000, 1.000000000000000000, 0.000000000000000000 ) ) ;
#1829 = DIRECTION ( 'NONE',  ( 1.000000000000000000, 0.000000000000000000, 0.000000000000000000 ) ) ;
#1830 = PLANE ( 'NONE',  #3108 ) ;
#1831 = CARTESIAN_POINT ( 'NONE',  ( 0.000000000000000000, 0.000000000000000000, 0.000000000000000000 ) ) ;
#1832 = ORIENTED_EDGE ( 'NONE', *, *, #4352, .T. ) ;
#1833 = DIRECTION ( 'NONE',  ( -0.000000000000000000, -0.000000000000000000, 1.000000000000000000 ) ) ;
#1834 = LINE ( 'NONE', #698, #3065 ) ;
#1835 = DIRECTION ( 'NONE',  ( 0.000000000000000000, 0.000000000000000000, 1.000000000000000000 ) ) ;
#1836 = EDGE_LOOP ( 'NONE', ( #3190, #950, #1793 ) ) ;
#1837 =( GEOMETRIC_REPRESENTATION_CONTEXT ( 3 ) GLOBAL_UNCERTAINTY_ASSIGNED_CONTEXT ( ( #3178 ) ) GLOBAL_UNIT_ASSIGNED_CONTEXT ( ( #4832, #1420, #4504 ) ) REPRESENTATION_CONTEXT ( 'NONE', 'WORKASPACE' ) );
#1838 = ADVANCED_BREP_SHAPE_REPRESENTATION ( '', ( #1360, #951 ), #49 ) ;
#1839 = EDGE_LOOP ( 'NONE', ( #3160, #3179, #3053, #735 ) ) ;
#1840 = VECTOR ( 'NONE', #3700, 1000.000000000000000 ) ;
#1841 = DIRECTION ( 'NONE',  ( 0.4256665124984304605, 0.9048801136821515989, 0.000000000000000000 ) ) ;
#1842 = ORIENTED_EDGE ( 'NONE', *, *, #2755, .F. ) ;
#1843 = AXIS2_PLACEMENT_3D ( 'NONE', #892, #531, #2065 ) ;
#1844 = EDGE_CURVE ( 'NONE', #925, #2061, #4606, .T. ) ;
#1845 = VERTEX_POINT ( 'NONE', #4961 ) ;
#1846 = CARTESIAN_POINT ( 'NONE',  ( 0.000000000000000000, 15.77350269189625820, -4.699999999999999289 ) ) ;
#1847 = CIRCLE ( 'NONE', #2827, 3.250000000000002665 ) ;
#1848 = CARTESIAN_POINT ( 'NONE',  ( 5.000000000000000888, -1.936377641173858244, -0.1973691732449220082 ) ) ;
#1849 = AXIS2_PLACEMENT_3D ( 'NONE', #1128, #1889, #4549 ) ;
#1850 =( NAMED_UNIT ( * ) PLANE_ANGLE_UNIT ( ) SI_UNIT ( $, .RADIAN. ) );
#1851 = ORIENTED_EDGE ( 'NONE', *, *, #180, .F. ) ;
#1852 = EDGE_CURVE ( 'NONE', #273, #2382, #1283, .T. ) ;
#1853 = EDGE_CURVE ( 'NONE', #3086, #1291, #1924, .T. ) ;
#1854 = PRODUCT ( 'hex screw gradeab_iso_ISO 4017 - M6 x 25-N', 'hex screw gradeab_iso_ISO 4017 - M6 x 25-N', '', ( #732 ) ) ;
#1855 = FACE_OUTER_BOUND ( 'NONE', #2632, .T. ) ;
#1856 = DIRECTION ( 'NONE',  ( 1.000000000000000000, 0.000000000000000000, 0.000000000000000000 ) ) ;
#1857 = CARTESIAN_POINT ( 'NONE',  ( -1.648146632869000427, -4.821944789745369775, 1.476341143117834516E-15 ) ) ;
#1858 = CARTESIAN_POINT ( 'NONE',  ( 0.000000000000000000, 0.000000000000000000, 16.00000000000000000 ) ) ;
#1859 = ORIENTED_EDGE ( 'NONE', *, *, #1253, .F. ) ;
#1860 = ADVANCED_FACE ( 'NONE', ( #1549 ), #4279, .T. ) ;
#1861 = DIRECTION ( 'NONE',  ( 1.000000000000000000, 0.000000000000000000, 0.000000000000000000 ) ) ;
#1862 = CARTESIAN_POINT ( 'NONE',  ( 3.000000000000000888, 7.999999999999998224, 0.000000000000000000 ) ) ;
#1863 = DIRECTION ( 'NONE',  ( -1.000000000000000000, 0.000000000000000000, 0.000000000000000000 ) ) ;
#1864 =( REPRESENTATION_RELATIONSHIP ('NONE','NONE', #3347, #4901 ) REPRESENTATION_RELATIONSHIP_WITH_TRANSFORMATION ( #523 )SHAPE_REPRESENTATION_RELATIONSHIP( ) );
#1865 = EDGE_LOOP ( 'NONE', ( #683, #2787, #4297, #2426, #4228, #1940 ) ) ;
#1866 = EDGE_CURVE ( 'NONE', #2503, #2541, #3087, .T. ) ;
#1867 = ORIENTED_EDGE ( 'NONE', *, *, #4034, .F. ) ;
#1868 = EDGE_CURVE ( 'NONE', #1551, #4219, #27, .T. ) ;
#1869 = B_SPLINE_CURVE_WITH_KNOTS ( 'NONE', 3,
 ( #1600, #4237, #1932, #2379, #1147, #4287, #3168, #1218 ),
 .UNSPECIFIED., .F., .F.,
 ( 4, 2, 2, 4 ),
 ( 0.002921158011986709022, 0.003648658599403064879, 0.004376159186819420302, 0.005831160361652132015 ),
 .UNSPECIFIED. ) ;
#1870 = UNCERTAINTY_MEASURE_WITH_UNIT (LENGTH_MEASURE( 1.000000000000000082E-05 ), #3066, 'distance_accuracy_value', 'NONE');
#1871 = VERTEX_POINT ( 'NONE', #3413 ) ;
#1872 = VECTOR ( 'NONE', #819, 1000.000000000000000 ) ;
#1873 = CARTESIAN_POINT ( 'NONE',  ( -1.599999999999997202, 3.918869757271530460E-16, -3.200000000000000178 ) ) ;
#1874 = DIRECTION ( 'NONE',  ( 0.000000000000000000, 1.000000000000000000, 0.000000000000000000 ) ) ;
#1875 =( NAMED_UNIT ( * ) SI_UNIT ( $, .STERADIAN. ) SOLID_ANGLE_UNIT ( ) );
#1876 = ADVANCED_FACE ( 'NONE', ( #4252 ), #4659, .F. ) ;
#1877 = EDGE_LOOP ( 'NONE', ( #4737, #3550, #3892, #4679 ) ) ;
#1878 = LINE ( 'NONE', #787, #4684 ) ;
#1879 = CARTESIAN_POINT ( 'NONE',  ( 5.000000000000000000, 2.886751345948131320, -0.4465819873852062694 ) ) ;
#1880 = LINE ( 'NONE', #670, #4403 ) ;
#1881 = LINE ( 'NONE', #4595, #2493 ) ;
#1882 = PRODUCT_RELATED_PRODUCT_CATEGORY ( 'part', '', ( #4563 ) ) ;
#1883 = CARTESIAN_POINT ( 'NONE',  ( 3.000000000000000444, 3.673940397442059868E-16, 0.000000000000000000 ) ) ;
#1884 = FACE_OUTER_BOUND ( 'NONE', #3308, .T. ) ;
#1885 = EDGE_LOOP ( 'NONE', ( #2874, #2358, #2124, #1380 ) ) ;
#1886 = EDGE_CURVE ( 'NONE', #175, #4857, #1475, .T. ) ;
#1887 = ADVANCED_FACE ( 'NONE', ( #2687 ), #1967, .T. ) ;
#1888 = PRESENTATION_STYLE_ASSIGNMENT (( #364 ) ) ;
#1889 = DIRECTION ( 'NONE',  ( 0.000000000000000000, 0.000000000000000000, 1.000000000000000000 ) ) ;
#1890 = CYLINDRICAL_SURFACE ( 'NONE', #4738, 3.250000000000002665 ) ;
#1891 = EDGE_LOOP ( 'NONE', ( #2152, #2428, #296, #3735 ) ) ;
#1892 = CONTEXT_DEPENDENT_SHAPE_REPRESENTATION ( #733, #4452 ) ;
#1893 = PRODUCT_DEFINITION_SHAPE ( 'NONE', 'NONE',  #917 ) ;
#1894 = EDGE_LOOP ( 'NONE', ( #1479, #4210, #2390 ) ) ;
#1895 = CARTESIAN_POINT ( 'NONE',  ( 0.000000000000000000, 0.000000000000000000, -5.200000000000000178 ) ) ;
#1896 = FACE_OUTER_BOUND ( 'NONE', #4695, .T. ) ;
#1897 = STYLED_ITEM ( 'NONE', ( #618 ), #3319 ) ;
#1898 = EDGE_LOOP ( 'NONE', ( #4865, #747, #2269 ) ) ;
#1899 = CARTESIAN_POINT ( 'NONE',  ( -54.82069240682337607, 60.00000000000002132, 3.000000000000000000 ) ) ;
#1900 = CIRCLE ( 'NONE', #46, 5.000000000000000000 ) ;
#1901 = DIRECTION ( 'NONE',  ( -1.000000000000000000, -0.000000000000000000, 0.000000000000000000 ) ) ;
#1902 = CARTESIAN_POINT ( 'NONE',  ( -29.58257569495585315, 60.00000000000001421, 5.000000000000000000 ) ) ;
#1903 = CARTESIAN_POINT ( 'NONE',  ( 0.000000000000000000, 0.000000000000000000, -5.200000000000000178 ) ) ;
#1904 = CARTESIAN_POINT ( 'NONE',  ( 0.000000000000000000, 0.000000000000000000, 8.000000000000000000 ) ) ;
#1905 = ORIENTED_EDGE ( 'NONE', *, *, #4582, .F. ) ;
#1906 = VECTOR ( 'NONE', #34, 1000.000000000000000 ) ;
#1907 = CIRCLE ( 'NONE', #2309, 3.249999999999999556 ) ;
#1908 = CARTESIAN_POINT ( 'NONE',  ( 0.05140428708382959594, -4.819072548984010496, -1.653121499799247607 ) ) ;
#1909 = FACE_OUTER_BOUND ( 'NONE', #3853, .T. ) ;
#1910 = EDGE_CURVE ( 'NONE', #3405, #4964, #784, .T. ) ;
#1911 = LINE ( 'NONE', #1542, #221 ) ;
#1912 = AXIS2_PLACEMENT_3D ( 'NONE', #1152, #93, #21 ) ;
#1913 = CARTESIAN_POINT ( 'NONE',  ( 3.250000000000001776, -39.07163168584969526, 5.000000000000000000 ) ) ;
#1914 = ORIENTED_EDGE ( 'NONE', *, *, #2245, .T. ) ;
#1915 = CIRCLE ( 'NONE', #3209, 5.000000000000000888 ) ;
#1916 = VERTEX_POINT ( 'NONE', #736 ) ;
#1917 = VECTOR ( 'NONE', #563, 1000.000000000000000 ) ;
#1918 = PRODUCT_CONTEXT ( 'NONE', #1241, 'mechanical' ) ;
#1919 = ORIENTED_EDGE ( 'NONE', *, *, #1930, .F. ) ;
#1920 = CARTESIAN_POINT ( 'NONE',  ( -5.000000000000000000, 2.886751345948128655, -4.699999999999999289 ) ) ;
#1921 = VECTOR ( 'NONE', #2228, 1000.000000000000227 ) ;
#1922 = VERTEX_POINT ( 'NONE', #1085 ) ;
#1923 = CIRCLE ( 'NONE', #4753, 0.2500000000000002220 ) ;
#1924 = CIRCLE ( 'NONE', #396, 4.999999999999997335 ) ;
#1925 = FACE_BOUND ( 'NONE', #1588, .T. ) ;
#1926 = DIRECTION ( 'NONE',  ( 0.000000000000000000, 0.000000000000000000, -1.000000000000000000 ) ) ;
#1927 = DIRECTION ( 'NONE',  ( 4.956352788505161542E-17, 1.000000000000000000, 0.000000000000000000 ) ) ;
#1928 = CARTESIAN_POINT ( 'NONE',  ( 7.336970286628697342E-16, 5.773502691896259087, -5.200000000000000178 ) ) ;
#1929 = ADVANCED_FACE ( 'NONE', ( #2635 ), #712, .F. ) ;
#1930 = EDGE_CURVE ( 'NONE', #3690, #4765, #3535, .T. ) ;
#1931 = DIRECTION ( 'NONE',  ( 1.000000000000000000, 0.000000000000000000, -0.000000000000000000 ) ) ;
#1932 = CARTESIAN_POINT ( 'NONE',  ( 0.01055556052338943798, 4.575665857285978966, 2.074714256722482109 ) ) ;
#1933 = VECTOR ( 'NONE', #459, 1000.000000000000000 ) ;
#1934 = EDGE_LOOP ( 'NONE', ( #2178, #2423 ) ) ;
#1935 = AXIS2_PLACEMENT_3D ( 'NONE', #2575, #2625, #2210 ) ;
#1936 = CARTESIAN_POINT ( 'NONE',  ( -5.000000000000000000, 2.886751345948128655, -5.200000000000000178 ) ) ;
#1937 = FACE_OUTER_BOUND ( 'NONE', #602, .T. ) ;
#1938 = CARTESIAN_POINT ( 'NONE',  ( -3.249999999999996891, -7.499999999999999112, 0.000000000000000000 ) ) ;
#1939 = DIRECTION ( 'NONE',  ( -1.000000000000000000, 0.000000000000000000, 0.000000000000000000 ) ) ;
#1940 = ORIENTED_EDGE ( 'NONE', *, *, #329, .F. ) ;
#1941 = EDGE_CURVE ( 'NONE', #2264, #228, #2108, .T. ) ;
#1942 = ORIENTED_EDGE ( 'NONE', *, *, #1853, .F. ) ;
#1943 = PRODUCT_CONTEXT ( 'NONE', #4801, 'mechanical' ) ;
#1944 = VERTEX_POINT ( 'NONE', #3234 ) ;
#1945 = CARTESIAN_POINT ( 'NONE',  ( 0.000000000000000000, -47.50000000000000000, 8.000000000000000000 ) ) ;
#1946 =( NAMED_UNIT ( * ) SI_UNIT ( $, .STERADIAN. ) SOLID_ANGLE_UNIT ( ) );
#1947 = ORIENTED_EDGE ( 'NONE', *, *, #957, .T. ) ;
#1948 = EDGE_CURVE ( 'NONE', #2382, #3541, #627, .T. ) ;
#1949 = CARTESIAN_POINT ( 'NONE',  ( 4.250000000000000888, 0.9999999999999965583, 1.000000000000000666 ) ) ;
#1950 = CARTESIAN_POINT ( 'NONE',  ( 3.000000000000000888, 7.999999999999998224, 8.000000000000000000 ) ) ;
#1951 = DIRECTION ( 'NONE',  ( 1.000000000000000000, 0.000000000000000000, 0.000000000000000000 ) ) ;
#1952 = CARTESIAN_POINT ( 'NONE',  ( -5.000000000000000888, 6.123233995736767268E-16, 0.000000000000000000 ) ) ;
#1953 = DIRECTION ( 'NONE',  ( 2.312964634635743943E-16, -1.000000000000000000, -0.000000000000000000 ) ) ;
#1954 = CARTESIAN_POINT ( 'NONE',  ( 0.4465819873852001076, 2.886751345948122882, -5.000000000000000000 ) ) ;
#1955 = VERTEX_POINT ( 'NONE', #2854 ) ;
#1956 =( REPRESENTATION_RELATIONSHIP ('NONE','NONE', #3347, #1232 ) REPRESENTATION_RELATIONSHIP_WITH_TRANSFORMATION ( #2444 )SHAPE_REPRESENTATION_RELATIONSHIP( ) );
#1957 = DIRECTION ( 'NONE',  ( 0.000000000000000000, 0.000000000000000000, 1.000000000000000000 ) ) ;
#1958 = FACE_BOUND ( 'NONE', #3770, .T. ) ;
#1959 = CARTESIAN_POINT ( 'NONE',  ( 5.000000000000000888, -4.000000000000003553, 7.000000000000000000 ) ) ;
#1960 = DIRECTION ( 'NONE',  ( 1.000000000000000000, 0.000000000000000000, -0.000000000000000000 ) ) ;
#1961 = EDGE_LOOP ( 'NONE', ( #120, #2866, #2292, #22 ) ) ;
#1962 = ORIENTED_EDGE ( 'NONE', *, *, #2755, .T. ) ;
#1963 = ADVANCED_FACE ( 'NONE', ( #2878 ), #116, .F. ) ;
#1964 = PRODUCT_CONTEXT ( 'NONE', #3927, 'mechanical' ) ;
#1965 = EDGE_CURVE ( 'NONE', #786, #1473, #89, .T. ) ;
#1966 = EDGE_LOOP ( 'NONE', ( #2778, #2733 ) ) ;
#1967 = PLANE ( 'NONE',  #3138 ) ;
#1968 = ORIENTED_EDGE ( 'NONE', *, *, #3450, .F. ) ;
#1969 = CYLINDRICAL_SURFACE ( 'NONE', #883, 3.000000000000000000 ) ;
#1970 = CARTESIAN_POINT ( 'NONE',  ( 0.000000000000000000, 15.77350269189625820, -4.699999999999999289 ) ) ;
#1971 = DIRECTION ( 'NONE',  ( 0.000000000000000000, 0.000000000000000000, 1.000000000000000000 ) ) ;
#1972 = DIRECTION ( 'NONE',  ( 1.000000000000000000, 0.000000000000000000, -0.000000000000000000 ) ) ;
#1973 = LINE ( 'NONE', #745, #1906 ) ;
#1974 = CARTESIAN_POINT ( 'NONE',  ( -3.117081245895824755E-16, -0.4883827417527025205, 4.999999999999999112 ) ) ;
#1975 = EDGE_LOOP ( 'NONE', ( #310, #2273, #122, #47, #3380, #4470 ) ) ;
#1976 = COLOUR_RGB ( '',0.7921568627450980005, 0.8196078431372548767, 0.9333333333333333481 ) ;
#1977 = DIRECTION ( 'NONE',  ( -0.000000000000000000, -0.000000000000000000, 1.000000000000000000 ) ) ;
#1978 = FACE_BOUND ( 'NONE', #629, .T. ) ;
#1979 = CARTESIAN_POINT ( 'NONE',  ( 2.074714256722479444, -4.575665857285984295, -0.01055556052339182670 ) ) ;
#1980 = CARTESIAN_POINT ( 'NONE',  ( -7.000000000000000000, -39.07163168584969526, 0.000000000000000000 ) ) ;
#1981 = EDGE_LOOP ( 'NONE', ( #3835, #1324, #4905, #1612 ) ) ;
#1982 = VECTOR ( 'NONE', #3018, 1000.000000000000000 ) ;
#1983 = ORIENTED_EDGE ( 'NONE', *, *, #1419, .T. ) ;
#1984 = DIRECTION ( 'NONE',  ( 0.000000000000000000, 0.000000000000000000, 1.000000000000000000 ) ) ;
#1985 = VECTOR ( 'NONE', #2105, 1000.000000000000000 ) ;
#1986 = ORIENTED_EDGE ( 'NONE', *, *, #4035, .F. ) ;
#1987 = AXIS2_PLACEMENT_3D ( 'NONE', #2511, #3973, #3296 ) ;
#1988 = ORIENTED_EDGE ( 'NONE', *, *, #1135, .F. ) ;
#1989 = EDGE_CURVE ( 'NONE', #859, #1624, #4388, .T. ) ;
#1990 = DIRECTION ( 'NONE',  ( 0.000000000000000000, 1.224646799147351482E-16, 1.000000000000000000 ) ) ;
#1991 = PLANE ( 'NONE',  #3867 ) ;
#1992 = DIRECTION ( 'NONE',  ( -1.000000000000000000, 0.000000000000000000, 0.000000000000000000 ) ) ;
#1993 = DIRECTION ( 'NONE',  ( -0.000000000000000000, -0.000000000000000000, -1.000000000000000000 ) ) ;
#1994 = DIRECTION ( 'NONE',  ( 1.000000000000000000, 0.000000000000000000, 0.000000000000000000 ) ) ;
#1995 = DIRECTION ( 'NONE',  ( 0.000000000000000000, 0.000000000000000000, 1.000000000000000000 ) ) ;
#1996 = EDGE_CURVE ( 'NONE', #3608, #170, #79, .T. ) ;
#1997 = VERTEX_POINT ( 'NONE', #2935 ) ;
#1998 = ORIENTED_EDGE ( 'NONE', *, *, #453, .T. ) ;
#1999 = EDGE_CURVE ( 'NONE', #870, #809, #2420, .T. ) ;
#2000 = AXIS2_PLACEMENT_3D ( 'NONE', #1704, #3329, #4846 ) ;
#2001 = CIRCLE ( 'NONE', #4837, 5.000000000000000888 ) ;
#2002 = DIRECTION ( 'NONE',  ( 1.000000000000000000, 0.000000000000000000, -0.000000000000000000 ) ) ;
#2003 = CARTESIAN_POINT ( 'NONE',  ( 0.8192951148925859961, -5.300482436767281591, -0.1983443223721614301 ) ) ;
#2004 = DIRECTION ( 'NONE',  ( 0.000000000000000000, 0.000000000000000000, 1.000000000000000000 ) ) ;
#2005 = CIRCLE ( 'NONE', #2909, 4.999999999999997335 ) ;
#2006 = AXIS2_PLACEMENT_3D ( 'NONE', #2163, #3099, #3885 ) ;
#2007 = ORIENTED_EDGE ( 'NONE', *, *, #1989, .F. ) ;
#2008 = VECTOR ( 'NONE', #3023, 1000.000000000000000 ) ;
#2009 = EDGE_CURVE ( 'NONE', #1537, #3019, #1049, .T. ) ;
#2010 = MECHANICAL_DESIGN_GEOMETRIC_PRESENTATION_REPRESENTATION (  '', ( #2257 ), #886 ) ;
#2011 = ORIENTED_EDGE ( 'NONE', *, *, #1738, .F. ) ;
#2012 = FACE_BOUND ( 'NONE', #1736, .T. ) ;
#2013 = EDGE_LOOP ( 'NONE', ( #3924, #327, #3025, #4530 ) ) ;
#2014 =( REPRESENTATION_RELATIONSHIP ('NONE','NONE', #3347, #4901 ) REPRESENTATION_RELATIONSHIP_WITH_TRANSFORMATION ( #1614 )SHAPE_REPRESENTATION_RELATIONSHIP( ) );
#2015 = UNCERTAINTY_MEASURE_WITH_UNIT (LENGTH_MEASURE( 1.000000000000000082E-05 ), #2706, 'distance_accuracy_value', 'NONE');
#2016 = ORIENTED_EDGE ( 'NONE', *, *, #2294, .T. ) ;
#2017 = DIRECTION ( 'NONE',  ( 1.000000000000000000, 0.000000000000000000, 0.000000000000000000 ) ) ;
#2018 = CARTESIAN_POINT ( 'NONE',  ( 3.499999999999999556, -4.330127018922193649, -2.500000000000000444 ) ) ;
#2019 = LINE ( 'NONE', #3567, #855 ) ;
#2020 = SURFACE_SIDE_STYLE ('',( #2510 ) ) ;
#2021 = ADVANCED_FACE ( 'NONE', ( #3257 ), #3985, .F. ) ;
#2022 = CARTESIAN_POINT ( 'NONE',  ( -40.00000000000002132, 19.99999999999999645, 8.000000000000000000 ) ) ;
#2023 = EDGE_LOOP ( 'NONE', ( #2844, #2606, #4264, #4076 ) ) ;
#2024 = VERTEX_POINT ( 'NONE', #4828 ) ;
#2025 = EDGE_CURVE ( 'NONE', #904, #511, #954, .T. ) ;
#2026 = CARTESIAN_POINT ( 'NONE',  ( 4.000000000000000000, 2.886751345948122882, -5.000000000000000000 ) ) ;
#2027 = DIRECTION ( 'NONE',  ( -0.000000000000000000, -0.000000000000000000, -1.000000000000000000 ) ) ;
#2028 = DIRECTION ( 'NONE',  ( 0.000000000000000000, 0.000000000000000000, 1.000000000000000000 ) ) ;
#2029 = DIRECTION ( 'NONE',  ( -0.000000000000000000, -0.000000000000000000, 1.000000000000000000 ) ) ;
#2030 = CARTESIAN_POINT ( 'NONE',  ( 0.4465819873852037158, 5.773502691896260863, 3.434638457896927214E-16 ) ) ;
#2031 = ORIENTED_EDGE ( 'NONE', *, *, #3316, .F. ) ;
#2032 = ADVANCED_FACE ( 'NONE', ( #2467 ), #548, .F. ) ;
#2033 = VERTEX_POINT ( 'NONE', #143 ) ;
#2034 = DIRECTION ( 'NONE',  ( -0.000000000000000000, -0.000000000000000000, 1.000000000000000000 ) ) ;
#2035 = ITEM_DEFINED_TRANSFORMATION ( 'NONE', 'NONE', #2320,  #951 ) ;
#2036 = ORIENTED_EDGE ( 'NONE', *, *, #4633, .F. ) ;
#2037 = ORIENTED_EDGE ( 'NONE', *, *, #2682, .T. ) ;
#2038 = CARTESIAN_POINT ( 'NONE',  ( 3.250000000000001776, -39.07163168584969526, 0.000000000000000000 ) ) ;
#2039 = DIRECTION ( 'NONE',  ( -0.000000000000000000, -0.000000000000000000, -1.000000000000000000 ) ) ;
#2040 = DIRECTION ( 'NONE',  ( 0.000000000000000000, 0.000000000000000000, 1.000000000000000000 ) ) ;
#2041 = DIRECTION ( 'NONE',  ( -1.000000000000000000, 0.000000000000000000, -0.000000000000000000 ) ) ;
#2042 = ORIENTED_EDGE ( 'NONE', *, *, #1075, .F. ) ;
#2043 = ORIENTED_EDGE ( 'NONE', *, *, #2748, .T. ) ;
#2044 = CARTESIAN_POINT ( 'NONE',  ( 4.250000000000000000, 3.673940397442059868E-16, -3.000000000000000000 ) ) ;
#2045 = CARTESIAN_POINT ( 'NONE',  ( -5.000000000000000000, 2.886751345948128655, -4.699999999999999289 ) ) ;
#2046 = CARTESIAN_POINT ( 'NONE',  ( 0.000000000000000000, 0.000000000000000000, 0.000000000000000000 ) ) ;
#2047 = DIRECTION ( 'NONE',  ( -0.000000000000000000, 0.8660254037844387076, 0.5000000000000001110 ) ) ;
#2048 = CARTESIAN_POINT ( 'NONE',  ( 4.250000000000000888, -5.000000000000001776, 1.000000000000000444 ) ) ;
#2049 = ORIENTED_EDGE ( 'NONE', *, *, #1410, .T. ) ;
#2050 = AXIS2_PLACEMENT_3D ( 'NONE', #2929, #2617, #1019 ) ;
#2051 = ORIENTED_EDGE ( 'NONE', *, *, #24, .F. ) ;
#2052 = DIRECTION ( 'NONE',  ( -0.000000000000000000, -0.000000000000000000, 1.000000000000000000 ) ) ;
#2053 = CIRCLE ( 'NONE', #1251, 4.999999999999997335 ) ;
#2054 = DIRECTION ( 'NONE',  ( 1.000000000000000000, 1.776356839400250465E-15, 0.000000000000000000 ) ) ;
#2055 = ITEM_DEFINED_TRANSFORMATION ( 'NONE', 'NONE', #1346,  #951 ) ;
#2056 = ADVANCED_FACE ( 'NONE', ( #1369 ), #1687, .F. ) ;
#2057 = AXIS2_PLACEMENT_3D ( 'NONE', #4589, #2424, #852 ) ;
#2058 = ORIENTED_EDGE ( 'NONE', *, *, #614, .T. ) ;
#2059 = PRODUCT_DEFINITION_FORMATION_WITH_SPECIFIED_SOURCE ( 'ANY', '', #1854, .NOT_KNOWN. ) ;
#2060 = AXIS2_PLACEMENT_3D ( 'NONE', #2048, #4385, #1277 ) ;
#2061 = VERTEX_POINT ( 'NONE', #4798 ) ;
#2062 = CIRCLE ( 'NONE', #139, 3.250000000000002665 ) ;
#2063 = DIRECTION ( 'NONE',  ( -0.000000000000000000, 1.000000000000000000, -1.224646799147353207E-16 ) ) ;
#2064 = VECTOR ( 'NONE', #3678, 1000.000000000000000 ) ;
#2065 = DIRECTION ( 'NONE',  ( 1.000000000000000000, 0.000000000000000000, 0.000000000000000000 ) ) ;
#2066 = DIRECTION ( 'NONE',  ( -0.000000000000000000, -0.000000000000000000, 1.000000000000000000 ) ) ;
#2067 = PLANE ( 'NONE',  #2508 ) ;
#2068 = CARTESIAN_POINT ( 'NONE',  ( 3.499999999999999556, 5.773502691896261751, 0.000000000000000000 ) ) ;
#2069 = ORIENTED_EDGE ( 'NONE', *, *, #4883, .T. ) ;
#2070 = ORIENTED_EDGE ( 'NONE', *, *, #1844, .F. ) ;
#2071 = EDGE_CURVE ( 'NONE', #3935, #4044, #4045, .T. ) ;
#2072 = AXIS2_PLACEMENT_3D ( 'NONE', #3822, #1573, #356 ) ;
#2073 = EDGE_CURVE ( 'NONE', #236, #870, #2911, .T. ) ;
#2074 = CARTESIAN_POINT ( 'NONE',  ( 7.336970286628697342E-16, 5.773502691896259087, -4.699999999999999289 ) ) ;
#2075 = DIRECTION ( 'NONE',  ( 0.000000000000000000, 0.000000000000000000, 1.000000000000000000 ) ) ;
#2076 = DIRECTION ( 'NONE',  ( -0.000000000000000000, -0.000000000000000000, -1.000000000000000000 ) ) ;
#2077 = CARTESIAN_POINT ( 'NONE',  ( 5.000000000000000888, -3.324886662288880001E-15, 7.000000000000000000 ) ) ;
#2078 = VECTOR ( 'NONE', #4266, 1000.000000000000000 ) ;
#2079 = ORIENTED_EDGE ( 'NONE', *, *, #3268, .F. ) ;
#2080 = COLOUR_RGB ( '',0.7921568627450980005, 0.8196078431372548767, 0.9333333333333333481 ) ;
#2081 = EDGE_CURVE ( 'NONE', #4129, #4833, #238, .T. ) ;
#2082 = CIRCLE ( 'NONE', #3222, 2.445500000000000007 ) ;
#2083 = ORIENTED_EDGE ( 'NONE', *, *, #3677, .T. ) ;
#2084 = DIRECTION ( 'NONE',  ( 1.000000000000000000, 0.000000000000000000, 0.000000000000000000 ) ) ;
#2085 = DIRECTION ( 'NONE',  ( 1.000000000000000000, 0.000000000000000000, 0.000000000000000000 ) ) ;
#2086 = ADVANCED_FACE ( 'NONE', ( #1511 ), #2602, .F. ) ;
#2087 = CIRCLE ( 'NONE', #804, 2.000000000000000000 ) ;
#2088 = VECTOR ( 'NONE', #1441, 1000.000000000000000 ) ;
#2089 = VERTEX_POINT ( 'NONE', #2267 ) ;
#2090 = CARTESIAN_POINT ( 'NONE',  ( 20.00000000000000355, 15.00000000000000533, 8.000000000000000000 ) ) ;
#2091 = DIRECTION ( 'NONE',  ( 1.000000000000000000, -1.127430787617456076E-11, 9.565052991486129199E-18 ) ) ;
#2092 = ORIENTED_EDGE ( 'NONE', *, *, #2629, .T. ) ;
#2093 = DIRECTION ( 'NONE',  ( 0.000000000000000000, 0.000000000000000000, 1.000000000000000000 ) ) ;
#2094 = PRODUCT_DEFINITION_SHAPE ( 'NONE', 'NONE',  #5006 ) ;
#2095 = CARTESIAN_POINT ( 'NONE',  ( -3.499999999999999556, -49.89999999999999858, 0.000000000000000000 ) ) ;
#2096 = DIRECTION ( 'NONE',  ( 0.000000000000000000, 0.8660254037844375974, -0.5000000000000018874 ) ) ;
#2097 = CARTESIAN_POINT ( 'NONE',  ( 0.05140428708382541179, -3.841181488860375914, 3.346878500200760609 ) ) ;
#2098 = VERTEX_POINT ( 'NONE', #1029 ) ;
#2099 = ORIENTED_EDGE ( 'NONE', *, *, #924, .F. ) ;
#2100 = EDGE_CURVE ( 'NONE', #885, #3935, #1098, .T. ) ;
#2101 = CARTESIAN_POINT ( 'NONE',  ( 0.1996310553826631251, 1.947030205581111728, 5.000000000000000000 ) ) ;
#2102 = CARTESIAN_POINT ( 'NONE',  ( 3.469446951953614189E-15, 7.500000000000000000, 8.000000000000000000 ) ) ;
#2103 = CARTESIAN_POINT ( 'NONE',  ( 13.25000000000000178, 0.000000000000000000, 8.000000000000000000 ) ) ;
#2104 = LINE ( 'NONE', #2129, #634 ) ;
#2105 = DIRECTION ( 'NONE',  ( -0.000000000000000000, -0.000000000000000000, -1.000000000000000000 ) ) ;
#2106 = VERTEX_POINT ( 'NONE', #4148 ) ;
#2107 = DIRECTION ( 'NONE',  ( -0.000000000000000000, 1.000000000000000000, 2.168404344971012566E-16 ) ) ;
#2108 = LINE ( 'NONE', #4854, #4609 ) ;
#2109 = DIRECTION ( 'NONE',  ( -1.000000000000000000, -1.301042606982605321E-16, 0.000000000000000000 ) ) ;
#2110 = VECTOR ( 'NONE', #4645, 1000.000000000000000 ) ;
#2111 =( REPRESENTATION_RELATIONSHIP ('NONE','NONE', #3347, #2463 ) REPRESENTATION_RELATIONSHIP_WITH_TRANSFORMATION ( #3965 )SHAPE_REPRESENTATION_RELATIONSHIP( ) );
#2112 = CIRCLE ( 'NONE', #1228, 5.000000000000000000 ) ;
#2113 = ORIENTED_EDGE ( 'NONE', *, *, #1343, .T. ) ;
#2114 = EDGE_CURVE ( 'NONE', #5, #2486, #678, .T. ) ;
#2115 = DIRECTION ( 'NONE',  ( -0.000000000000000000, -0.000000000000000000, 1.000000000000000000 ) ) ;
#2116 = DIRECTION ( 'NONE',  ( 1.000000000000000000, 0.000000000000000000, 0.000000000000000000 ) ) ;
#2117 = UNCERTAINTY_MEASURE_WITH_UNIT (LENGTH_MEASURE( 1.000000000000000082E-05 ), #183, 'distance_accuracy_value', 'NONE');
#2118 = EDGE_LOOP ( 'NONE', ( #2016, #3366, #4426, #2400 ) ) ;
#2119 = PRODUCT_DEFINITION ( 'UNKNOWN', '', #131, #2781 ) ;
#2120 = DIRECTION ( 'NONE',  ( 1.000000000000000000, 0.000000000000000000, 0.000000000000000000 ) ) ;
#2121 = DIRECTION ( 'NONE',  ( 0.000000000000000000, 0.000000000000000000, -1.000000000000000000 ) ) ;
#2122 = DIRECTION ( 'NONE',  ( 1.000000000000000000, 0.000000000000000000, 0.000000000000000000 ) ) ;
#2123 = DIRECTION ( 'NONE',  ( 0.000000000000000000, 0.000000000000000000, 1.000000000000000000 ) ) ;
#2124 = ORIENTED_EDGE ( 'NONE', *, *, #2777, .F. ) ;
#2125 = ORIENTED_EDGE ( 'NONE', *, *, #1411, .T. ) ;
#2126 = CARTESIAN_POINT ( 'NONE',  ( 5.000000000000000888, -5.000000000000002665, 7.000000000000000000 ) ) ;
#2127 = CARTESIAN_POINT ( 'NONE',  ( 8.000000000000000000, -57.50000000000000000, 8.000000000000000000 ) ) ;
#2128 = CYLINDRICAL_SURFACE ( 'NONE', #388, 5.000000000000000000 ) ;
#2129 = CARTESIAN_POINT ( 'NONE',  ( -3.499999999999999556, -49.89999999999999858, 0.000000000000000000 ) ) ;
#2130 = LINE ( 'NONE', #2932, #3288 ) ;
#2131 = ORIENTED_EDGE ( 'NONE', *, *, #1102, .F. ) ;
#2132 = ORIENTED_EDGE ( 'NONE', *, *, #4392, .F. ) ;
#2133 = DIRECTION ( 'NONE',  ( 9.912705577010325549E-17, -1.000000000000000000, -0.000000000000000000 ) ) ;
#2134 = CARTESIAN_POINT ( 'NONE',  ( 20.00000000000000355, 15.00000000000000533, 0.000000000000000000 ) ) ;
#2135 = VECTOR ( 'NONE', #567, 1000.000000000000000 ) ;
#2136 = PRODUCT_DEFINITION_SHAPE ( 'NONE', 'NONE',  #4988 ) ;
#2137 = AXIS2_PLACEMENT_3D ( 'NONE', #3370, #259, #2999 ) ;
#2138 = EDGE_LOOP ( 'NONE', ( #1623, #3410, #4174, #695, #1867, #2794 ) ) ;
#2139 = EDGE_CURVE ( 'NONE', #4447, #3541, #1834, .T. ) ;
#2140 = EDGE_CURVE ( 'NONE', #4787, #2089, #3752, .T. ) ;
#2141 = DIRECTION ( 'NONE',  ( 3.463011170327612811E-37, -6.215685954350131672E-37, -1.000000000000000000 ) ) ;
#2142 = CIRCLE ( 'NONE', #4978, 2.445500000000000007 ) ;
#2143 = EDGE_LOOP ( 'NONE', ( #868, #3534, #369, #4366 ) ) ;
#2144 = CYLINDRICAL_SURFACE ( 'NONE', #3300, 5.000000000000000888 ) ;
#2145 = ADVANCED_FACE ( 'NONE', ( #4482 ), #1498, .T. ) ;
#2146 = AXIS2_PLACEMENT_3D ( 'NONE', #2211, #752, #271 ) ;
#2147 = CARTESIAN_POINT ( 'NONE',  ( 0.000000000000000000, 15.77350269189625820, -4.699999999999999289 ) ) ;
#2148 = CARTESIAN_POINT ( 'NONE',  ( 29.58257569495584249, -1.466216815368594046E-15, 0.000000000000000000 ) ) ;
#2149 =( LENGTH_UNIT ( ) NAMED_UNIT ( * ) SI_UNIT ( .MILLI., .METRE. ) );
#2150 = ORIENTED_EDGE ( 'NONE', *, *, #1567, .T. ) ;
#2151 = EDGE_CURVE ( 'NONE', #3659, #1871, #4931, .T. ) ;
#2152 = ORIENTED_EDGE ( 'NONE', *, *, #4775, .F. ) ;
#2153 = CIRCLE ( 'NONE', #4009, 4.999999999999997335 ) ;
#2154 = DIRECTION ( 'NONE',  ( -1.000000000000000000, 0.000000000000000000, 0.000000000000000000 ) ) ;
#2155 = FACE_BOUND ( 'NONE', #251, .T. ) ;
#2156 = CARTESIAN_POINT ( 'NONE',  ( 0.000000000000000000, 0.000000000000000000, 0.000000000000000000 ) ) ;
#2157 = EDGE_CURVE ( 'NONE', #4271, #577, #3335, .T. ) ;
#2158 = CARTESIAN_POINT ( 'NONE',  ( 7.000000000000000000, -39.07163168584969526, 5.000000000000000000 ) ) ;
#2159 = VECTOR ( 'NONE', #714, 1000.000000000000000 ) ;
#2160 = FACE_OUTER_BOUND ( 'NONE', #4960, .T. ) ;
#2161 = VERTEX_POINT ( 'NONE', #4575 ) ;
#2162 = CARTESIAN_POINT ( 'NONE',  ( 69.99999999999998579, -59.99999999999999289, 0.000000000000000000 ) ) ;
#2163 = CARTESIAN_POINT ( 'NONE',  ( 0.000000000000000000, 0.000000000000000000, -2.000000000000000000 ) ) ;
#2164 = FACE_OUTER_BOUND ( 'NONE', #4060, .T. ) ;
#2165 = VERTEX_POINT ( 'NONE', #3355 ) ;
#2166 = EDGE_CURVE ( 'NONE', #3541, #4610, #3710, .T. ) ;
#2167 = AXIS2_PLACEMENT_3D ( 'NONE', #4923, #2950, #1069 ) ;
#2168 = AXIS2_PLACEMENT_3D ( 'NONE', #1945, #757, #8 ) ;
#2169 = ORIENTED_EDGE ( 'NONE', *, *, #606, .F. ) ;
#2170 = DIRECTION ( 'NONE',  ( 0.9990370543607151044, 0.04387441183954361029, 0.000000000000000000 ) ) ;
#2171 = VECTOR ( 'NONE', #529, 1000.000000000000000 ) ;
#2172 = VECTOR ( 'NONE', #4241, 1000.000000000000000 ) ;
#2173 = ORIENTED_EDGE ( 'NONE', *, *, #667, .F. ) ;
#2174 = VECTOR ( 'NONE', #4125, 1000.000000000000000 ) ;
#2175 = DIRECTION ( 'NONE',  ( -1.000000000000000000, -0.000000000000000000, -0.000000000000000000 ) ) ;
#2176 = CARTESIAN_POINT ( 'NONE',  ( 4.250000000000000000, 0.000000000000000000, 0.000000000000000000 ) ) ;
#2177 = CARTESIAN_POINT ( 'NONE',  ( -29.58257569495584960, -10.00000000000000888, 0.000000000000000000 ) ) ;
#2178 = ORIENTED_EDGE ( 'NONE', *, *, #390, .F. ) ;
#2179 = ORIENTED_EDGE ( 'NONE', *, *, #4799, .T. ) ;
#2180 = DIRECTION ( 'NONE',  ( -0.000000000000000000, -0.000000000000000000, 1.000000000000000000 ) ) ;
#2181 = SURFACE_STYLE_USAGE ( .BOTH. , #336 ) ;
#2182 = CARTESIAN_POINT ( 'NONE',  ( 0.000000000000000000, 0.000000000000000000, 0.000000000000000000 ) ) ;
#2183 = ADVANCED_FACE ( 'NONE', ( #2238 ), #4127, .T. ) ;
#2184 = DIRECTION ( 'NONE',  ( 0.8191520442889934639, 1.003171929053526719E-16, -0.5735764363510436059 ) ) ;
#2185 = PRESENTATION_STYLE_ASSIGNMENT (( #746 ) ) ;
#2186 = ORIENTED_EDGE ( 'NONE', *, *, #4969, .T. ) ;
#2187 = PRODUCT_RELATED_PRODUCT_CATEGORY ( 'part', '', ( #2586 ) ) ;
#2188 = CARTESIAN_POINT ( 'NONE',  ( -3.250000000000000444, 5.928368314150303853, 0.000000000000000000 ) ) ;
#2189 = DIRECTION ( 'NONE',  ( -1.000000000000000000, -0.000000000000000000, -0.000000000000000000 ) ) ;
#2190 = CARTESIAN_POINT ( 'NONE',  ( -19.99999999999999645, -15.00000000000000000, 8.000000000000000000 ) ) ;
#2191 = ORIENTED_EDGE ( 'NONE', *, *, #665, .F. ) ;
#2192 = EDGE_CURVE ( 'NONE', #4386, #3765, #1414, .T. ) ;
#2193 = CIRCLE ( 'NONE', #3811, 3.000000000000000000 ) ;
#2194 = VERTEX_POINT ( 'NONE', #4954 ) ;
#2195 = DIRECTION ( 'NONE',  ( 0.4256665124984304605, 0.9048801136821515989, 0.000000000000000000 ) ) ;
#2196 = ORIENTED_EDGE ( 'NONE', *, *, #419, .T. ) ;
#2197 = CARTESIAN_POINT ( 'NONE',  ( 0.1973348417602842353, -1.936114729415324920, -5.000000000000000000 ) ) ;
#2198 = FACE_BOUND ( 'NONE', #2926, .T. ) ;
#2199 = CARTESIAN_POINT ( 'NONE',  ( 5.000000000000000888, 0.000000000000000000, -5.200000000000000178 ) ) ;
#2200 =( NAMED_UNIT ( * ) SI_UNIT ( $, .STERADIAN. ) SOLID_ANGLE_UNIT ( ) );
#2201 = ORIENTED_EDGE ( 'NONE', *, *, #4564, .T. ) ;
#2202 = ORIENTED_EDGE ( 'NONE', *, *, #4564, .F. ) ;
#2203 = FILL_AREA_STYLE ('',( #4890 ) ) ;
#2204 = LINE ( 'NONE', #3419, #1422 ) ;
#2205 = DIRECTION ( 'NONE',  ( -1.000000000000000000, -0.000000000000000000, -0.000000000000000000 ) ) ;
#2206 = CARTESIAN_POINT ( 'NONE',  ( 3.000000000000000444, 3.673940397442060361E-16, -5.174599999999998090 ) ) ;
#2207 = FILL_AREA_STYLE_COLOUR ( '', #1439 ) ;
#2208 = ORIENTED_EDGE ( 'NONE', *, *, #2623, .T. ) ;
#2209 = DIRECTION ( 'NONE',  ( 0.000000000000000000, 0.000000000000000000, 1.000000000000000000 ) ) ;
#2210 = DIRECTION ( 'NONE',  ( 1.000000000000000000, 0.000000000000000000, 0.000000000000000000 ) ) ;
#2211 = CARTESIAN_POINT ( 'NONE',  ( 0.000000000000000000, 0.000000000000000000, 0.000000000000000000 ) ) ;
#2212 = ORIENTED_EDGE ( 'NONE', *, *, #2455, .F. ) ;
#2213 = ORIENTED_EDGE ( 'NONE', *, *, #4581, .F. ) ;
#2214 = ADVANCED_FACE ( 'NONE', ( #656 ), #4196, .T. ) ;
#2215 = DIRECTION ( 'NONE',  ( 9.565052998968941731E-18, 6.637013214594737064E-16, -1.000000000000000000 ) ) ;
#2216 = EDGE_CURVE ( 'NONE', #4857, #4243, #3010, .T. ) ;
#2217 = ORIENTED_EDGE ( 'NONE', *, *, #2009, .T. ) ;
#2218 = CIRCLE ( 'NONE', #690, 4.999999999999999112 ) ;
#2219 = ORIENTED_EDGE ( 'NONE', *, *, #1756, .F. ) ;
#2220 = CARTESIAN_POINT ( 'NONE',  ( 0.000000000000000000, 0.000000000000000000, 0.000000000000000000 ) ) ;
#2221 = DIRECTION ( 'NONE',  ( 0.000000000000000000, 0.000000000000000000, 1.000000000000000000 ) ) ;
#2222 = AXIS2_PLACEMENT_3D ( 'NONE', #2095, #4057, #3646 ) ;
#2223 = ORIENTED_EDGE ( 'NONE', *, *, #4151, .F. ) ;
#2224 = ORIENTED_EDGE ( 'NONE', *, *, #833, .F. ) ;
#2225 = AXIS2_PLACEMENT_3D ( 'NONE', #4531, #2215, #2525 ) ;
#2226 = AXIS2_PLACEMENT_3D ( 'NONE', #3437, #332, #1252 ) ;
#2227 = DIRECTION ( 'NONE',  ( -0.000000000000000000, -0.000000000000000000, 1.000000000000000000 ) ) ;
#2228 = DIRECTION ( 'NONE',  ( 0.000000000000000000, -0.5000000000000018874, -0.8660254037844374864 ) ) ;
#2229 = ADVANCED_FACE ( 'NONE', ( #4976 ), #3809, .F. ) ;
#2230 = CARTESIAN_POINT ( 'NONE',  ( 0.000000000000000000, 0.000000000000000000, 13.00000000000000000 ) ) ;
#2231 = LINE ( 'NONE', #651, #1263 ) ;
#2232 = DIRECTION ( 'NONE',  ( -1.000000000000000000, 0.000000000000000000, 0.000000000000000000 ) ) ;
#2233 = AXIS2_PLACEMENT_3D ( 'NONE', #1562, #3479, #2726 ) ;
#2234 = ORIENTED_EDGE ( 'NONE', *, *, #4175, .T. ) ;
#2235 = EDGE_CURVE ( 'NONE', #2165, #528, #3785, .T. ) ;
#2236 = EDGE_CURVE ( 'NONE', #4945, #4456, #4440, .T. ) ;
#2237 = FACE_OUTER_BOUND ( 'NONE', #3456, .T. ) ;
#2238 = FACE_OUTER_BOUND ( 'NONE', #4950, .T. ) ;
#2239 = DIRECTION ( 'NONE',  ( 0.000000000000000000, 0.000000000000000000, 1.000000000000000000 ) ) ;
#2240 = ORIENTED_EDGE ( 'NONE', *, *, #4562, .T. ) ;
#2241 = ADVANCED_FACE ( 'NONE', ( #4603 ), #4222, .T. ) ;
#2242 =( GEOMETRIC_REPRESENTATION_CONTEXT ( 3 ) GLOBAL_UNCERTAINTY_ASSIGNED_CONTEXT ( ( #3084 ) ) GLOBAL_UNIT_ASSIGNED_CONTEXT ( ( #1314, #3239, #3611 ) ) REPRESENTATION_CONTEXT ( 'NONE', 'WORKASPACE' ) );
#2243 = ORIENTED_EDGE ( 'NONE', *, *, #546, .T. ) ;
#2244 = AXIS2_PLACEMENT_3D ( 'NONE', #90, #539, #187 ) ;
#2245 = EDGE_CURVE ( 'NONE', #1585, #4044, #455, .T. ) ;
#2246 = DIRECTION ( 'NONE',  ( 1.000000000000000000, 1.136208488405899043E-11, 5.635769975241365777E-42 ) ) ;
#2247 = ORIENTED_EDGE ( 'NONE', *, *, #1655, .F. ) ;
#2248 = CIRCLE ( 'NONE', #1043, 3.200000000000000178 ) ;
#2249 = ORIENTED_EDGE ( 'NONE', *, *, #3082, .F. ) ;
#2250 = CARTESIAN_POINT ( 'NONE',  ( 4.000000000000000000, 2.886751345948122882, -5.000000000000000000 ) ) ;
#2251 = DIRECTION ( 'NONE',  ( 1.000000000000000000, 0.000000000000000000, 0.000000000000000000 ) ) ;
#2252 = VECTOR ( 'NONE', #194, 1000.000000000000000 ) ;
#2253 = PRODUCT_DEFINITION_SHAPE ( 'NONE', 'NONE',  #1456 ) ;
#2254 = VERTEX_POINT ( 'NONE', #2724 ) ;
#2255 = EDGE_CURVE ( 'NONE', #4833, #2061, #2699, .T. ) ;
#2256 = EDGE_CURVE ( 'NONE', #2194, #4945, #3150, .T. ) ;
#2257 = STYLED_ITEM ( 'NONE', ( #1888 ), #64 ) ;
#2258 = PLANE ( 'NONE',  #2419 ) ;
#2259 = PLANE ( 'NONE',  #4026 ) ;
#2260 = CARTESIAN_POINT ( 'NONE',  ( 0.000000000000000000, 0.000000000000000000, 0.000000000000000000 ) ) ;
#2261 = CARTESIAN_POINT ( 'NONE',  ( 4.250000000000000888, -5.000000000000002665, 7.000000000000000000 ) ) ;
#2262 = CARTESIAN_POINT ( 'NONE',  ( 0.000000000000000000, -39.07163168584969526, 0.000000000000000000 ) ) ;
#2263 = DIRECTION ( 'NONE',  ( -1.000000000000000000, -0.000000000000000000, -0.000000000000000000 ) ) ;
#2264 = VERTEX_POINT ( 'NONE', #3499 ) ;
#2265 = EDGE_CURVE ( 'NONE', #2980, #170, #1151, .T. ) ;
#2266 = DIRECTION ( 'NONE',  ( 0.000000000000000000, 1.000000000000000000, -0.000000000000000000 ) ) ;
#2267 = CARTESIAN_POINT ( 'NONE',  ( -6.938893903907228378E-15, -5.773502691896259087, -0.4465819873852062694 ) ) ;
#2268 = DIRECTION ( 'NONE',  ( 9.912705577010325549E-17, -1.000000000000000000, -0.000000000000000000 ) ) ;
#2269 = ORIENTED_EDGE ( 'NONE', *, *, #329, .T. ) ;
#2270 = EDGE_LOOP ( 'NONE', ( #4864, #3362, #2083, #2812 ) ) ;
#2271 = APPLICATION_PROTOCOL_DEFINITION ( 'draft international standard', 'automotive_design', 1998, #4199 ) ;
#2272 = SHAPE_REPRESENTATION ( 'Center Slider', ( #951 ), #2896 ) ;
#2273 = ORIENTED_EDGE ( 'NONE', *, *, #1941, .T. ) ;
#2274 = CARTESIAN_POINT ( 'NONE',  ( 0.01055556052338942410, 4.084588180558401227, -2.925285743277527217 ) ) ;
#2275 = DIRECTION ( 'NONE',  ( 0.000000000000000000, 0.000000000000000000, 1.000000000000000000 ) ) ;
#2276 = EDGE_LOOP ( 'NONE', ( #4598, #3602, #2927, #3317 ) ) ;
#2277 = B_SPLINE_CURVE_WITH_KNOTS ( 'NONE', 3,
 ( #4369, #2394, #3035, #3536, #1111, #2664 ),
 .UNSPECIFIED., .F., .F.,
 ( 4, 2, 4 ),
 ( 0.01506847346324403578, 0.01653041426658208995, 0.01799235506992014066 ),
 .UNSPECIFIED. ) ;
#2278 = APPLICATION_CONTEXT ( 'automotive_design' ) ;
#2279 = COLOUR_RGB ( '',0.7921568627450980005, 0.8196078431372548767, 0.9333333333333333481 ) ;
#2280 = FACE_OUTER_BOUND ( 'NONE', #154, .T. ) ;
#2281 = CARTESIAN_POINT ( 'NONE',  ( 29.00000000000000000, 2.994873747314852478E-16, -2.445500000000000007 ) ) ;
#2282 = CARTESIAN_POINT ( 'NONE',  ( 8.000000000000000000, -57.50000000000000000, 8.000000000000000000 ) ) ;
#2283 = CARTESIAN_POINT ( 'NONE',  ( 0.000000000000000000, 6.123233995736766282E-16, -5.000000000000000000 ) ) ;
#2284 = CARTESIAN_POINT ( 'NONE',  ( 0.000000000000000000, 0.000000000000000000, 0.000000000000000000 ) ) ;
#2285 = ORIENTED_EDGE ( 'NONE', *, *, #176, .T. ) ;
#2286 = PRESENTATION_LAYER_ASSIGNMENT (  '', '', ( #425 ) ) ;
#2287 = CYLINDRICAL_SURFACE ( 'NONE', #3915, 3.000000000000000000 ) ;
#2288 = CARTESIAN_POINT ( 'NONE',  ( 0.000000000000000000, -7.511572993685813892E-16, 5.000000000000000000 ) ) ;
#2289 = CARTESIAN_POINT ( 'NONE',  ( 5.000000000000000888, 5.999999999999996447, 7.000000000000000000 ) ) ;
#2290 = DIRECTION ( 'NONE',  ( 1.000000000000000000, 0.000000000000000000, 0.000000000000000000 ) ) ;
#2291 = ORIENTED_EDGE ( 'NONE', *, *, #2571, .F. ) ;
#2292 = ORIENTED_EDGE ( 'NONE', *, *, #1493, .F. ) ;
#2293 = APPLICATION_PROTOCOL_DEFINITION ( 'draft international standard', 'automotive_design', 1998, #3764 ) ;
#2294 = EDGE_CURVE ( 'NONE', #17, #1397, #775, .T. ) ;
#2295 = EDGE_CURVE ( 'NONE', #3659, #3262, #1224, .T. ) ;
#2296 = VERTEX_POINT ( 'NONE', #1938 ) ;
#2297 = CARTESIAN_POINT ( 'NONE',  ( -3.554362004915857009E-15, 4.207632145829744097, -2.712167343862822211 ) ) ;
#2298 = FACE_OUTER_BOUND ( 'NONE', #1342, .T. ) ;
#2299 = ORIENTED_EDGE ( 'NONE', *, *, #3937, .T. ) ;
#2300 = DIRECTION ( 'NONE',  ( -1.000000000000000000, 0.000000000000000000, 0.000000000000000000 ) ) ;
#2301 = VECTOR ( 'NONE', #4159, 1000.000000000000000 ) ;
#2302 = DIRECTION ( 'NONE',  ( 1.000000000000000000, 0.000000000000000000, 0.000000000000000000 ) ) ;
#2303 = FACE_OUTER_BOUND ( 'NONE', #362, .T. ) ;
#2304 = DIRECTION ( 'NONE',  ( 0.000000000000000000, 0.000000000000000000, 1.000000000000000000 ) ) ;
#2305 = CYLINDRICAL_SURFACE ( 'NONE', #1315, 3.499999999999999556 ) ;
#2306 = EDGE_CURVE ( 'NONE', #2973, #4167, #4, .T. ) ;
#2307 = DIRECTION ( 'NONE',  ( -0.000000000000000000, -0.000000000000000000, -1.000000000000000000 ) ) ;
#2308 = ORIENTED_EDGE ( 'NONE', *, *, #4397, .F. ) ;
#2309 = AXIS2_PLACEMENT_3D ( 'NONE', #1285, #1613, #4726 ) ;
#2310 = CARTESIAN_POINT ( 'NONE',  ( 1.715241718189958187E-16, -4.452621892014643201, -2.287832656137187115 ) ) ;
#2311 = LINE ( 'NONE', #4676, #2659 ) ;
#2312 = DIRECTION ( 'NONE',  ( -1.000000000000000000, 0.000000000000000000, 0.000000000000000000 ) ) ;
#2313 = CARTESIAN_POINT ( 'NONE',  ( -3.250000000000000888, -47.50000000000000000, 0.000000000000000000 ) ) ;
#2314 = VECTOR ( 'NONE', #191, 1000.000000000000000 ) ;
#2315 = CARTESIAN_POINT ( 'NONE',  ( 3.000000000000000444, 3.673940397442059868E-16, 13.00000000000000000 ) ) ;
#2316 = VERTEX_POINT ( 'NONE', #1246 ) ;
#2317 = VECTOR ( 'NONE', #214, 1000.000000000000000 ) ;
#2318 = EDGE_LOOP ( 'NONE', ( #2131, #2219, #2947, #272 ) ) ;
#2319 = EDGE_CURVE ( 'NONE', #1082, #179, #3210, .T. ) ;
#2320 = AXIS2_PLACEMENT_3D ( 'NONE', #3716, #2605, #3760 ) ;
#2321 = ORIENTED_EDGE ( 'NONE', *, *, #3521, .F. ) ;
#2322 = DIRECTION ( 'NONE',  ( 1.000000000000000000, 0.000000000000000000, 0.000000000000000000 ) ) ;
#2323 = VECTOR ( 'NONE', #978, 1000.000000000000000 ) ;
#2324 = AXIS2_PLACEMENT_3D ( 'NONE', #669, #210, #4162 ) ;
#2325 = VERTEX_POINT ( 'NONE', #4309 ) ;
#2326 = VECTOR ( 'NONE', #4669, 1000.000000000000000 ) ;
#2327 =( GEOMETRIC_REPRESENTATION_CONTEXT ( 3 ) GLOBAL_UNCERTAINTY_ASSIGNED_CONTEXT ( ( #4051 ) ) GLOBAL_UNIT_ASSIGNED_CONTEXT ( ( #936, #1669, #2375 ) ) REPRESENTATION_CONTEXT ( 'NONE', 'WORKASPACE' ) );
#2328 = CARTESIAN_POINT ( 'NONE',  ( 7.000000000000000000, -39.07163168584969526, 5.000000000000000000 ) ) ;
#2329 = CARTESIAN_POINT ( 'NONE',  ( 0.000000000000000000, 0.000000000000000000, 0.000000000000000000 ) ) ;
#2330 = CARTESIAN_POINT ( 'NONE',  ( 55.00000000000000000, -59.99999999999999289, 3.000000000000000000 ) ) ;
#2331 = CARTESIAN_POINT ( 'NONE',  ( 0.000000000000000000, 0.000000000000000000, 0.000000000000000000 ) ) ;
#2332 = CARTESIAN_POINT ( 'NONE',  ( -5.007715329123867711E-16, -5.773502691896262640, -5.200000000000000178 ) ) ;
#2333 = CARTESIAN_POINT ( 'NONE',  ( -1.599999999999997202, 0.000000000000000000, 0.000000000000000000 ) ) ;
#2334 = AXIS2_PLACEMENT_3D ( 'NONE', #2942, #2997, #2093 ) ;
#2335 = EDGE_LOOP ( 'NONE', ( #1355, #3881, #2818, #2440 ) ) ;
#2336 = AXIS2_PLACEMENT_3D ( 'NONE', #4474, #2521, #4095 ) ;
#2337 = EDGE_CURVE ( 'NONE', #988, #4870, #1911, .T. ) ;
#2338 = DIRECTION ( 'NONE',  ( -0.000000000000000000, -0.000000000000000000, 1.000000000000000000 ) ) ;
#2339 = CARTESIAN_POINT ( 'NONE',  ( 4.250000000000000888, 5.999999999999996447, 1.000000000000000666 ) ) ;
#2340 = CARTESIAN_POINT ( 'NONE',  ( 3.000000000000000444, 0.000000000000000000, -25.03750572909317285 ) ) ;
#2341 = CYLINDRICAL_SURFACE ( 'NONE', #1755, 3.250000000000002665 ) ;
#2342 = VERTEX_POINT ( 'NONE', #3078 ) ;
#2343 = PRODUCT_RELATED_PRODUCT_CATEGORY ( 'part', '', ( #3236 ) ) ;
#2344 = EDGE_LOOP ( 'NONE', ( #26, #3872 ) ) ;
#2345 = EDGE_CURVE ( 'NONE', #545, #511, #68, .T. ) ;
#2346 = SHAPE_DEFINITION_REPRESENTATION ( #2627, #759 ) ;
#2347 = ORIENTED_EDGE ( 'NONE', *, *, #1999, .F. ) ;
#2348 = AXIS2_PLACEMENT_3D ( 'NONE', #4435, #2096, #4058 ) ;
#2349 = CARTESIAN_POINT ( 'NONE',  ( 2.500000000000000000, 0.000000000000000000, -5.200000000000000178 ) ) ;
#2350 = B_SPLINE_CURVE_WITH_KNOTS ( 'NONE', 3,
 ( #3474, #3074, #3494, #1622, #1974, #3827 ),
 .UNSPECIFIED., .F., .F.,
 ( 4, 2, 4 ),
 ( 0.005339748439308727480, 0.006800846765732537422, 0.008261945092156348230 ),
 .UNSPECIFIED. ) ;
#2351 = ORIENTED_EDGE ( 'NONE', *, *, #2265, .F. ) ;
#2352 = LINE ( 'NONE', #1026, #2663 ) ;
#2353 = CARTESIAN_POINT ( 'NONE',  ( 0.000000000000000000, 7.347880794884119736E-16, -6.000000000000000000 ) ) ;
#2354 = DIRECTION ( 'NONE',  ( -1.000000000000000000, -0.000000000000000000, -0.000000000000000000 ) ) ;
#2355 = CARTESIAN_POINT ( 'NONE',  ( 0.000000000000000000, 0.000000000000000000, 0.000000000000000000 ) ) ;
#2356 = CARTESIAN_POINT ( 'NONE',  ( -1.599999999999997202, 0.000000000000000000, 6.000000000000000000 ) ) ;
#2357 = PLANE ( 'NONE',  #302 ) ;
#2358 = ORIENTED_EDGE ( 'NONE', *, *, #1507, .F. ) ;
#2359 = LINE ( 'NONE', #441, #3032 ) ;
#2360 = DIRECTION ( 'NONE',  ( 1.000000000000000000, 0.000000000000000000, -0.000000000000000000 ) ) ;
#2361 = CARTESIAN_POINT ( 'NONE',  ( 3.000000000000001332, -10.00000000000000178, 0.000000000000000000 ) ) ;
#2362 = CARTESIAN_POINT ( 'NONE',  ( 13.25000000000000178, 0.000000000000000000, 0.000000000000000000 ) ) ;
#2363 = ORIENTED_EDGE ( 'NONE', *, *, #3663, .F. ) ;
#2364 = ORIENTED_EDGE ( 'NONE', *, *, #3798, .T. ) ;
#2365 = EDGE_CURVE ( 'NONE', #582, #3621, #2649, .T. ) ;
#2366 = ITEM_DEFINED_TRANSFORMATION ( 'NONE', 'NONE', #292,  #951 ) ;
#2367 = PRODUCT_DEFINITION_CONTEXT ( 'detailed design', #4709, 'design' ) ;
#2368 = ORIENTED_EDGE ( 'NONE', *, *, #4175, .F. ) ;
#2369 = ADVANCED_FACE ( 'NONE', ( #393 ), #3173, .F. ) ;
#2370 = EDGE_CURVE ( 'NONE', #179, #4578, #1171, .T. ) ;
#2371 = APPLICATION_CONTEXT ( 'automotive_design' ) ;
#2372 = ORIENTED_EDGE ( 'NONE', *, *, #1738, .T. ) ;
#2373 = CARTESIAN_POINT ( 'NONE',  ( 5.000000000000000000, 2.886751345948126879, -4.699999999999999289 ) ) ;
#2374 = PRODUCT_DEFINITION_SHAPE ( 'NONE', 'NONE',  #4998 ) ;
#2375 =( NAMED_UNIT ( * ) SI_UNIT ( $, .STERADIAN. ) SOLID_ANGLE_UNIT ( ) );
#2376 = CARTESIAN_POINT ( 'NONE',  ( 4.250000000000000888, -5.000000000000002665, 7.000000000000000000 ) ) ;
#2377 = CARTESIAN_POINT ( 'NONE',  ( 0.000000000000000000, 0.000000000000000000, 0.000000000000000000 ) ) ;
#2378 = DIRECTION ( 'NONE',  ( 0.5000000000000003331, -0.8660254037844385966, 0.000000000000000000 ) ) ;
#2379 = CARTESIAN_POINT ( 'NONE',  ( 0.05140428708382627221, 4.819072548984005167, 1.653121499799249161 ) ) ;
#2380 = VERTEX_POINT ( 'NONE', #1561 ) ;
#2381 = EDGE_CURVE ( 'NONE', #3278, #832, #2799, .T. ) ;
#2382 = VERTEX_POINT ( 'NONE', #2361 ) ;
#2383 = AXIS2_PLACEMENT_3D ( 'NONE', #4163, #4518, #4567 ) ;
#2384 = EDGE_CURVE ( 'NONE', #783, #2089, #1785, .T. ) ;
#2385 = DIRECTION ( 'NONE',  ( -2.312964634635743943E-16, 1.000000000000000000, 0.000000000000000000 ) ) ;
#2386 = CARTESIAN_POINT ( 'NONE',  ( 5.000000000000000000, -2.886751345948132652, -0.4465819873852062694 ) ) ;
#2387 = CARTESIAN_POINT ( 'NONE',  ( 0.000000000000000000, 0.000000000000000000, -4.700000000000000178 ) ) ;
#2388 = LINE ( 'NONE', #4336, #4664 ) ;
#2389 = CIRCLE ( 'NONE', #209, 3.000000000000000444 ) ;
#2390 = ORIENTED_EDGE ( 'NONE', *, *, #834, .F. ) ;
#2391 = PRODUCT_DEFINITION_FORMATION_WITH_SPECIFIED_SOURCE ( 'ANY', '', #3236, .NOT_KNOWN. ) ;
#2392 = AXIS2_PLACEMENT_3D ( 'NONE', #4774, #2085, #3635 ) ;
#2393 = ORIENTED_EDGE ( 'NONE', *, *, #4396, .T. ) ;
#2394 = CARTESIAN_POINT ( 'NONE',  ( 0.3117969352650133419, 2.419842229202152417, -4.999999999999999112 ) ) ;
#2395 = CONTEXT_DEPENDENT_SHAPE_REPRESENTATION ( #1769, #571 ) ;
#2396 = CIRCLE ( 'NONE', #4335, 3.250000000000000444 ) ;
#2397 = EDGE_CURVE ( 'NONE', #4728, #832, #92, .T. ) ;
#2398 = EDGE_LOOP ( 'NONE', ( #996, #397 ) ) ;
#2399 = VECTOR ( 'NONE', #1807, 1000.000000000000000 ) ;
#2400 = ORIENTED_EDGE ( 'NONE', *, *, #4397, .T. ) ;
#2401 = CARTESIAN_POINT ( 'NONE',  ( 1.648146632868998207, 4.821944789745367110, 3.543383311054594024E-15 ) ) ;
#2402 = DIRECTION ( 'NONE',  ( 0.000000000000000000, 0.000000000000000000, 1.000000000000000000 ) ) ;
#2403 = DIRECTION ( 'NONE',  ( -0.000000000000000000, -0.000000000000000000, -1.000000000000000000 ) ) ;
#2404 = CARTESIAN_POINT ( 'NONE',  ( 2.712167343862819102, 4.207632145829747650, 3.430483436379916373E-15 ) ) ;
#2405 = CIRCLE ( 'NONE', #3940, 7.000000000000000000 ) ;
#2406 = CARTESIAN_POINT ( 'NONE',  ( 3.000000000000000444, 9.999999999999998224, 0.000000000000000000 ) ) ;
#2407 = ORIENTED_EDGE ( 'NONE', *, *, #3114, .F. ) ;
#2408 = CIRCLE ( 'NONE', #3135, 3.249999999999999556 ) ;
#2409 = ADVANCED_FACE ( 'NONE', ( #517 ), #4742, .F. ) ;
#2410 = EDGE_CURVE ( 'NONE', #1082, #2704, #4820, .T. ) ;
#2411 = VERTEX_POINT ( 'NONE', #1364 ) ;
#2412 = CIRCLE ( 'NONE', #1447, 4.999999999999997335 ) ;
#2413 = AXIS2_PLACEMENT_3D ( 'NONE', #102, #1641, #4355 ) ;
#2414 = CARTESIAN_POINT ( 'NONE',  ( 0.000000000000000000, 4.330127018922190985, 2.500000000000005329 ) ) ;
#2415 = CARTESIAN_POINT ( 'NONE',  ( 0.000000000000000000, -39.07163168584969526, 5.000000000000000000 ) ) ;
#2416 = DIRECTION ( 'NONE',  ( -0.000000000000000000, -0.000000000000000000, 1.000000000000000000 ) ) ;
#2417 = CARTESIAN_POINT ( 'NONE',  ( 3.499999999999999556, 2.886751345948125103, 5.000000000000000000 ) ) ;
#2418 = DIRECTION ( 'NONE',  ( 0.000000000000000000, 0.000000000000000000, 1.000000000000000000 ) ) ;
#2419 = AXIS2_PLACEMENT_3D ( 'NONE', #3800, #334, #1187 ) ;
#2420 = CIRCLE ( 'NONE', #2336, 3.250000000000000000 ) ;
#2421 = ORIENTED_EDGE ( 'NONE', *, *, #3897, .T. ) ;
#2422 = CLOSED_SHELL ( 'NONE', ( #4211, #3911, #4054, #3363, #213, #225, #1114, #3116, #4314, #2612, #3506, #2851, #1338, #4757, #1185, #578, #3422, #882, #3425, #504, #1694, #3829 ) ) ;
#2423 = ORIENTED_EDGE ( 'NONE', *, *, #321, .F. ) ;
#2424 = DIRECTION ( 'NONE',  ( -1.734723475976807094E-16, 1.000000000000000000, 0.000000000000000000 ) ) ;
#2425 = CONTEXT_DEPENDENT_SHAPE_REPRESENTATION ( #376, #4048 ) ;
#2426 = ORIENTED_EDGE ( 'NONE', *, *, #2784, .F. ) ;
#2427 = DIRECTION ( 'NONE',  ( 1.000000000000000000, 1.136252376909841095E-11, 5.635769975241440333E-42 ) ) ;
#2428 = ORIENTED_EDGE ( 'NONE', *, *, #1096, .T. ) ;
#2429 = LINE ( 'NONE', #3214, #1933 ) ;
#2430 = CARTESIAN_POINT ( 'NONE',  ( -5.000000000000000000, 6.123233995736766282E-16, 0.000000000000000000 ) ) ;
#2431 = FACE_BOUND ( 'NONE', #3916, .T. ) ;
#2432 = LINE ( 'NONE', #1671, #1074 ) ;
#2433 = DIRECTION ( 'NONE',  ( 0.000000000000000000, 0.000000000000000000, -1.000000000000000000 ) ) ;
#2434 = ORIENTED_EDGE ( 'NONE', *, *, #3638, .T. ) ;
#2435 = ORIENTED_EDGE ( 'NONE', *, *, #2496, .F. ) ;
#2436 = CARTESIAN_POINT ( 'NONE',  ( 3.499999999999999556, 5.773502691896261751, 0.000000000000000000 ) ) ;
#2437 = DIRECTION ( 'NONE',  ( 0.000000000000000000, 0.000000000000000000, -1.000000000000000000 ) ) ;
#2438 = DIRECTION ( 'NONE',  ( -0.000000000000000000, -0.000000000000000000, 1.000000000000000000 ) ) ;
#2439 = CARTESIAN_POINT ( 'NONE',  ( 55.00000000000000000, -59.99999999999999289, 8.000000000000000000 ) ) ;
#2440 = ORIENTED_EDGE ( 'NONE', *, *, #2540, .T. ) ;
#2441 = EDGE_LOOP ( 'NONE', ( #4580, #470 ) ) ;
#2442 = DIRECTION ( 'NONE',  ( 0.000000000000000000, 0.000000000000000000, 1.000000000000000000 ) ) ;
#2443 = LINE ( 'NONE', #2134, #124 ) ;
#2444 = ITEM_DEFINED_TRANSFORMATION ( 'NONE', 'NONE', #3537,  #951 ) ;
#2445 = EDGE_LOOP ( 'NONE', ( #4061, #1859, #193 ) ) ;
#2446 = DIRECTION ( 'NONE',  ( -5.635769970560720275E-42, -4.119437030781363887E-40, 1.000000000000000000 ) ) ;
#2447 = ORIENTED_EDGE ( 'NONE', *, *, #1210, .T. ) ;
#2448 = ADVANCED_FACE ( 'NONE', ( #4444 ), #190, .F. ) ;
#2449 = EDGE_CURVE ( 'NONE', #2024, #680, #1104, .T. ) ;
#2450 = CARTESIAN_POINT ( 'NONE',  ( 5.000000000000000888, -10.00000000000000178, 0.000000000000000000 ) ) ;
#2451 = CARTESIAN_POINT ( 'NONE',  ( 4.250000000000000888, -1.734723475976807094E-15, 1.000000000000000444 ) ) ;
#2452 = DIRECTION ( 'NONE',  ( -1.000000000000000000, 0.000000000000000000, 0.000000000000000000 ) ) ;
#2453 = CARTESIAN_POINT ( 'NONE',  ( 3.499999999999999556, 0.000000000000000000, 0.000000000000000000 ) ) ;
#2454 = EDGE_LOOP ( 'NONE', ( #3237, #4114, #3280, #2830, #2217, #1742 ) ) ;
#2455 = EDGE_CURVE ( 'NONE', #3033, #3388, #4421, .T. ) ;
#2456 = EDGE_LOOP ( 'NONE', ( #1726, #4042, #2729, #3125 ) ) ;
#2457 = EDGE_CURVE ( 'NONE', #3765, #2033, #1760, .T. ) ;
#2458 = CARTESIAN_POINT ( 'NONE',  ( 0.000000000000000000, -7.511572993685813892E-16, 5.000000000000000000 ) ) ;
#2459 = DIRECTION ( 'NONE',  ( 0.000000000000000000, 0.000000000000000000, 1.000000000000000000 ) ) ;
#2460 = CARTESIAN_POINT ( 'NONE',  ( -36.75000000000002132, 19.99999999999999645, 0.000000000000000000 ) ) ;
#2461 = CARTESIAN_POINT ( 'NONE',  ( -3.250000000000000444, 5.928368314150303853, 5.000000000000000000 ) ) ;
#2462 = DIRECTION ( 'NONE',  ( 1.000000000000000000, 0.000000000000000000, 0.000000000000000000 ) ) ;
#2463 = SHAPE_REPRESENTATION ( 'hex screw gradeab_iso_ISO 4017 - M6 x 25-N', ( #951 ), #4660 ) ;
#2464 = PRODUCT_DEFINITION_SHAPE ( 'NONE', 'NONE',  #4997 ) ;
#2465 = ORIENTED_EDGE ( 'NONE', *, *, #3807, .F. ) ;
#2466 = CARTESIAN_POINT ( 'NONE',  ( -5.000000000000000000, -2.886751345948130432, -4.699999999999999289 ) ) ;
#2467 = FACE_OUTER_BOUND ( 'NONE', #1566, .T. ) ;
#2468 = CONICAL_SURFACE ( 'NONE', #4815, 5.000000000000000000, 1.047197551196596521 ) ;
#2469 = FACE_OUTER_BOUND ( 'NONE', #1308, .T. ) ;
#2470 = CONTEXT_DEPENDENT_SHAPE_REPRESENTATION ( #3834, #2921 ) ;
#2471 = PRODUCT_DEFINITION_CONTEXT ( 'detailed design', #4551, 'design' ) ;
#2472 = AXIS2_PLACEMENT_3D ( 'NONE', #2811, #4348, #2091 ) ;
#2473 = AXIS2_PLACEMENT_3D ( 'NONE', #1634, #2034, #1138 ) ;
#2474 = ORIENTED_EDGE ( 'NONE', *, *, #274, .T. ) ;
#2475 = AXIS2_PLACEMENT_3D ( 'NONE', #3151, #4700, #2775 ) ;
#2476 = UNCERTAINTY_MEASURE_WITH_UNIT (LENGTH_MEASURE( 1.000000000000000082E-05 ), #4136, 'distance_accuracy_value', 'NONE');
#2477 = ADVANCED_FACE ( 'NONE', ( #594 ), #4847, .F. ) ;
#2478 = ORIENTED_EDGE ( 'NONE', *, *, #1941, .F. ) ;
#2479 = DIRECTION ( 'NONE',  ( -1.000000000000000000, -0.000000000000000000, -0.000000000000000000 ) ) ;
#2480 = CIRCLE ( 'NONE', #3056, 5.000000000000000888 ) ;
#2481 = CARTESIAN_POINT ( 'NONE',  ( 20.00000000000000355, -14.99999999999999467, 8.000000000000000000 ) ) ;
#2482 = DIRECTION ( 'NONE',  ( 4.956352788505162775E-17, 1.000000000000000000, -0.000000000000000000 ) ) ;
#2483 = DIRECTION ( 'NONE',  ( 0.000000000000000000, 0.000000000000000000, 1.000000000000000000 ) ) ;
#2484 = DIRECTION ( 'NONE',  ( -1.000000000000000000, -0.000000000000000000, -0.000000000000000000 ) ) ;
#2485 = ORIENTED_EDGE ( 'NONE', *, *, #513, .T. ) ;
#2486 = VERTEX_POINT ( 'NONE', #921 ) ;
#2487 = AXIS2_PLACEMENT_3D ( 'NONE', #2741, #1901, #3442 ) ;
#2488 = PRESENTATION_STYLE_ASSIGNMENT (( #1010 ) ) ;
#2489 = DIRECTION ( 'NONE',  ( 1.000000000000000000, -0.000000000000000000, -0.000000000000000000 ) ) ;
#2490 = CARTESIAN_POINT ( 'NONE',  ( 0.000000000000000000, 0.000000000000000000, 0.000000000000000000 ) ) ;
#2491 = DIRECTION ( 'NONE',  ( -0.000000000000000000, -0.000000000000000000, 1.000000000000000000 ) ) ;
#2492 = LINE ( 'NONE', #1680, #2314 ) ;
#2493 = VECTOR ( 'NONE', #1020, 1000.000000000000000 ) ;
#2494 = EDGE_LOOP ( 'NONE', ( #3860, #2186, #4634, #3340 ) ) ;
#2495 = CIRCLE ( 'NONE', #3782, 5.000000000000000000 ) ;
#2496 = EDGE_CURVE ( 'NONE', #1871, #2804, #2902, .T. ) ;
#2497 = VECTOR ( 'NONE', #1142, 1000.000000000000114 ) ;
#2498 = CARTESIAN_POINT ( 'NONE',  ( 4.250000000000000888, -5.000000000000001776, 1.000000000000000444 ) ) ;
#2499 = CARTESIAN_POINT ( 'NONE',  ( 4.250000000000000888, -4.000000000000003553, 1.000000000000000666 ) ) ;
#2500 = DIRECTION ( 'NONE',  ( 0.000000000000000000, -1.000000000000000000, -1.445602896647339163E-16 ) ) ;
#2501 = ADVANCED_FACE ( 'NONE', ( #1705 ), #1649, .F. ) ;
#2502 = CIRCLE ( 'NONE', #4205, 3.250000000000000000 ) ;
#2503 = VERTEX_POINT ( 'NONE', #2417 ) ;
#2504 = CARTESIAN_POINT ( 'NONE',  ( 0.000000000000000000, 60.00000000000002132, 8.000000000000000000 ) ) ;
#2505 = B_SPLINE_CURVE_WITH_KNOTS ( 'NONE', 3,
 ( #2587, #2890, #968, #2197, #4108, #1399 ),
 .UNSPECIFIED., .F., .F.,
 ( 4, 2, 4 ),
 ( 0.01799235506992014066, 0.01945319861728520699, 0.02091404216465027679 ),
 .UNSPECIFIED. ) ;
#2506 = ORIENTED_EDGE ( 'NONE', *, *, #2071, .T. ) ;
#2507 = CARTESIAN_POINT ( 'NONE',  ( 0.000000000000000000, 0.000000000000000000, 0.000000000000000000 ) ) ;
#2508 = AXIS2_PLACEMENT_3D ( 'NONE', #3568, #104, #3186 ) ;
#2509 = DIRECTION ( 'NONE',  ( 0.000000000000000000, 0.000000000000000000, 1.000000000000000000 ) ) ;
#2510 = SURFACE_STYLE_FILL_AREA ( #938 ) ;
#2511 = CARTESIAN_POINT ( 'NONE',  ( 3.469446951953614189E-15, 7.500000000000000000, 8.000000000000000000 ) ) ;
#2512 = ORIENTED_EDGE ( 'NONE', *, *, #3153, .F. ) ;
#2513 = ORIENTED_EDGE ( 'NONE', *, *, #505, .T. ) ;
#2514 =( LENGTH_UNIT ( ) NAMED_UNIT ( * ) SI_UNIT ( .MILLI., .METRE. ) );
#2515 = DIRECTION ( 'NONE',  ( -1.000000000000000000, 0.000000000000000000, 0.000000000000000000 ) ) ;
#2516 = DIRECTION ( 'NONE',  ( 0.000000000000000000, 0.000000000000000000, 1.000000000000000000 ) ) ;
#2517 = CARTESIAN_POINT ( 'NONE',  ( 3.469446951953614189E-15, -7.499999999999999112, 0.000000000000000000 ) ) ;
#2518 = CARTESIAN_POINT ( 'NONE',  ( 0.000000000000000000, 3.918869757271530460E-16, -3.200000000000000178 ) ) ;
#2519 = ORIENTED_EDGE ( 'NONE', *, *, #3247, .F. ) ;
#2520 = CARTESIAN_POINT ( 'NONE',  ( 20.00000000000000355, 15.00000000000000533, 8.000000000000000000 ) ) ;
#2521 = DIRECTION ( 'NONE',  ( 0.000000000000000000, 0.000000000000000000, 1.000000000000000000 ) ) ;
#2522 = CARTESIAN_POINT ( 'NONE',  ( -36.75000000000002132, 19.99999999999999645, 8.000000000000000000 ) ) ;
#2523 = VERTEX_POINT ( 'NONE', #2461 ) ;
#2524 = ADVANCED_FACE ( 'NONE', ( #1391 ), #496, .F. ) ;
#2525 = DIRECTION ( 'NONE',  ( -1.000000000000000000, 1.127414828161477251E-11, -9.565052991486274029E-18 ) ) ;
#2526 = ORIENTED_EDGE ( 'NONE', *, *, #2319, .T. ) ;
#2527 = EDGE_CURVE ( 'NONE', #3688, #3431, #2480, .T. ) ;
#2528 = CYLINDRICAL_SURFACE ( 'NONE', #2732, 3.200000000000000178 ) ;
#2529 = SURFACE_SIDE_STYLE ('',( #3695 ) ) ;
#2530 = LINE ( 'NONE', #4535, #4092 ) ;
#2531 = CARTESIAN_POINT ( 'NONE',  ( 3.499999999999999556, -49.89999999999999858, 0.000000000000000000 ) ) ;
#2532 = DIRECTION ( 'NONE',  ( -0.000000000000000000, 1.000000000000000000, 2.168404344971012566E-16 ) ) ;
#2533 = EDGE_LOOP ( 'NONE', ( #1652, #4492, #4730, #466 ) ) ;
#2534 = EDGE_LOOP ( 'NONE', ( #2526, #4872 ) ) ;
#2535 = CARTESIAN_POINT ( 'NONE',  ( 0.000000000000000000, -47.50000000000000000, 0.000000000000000000 ) ) ;
#2536 = CARTESIAN_POINT ( 'NONE',  ( 69.99999999999998579, 60.00000000000001421, 8.000000000000000000 ) ) ;
#2537 = FACE_OUTER_BOUND ( 'NONE', #1693, .T. ) ;
#2538 = DIRECTION ( 'NONE',  ( 1.000000000000000000, 0.000000000000000000, 0.000000000000000000 ) ) ;
#2539 = DIRECTION ( 'NONE',  ( 1.000000000000000000, 0.000000000000000000, 0.000000000000000000 ) ) ;
#2540 = EDGE_CURVE ( 'NONE', #1443, #1771, #3197, .T. ) ;
#2541 = VERTEX_POINT ( 'NONE', #4334 ) ;
#2542 =( REPRESENTATION_RELATIONSHIP ('NONE','NONE', #3347, #4225 ) REPRESENTATION_RELATIONSHIP_WITH_TRANSFORMATION ( #4204 )SHAPE_REPRESENTATION_RELATIONSHIP( ) );
#2543 = LINE ( 'NONE', #3604, #3789 ) ;
#2544 = DIRECTION ( 'NONE',  ( -0.000000000000000000, -0.000000000000000000, 1.000000000000000000 ) ) ;
#2545 = FACE_OUTER_BOUND ( 'NONE', #319, .T. ) ;
#2546 = AXIS2_PLACEMENT_3D ( 'NONE', #703, #391, #4290 ) ;
#2547 = ORIENTED_EDGE ( 'NONE', *, *, #584, .F. ) ;
#2548 = PRODUCT_DEFINITION_SHAPE ( 'NONE', 'NONE',  #4987 ) ;
#2549 = VERTEX_POINT ( 'NONE', #4004 ) ;
#2550 = CARTESIAN_POINT ( 'NONE',  ( 702.6134412343732265, 846.7061881403545840, 1323.493958478049535 ) ) ;
#2551 = VECTOR ( 'NONE', #3142, 1000.000000000000000 ) ;
#2552 = AXIS2_PLACEMENT_3D ( 'NONE', #4955, #366, #1835 ) ;
#2553 = ORIENTED_EDGE ( 'NONE', *, *, #2623, .F. ) ;
#2554 = EDGE_CURVE ( 'NONE', #643, #859, #2104, .T. ) ;
#2555 = ADVANCED_FACE ( 'NONE', ( #3252 ), #542, .T. ) ;
#2556 = FACE_OUTER_BOUND ( 'NONE', #2615, .T. ) ;
#2557 = DIRECTION ( 'NONE',  ( -0.7071067811865516806, 8.659560562354883554E-17, -0.7071067811865434649 ) ) ;
#2558 = B_SPLINE_CURVE_WITH_KNOTS ( 'NONE', 3,
 ( #2569, #4468, #1857, #4570 ),
 .UNSPECIFIED., .F., .F.,
 ( 4, 4 ),
 ( 2.380735200909116201E-07, 0.002921158011986719431 ),
 .UNSPECIFIED. ) ;
#2559 = CIRCLE ( 'NONE', #375, 6.000000000000000000 ) ;
#2560 = DIRECTION ( 'NONE',  ( 0.000000000000000000, 0.000000000000000000, 1.000000000000000000 ) ) ;
#2561 = DIRECTION ( 'NONE',  ( -0.000000000000000000, -0.000000000000000000, 1.000000000000000000 ) ) ;
#2562 = ORIENTED_EDGE ( 'NONE', *, *, #2337, .F. ) ;
#2563 = EDGE_CURVE ( 'NONE', #4134, #1763, #2408, .T. ) ;
#2564 = VERTEX_POINT ( 'NONE', #1883 ) ;
#2565 = VECTOR ( 'NONE', #2484, 1000.000000000000000 ) ;
#2566 = LINE ( 'NONE', #240, #4599 ) ;
#2567 = LINE ( 'NONE', #4117, #281 ) ;
#2568 = LINE ( 'NONE', #2283, #4986 ) ;
#2569 = CARTESIAN_POINT ( 'NONE',  ( -6.938893903907228378E-15, -5.773502691896259087, -0.4465819873852062694 ) ) ;
#2570 = AXIS2_PLACEMENT_3D ( 'NONE', #1445, #3318, #3691 ) ;
#2571 = EDGE_CURVE ( 'NONE', #3431, #3988, #1463, .T. ) ;
#2572 = CARTESIAN_POINT ( 'NONE',  ( -2.500000000000000000, 3.061616997868383141E-16, -5.200000000000000178 ) ) ;
#2573 = ORIENTED_EDGE ( 'NONE', *, *, #2919, .F. ) ;
#2574 = DIRECTION ( 'NONE',  ( 0.000000000000000000, 0.000000000000000000, 1.000000000000000000 ) ) ;
#2575 = CARTESIAN_POINT ( 'NONE',  ( 10.00000000000000178, 0.000000000000000000, 0.000000000000000000 ) ) ;
#2576 = DIRECTION ( 'NONE',  ( 0.000000000000000000, 0.000000000000000000, -1.000000000000000000 ) ) ;
#2577 = CONICAL_SURFACE ( 'NONE', #877, 5.000000000000000000, 1.047197551196600296 ) ;
#2578 = CONICAL_SURFACE ( 'NONE', #309, 5.000000000000000000, 1.047197551196596521 ) ;
#2579 = VECTOR ( 'NONE', #1993, 1000.000000000000000 ) ;
#2580 = VECTOR ( 'NONE', #1110, 1000.000000000000000 ) ;
#2581 = ORIENTED_EDGE ( 'NONE', *, *, #2783, .F. ) ;
#2582 = PRODUCT_CONTEXT ( 'NONE', #2371, 'mechanical' ) ;
#2583 = AXIS2_PLACEMENT_3D ( 'NONE', #3667, #585, #4432 ) ;
#2584 = VECTOR ( 'NONE', #3407, 1000.000000000000000 ) ;
#2585 = ORIENTED_EDGE ( 'NONE', *, *, #2638, .T. ) ;
#2586 = PRODUCT ( 'Gripper Pivot Pins', 'Gripper Pivot Pins', '', ( #1943 ) ) ;
#2587 = CARTESIAN_POINT ( 'NONE',  ( 0.000000000000000000, 0.000000000000000000, -5.000000000000000000 ) ) ;
#2588 = DIRECTION ( 'NONE',  ( 0.000000000000000000, 2.168404344971012566E-16, -1.000000000000000000 ) ) ;
#2589 = CARTESIAN_POINT ( 'NONE',  ( 5.000000000000000000, -0.4878135028931872008, -1.524659305057739994E-17 ) ) ;
#2590 = CARTESIAN_POINT ( 'NONE',  ( -43.25000000000002132, 19.99999999999999645, 0.000000000000000000 ) ) ;
#2591 = ORIENTED_EDGE ( 'NONE', *, *, #734, .F. ) ;
#2592 = ORIENTED_EDGE ( 'NONE', *, *, #596, .T. ) ;
#2593 = B_SPLINE_CURVE_WITH_KNOTS ( 'NONE', 3,
 ( #1169, #2721, #4265, #773, #3426, #4220, #796, #2698 ),
 .UNSPECIFIED., .F., .F.,
 ( 4, 2, 2, 4 ),
 ( 0.002921158011986713359, 0.003648658599403067915, 0.004376159186819422037, 0.005831160361652132015 ),
 .UNSPECIFIED. ) ;
#2594 = DIRECTION ( 'NONE',  ( 0.000000000000000000, 1.000000000000000000, 0.000000000000000000 ) ) ;
#2595 = CARTESIAN_POINT ( 'NONE',  ( 0.000000000000000000, 0.000000000000000000, -5.000000000000000000 ) ) ;
#2596 = CARTESIAN_POINT ( 'NONE',  ( 20.00000000000000355, 15.00000000000000533, 0.000000000000000000 ) ) ;
#2597 = DIRECTION ( 'NONE',  ( 1.000000000000000000, 1.387778780781445182E-16, -0.000000000000000000 ) ) ;
#2598 = CARTESIAN_POINT ( 'NONE',  ( -1.599999999999997202, 0.000000000000000000, 0.000000000000000000 ) ) ;
#2599 = EDGE_LOOP ( 'NONE', ( #1753, #3820, #4979, #377 ) ) ;
#2600 = ADVANCED_FACE ( 'NONE', ( #4119 ), #1434, .F. ) ;
#2601 = B_SPLINE_CURVE_WITH_KNOTS ( 'NONE', 3,
 ( #3680, #622, #215, #3253 ),
 .UNSPECIFIED., .F., .F.,
 ( 4, 4 ),
 ( 2.380735200821606581E-07, 0.002921158011986709022 ),
 .UNSPECIFIED. ) ;
#2602 = CYLINDRICAL_SURFACE ( 'NONE', #1935, 3.249999999999999556 ) ;
#2603 = CARTESIAN_POINT ( 'NONE',  ( 0.000000000000000000, 5.928368314150303853, 0.000000000000000000 ) ) ;
#2604 = ORIENTED_EDGE ( 'NONE', *, *, #3359, .F. ) ;
#2605 = DIRECTION ( 'NONE',  ( -1.000000000000000000, 1.344142534911284669E-36, 3.675753366739206856E-36 ) ) ;
#2606 = ORIENTED_EDGE ( 'NONE', *, *, #2025, .F. ) ;
#2607 = EDGE_CURVE ( 'NONE', #4476, #7, #1000, .T. ) ;
#2608 = FACE_OUTER_BOUND ( 'NONE', #4093, .T. ) ;
#2609 = DIRECTION ( 'NONE',  ( -1.000000000000000000, 0.000000000000000000, -0.000000000000000000 ) ) ;
#2610 = DIRECTION ( 'NONE',  ( 4.956352788505161542E-17, 1.000000000000000000, 0.000000000000000000 ) ) ;
#2611 =( NAMED_UNIT ( * ) SI_UNIT ( $, .STERADIAN. ) SOLID_ANGLE_UNIT ( ) );
#2612 = ADVANCED_FACE ( 'NONE', ( #4970 ), #265, .F. ) ;
#2613 = VERTEX_POINT ( 'NONE', #4868 ) ;
#2614 = EDGE_CURVE ( 'NONE', #1845, #1258, #1822, .T. ) ;
#2615 = EDGE_LOOP ( 'NONE', ( #1429, #2819, #2512 ) ) ;
#2616 = DIRECTION ( 'NONE',  ( 0.000000000000000000, 0.000000000000000000, -1.000000000000000000 ) ) ;
#2617 = DIRECTION ( 'NONE',  ( -9.912705577010325549E-17, 1.000000000000000000, 0.000000000000000000 ) ) ;
#2618 = DIRECTION ( 'NONE',  ( -1.000000000000000000, -0.000000000000000000, -0.000000000000000000 ) ) ;
#2619 = EDGE_CURVE ( 'NONE', #2089, #2380, #2558, .T. ) ;
#2620 = CARTESIAN_POINT ( 'NONE',  ( 0.000000000000000000, 0.000000000000000000, -5.174599999999998090 ) ) ;
#2621 = DIRECTION ( 'NONE',  ( 1.000000000000000000, 0.000000000000000000, -0.000000000000000000 ) ) ;
#2622 = ORIENTED_EDGE ( 'NONE', *, *, #4546, .T. ) ;
#2623 = EDGE_CURVE ( 'NONE', #4787, #2973, #693, .T. ) ;
#2624 = PLANE ( 'NONE',  #6 ) ;
#2625 = DIRECTION ( 'NONE',  ( -0.000000000000000000, -0.000000000000000000, 1.000000000000000000 ) ) ;
#2626 = LINE ( 'NONE', #2190, #3689 ) ;
#2627 = PRODUCT_DEFINITION_SHAPE ( 'NONE', 'NONE',  #2780 ) ;
#2628 = ORIENTED_EDGE ( 'NONE', *, *, #3128, .T. ) ;
#2629 = EDGE_CURVE ( 'NONE', #1716, #1808, #620, .T. ) ;
#2630 = EDGE_CURVE ( 'NONE', #4106, #1045, #1053, .T. ) ;
#2631 = UNCERTAINTY_MEASURE_WITH_UNIT (LENGTH_MEASURE( 1.000000000000000082E-05 ), #4863, 'distance_accuracy_value', 'NONE');
#2632 = EDGE_LOOP ( 'NONE', ( #3806, #1662 ) ) ;
#2633 = VECTOR ( 'NONE', #977, 1000.000000000000000 ) ;
#2634 = ORIENTED_EDGE ( 'NONE', *, *, #3503, .T. ) ;
#2635 = FACE_OUTER_BOUND ( 'NONE', #828, .T. ) ;
#2636 = DIRECTION ( 'NONE',  ( 1.387778780781445182E-16, -1.000000000000000000, 0.000000000000000000 ) ) ;
#2637 = AXIS2_PLACEMENT_3D ( 'NONE', #13, #2765, #1554 ) ;
#2638 = EDGE_CURVE ( 'NONE', #1666, #3791, #1407, .T. ) ;
#2639 = EDGE_LOOP ( 'NONE', ( #3997, #4804, #3692, #2938 ) ) ;
#2640 = AXIS2_PLACEMENT_3D ( 'NONE', #4708, #580, #2116 ) ;
#2641 = AXIS2_PLACEMENT_3D ( 'NONE', #3314, #4389, #144 ) ;
#2642 =( REPRESENTATION_RELATIONSHIP ('NONE','NONE', #3347, #759 ) REPRESENTATION_RELATIONSHIP_WITH_TRANSFORMATION ( #4777 )SHAPE_REPRESENTATION_RELATIONSHIP( ) );
#2643 = CARTESIAN_POINT ( 'NONE',  ( 0.000000000000000000, 0.000000000000000000, 0.000000000000000000 ) ) ;
#2644 = LINE ( 'NONE', #691, #3054 ) ;
#2645 = CYLINDRICAL_SURFACE ( 'NONE', #4608, 5.000000000000000000 ) ;
#2646 = CYLINDRICAL_SURFACE ( 'NONE', #4094, 3.250000000000001776 ) ;
#2647 = PLANE ( 'NONE',  #3766 ) ;
#2648 = EDGE_LOOP ( 'NONE', ( #4647, #701, #4927, #3399 ) ) ;
#2649 = CIRCLE ( 'NONE', #3124, 3.250000000000000444 ) ;
#2650 = CIRCLE ( 'NONE', #3934, 5.000000000000000000 ) ;
#2651 = PLANE ( 'NONE',  #1602 ) ;
#2652 = DIRECTION ( 'NONE',  ( 1.000000000000000000, 0.000000000000000000, 0.000000000000000000 ) ) ;
#2653 = FACE_OUTER_BOUND ( 'NONE', #2494, .T. ) ;
#2654 = ORIENTED_EDGE ( 'NONE', *, *, #2754, .F. ) ;
#2655 = EDGE_CURVE ( 'NONE', #2024, #783, #2711, .T. ) ;
#2656 = ORIENTED_EDGE ( 'NONE', *, *, #4727, .F. ) ;
#2657 = STYLED_ITEM ( 'NONE', ( #3302 ), #1360 ) ;
#2658 = EDGE_CURVE ( 'NONE', #1808, #577, #4893, .T. ) ;
#2659 = VECTOR ( 'NONE', #2416, 1000.000000000000000 ) ;
#2660 = TOROIDAL_SURFACE ( 'NONE', #1529, 3.250000000000000444, 0.2500000000000000000 ) ;
#2661 = ORIENTED_EDGE ( 'NONE', *, *, #3666, .F. ) ;
#2662 = CARTESIAN_POINT ( 'NONE',  ( 5.000000000000000888, -10.00000000000000178, 8.000000000000000000 ) ) ;
#2663 = VECTOR ( 'NONE', #355, 1000.000000000000000 ) ;
#2664 = CARTESIAN_POINT ( 'NONE',  ( 0.000000000000000000, 0.000000000000000000, -5.000000000000000000 ) ) ;
#2665 = VECTOR ( 'NONE', #3454, 1000.000000000000000 ) ;
#2666 = AXIS2_PLACEMENT_3D ( 'NONE', #650, #1021, #4192 ) ;
#2667 = VERTEX_POINT ( 'NONE', #1092 ) ;
#2668 = CARTESIAN_POINT ( 'NONE',  ( 0.000000000000000000, 0.000000000000000000, -4.824496230895145565 ) ) ;
#2669 = PRODUCT ( 'Gripper Jaw', 'Gripper Jaw', '', ( #1521 ) ) ;
#2670 = DIRECTION ( 'NONE',  ( 0.000000000000000000, 0.000000000000000000, -1.000000000000000000 ) ) ;
#2671 = DIRECTION ( 'NONE',  ( 0.000000000000000000, 0.000000000000000000, 1.000000000000000000 ) ) ;
#2672 = CARTESIAN_POINT ( 'NONE',  ( 3.250000000000003109, 7.500000000000000000, 0.000000000000000000 ) ) ;
#2673 = DIRECTION ( 'NONE',  ( 1.000000000000000000, 0.000000000000000000, -0.000000000000000000 ) ) ;
#2674 = DIRECTION ( 'NONE',  ( 0.000000000000000000, 0.000000000000000000, 1.000000000000000000 ) ) ;
#2675 = EDGE_LOOP ( 'NONE', ( #1184, #4631 ) ) ;
#2676 = CARTESIAN_POINT ( 'NONE',  ( 20.00000000000000355, 15.00000000000000533, 8.000000000000000000 ) ) ;
#2677 =( NAMED_UNIT ( * ) SI_UNIT ( $, .STERADIAN. ) SOLID_ANGLE_UNIT ( ) );
#2678 = CARTESIAN_POINT ( 'NONE',  ( 4.000000000000000000, 5.773502691896261751, 0.000000000000000000 ) ) ;
#2679 = CARTESIAN_POINT ( 'NONE',  ( 0.000000000000000000, -39.07163168584969526, 0.000000000000000000 ) ) ;
#2680 = ORIENTED_EDGE ( 'NONE', *, *, #958, .T. ) ;
#2681 = EDGE_CURVE ( 'NONE', #1551, #170, #4490, .T. ) ;
#2682 = EDGE_CURVE ( 'NONE', #2523, #1997, #3999, .T. ) ;
#2683 = ORIENTED_EDGE ( 'NONE', *, *, #4633, .T. ) ;
#2684 = APPLICATION_PROTOCOL_DEFINITION ( 'draft international standard', 'automotive_design', 1998, #1241 ) ;
#2685 = ADVANCED_FACE ( 'NONE', ( #285 ), #1830, .T. ) ;
#2686 = EDGE_LOOP ( 'NONE', ( #2634, #2150, #3156, #1323 ) ) ;
#2687 = FACE_OUTER_BOUND ( 'NONE', #1067, .T. ) ;
#2688 = LINE ( 'NONE', #4230, #3200 ) ;
#2689 = VERTEX_POINT ( 'NONE', #4948 ) ;
#2690 = PLANE ( 'NONE',  #800 ) ;
#2691 = FACE_OUTER_BOUND ( 'NONE', #1590, .T. ) ;
#2692 = CARTESIAN_POINT ( 'NONE',  ( -1.599999999999997202, 0.000000000000000000, 0.000000000000000000 ) ) ;
#2693 = CARTESIAN_POINT ( 'NONE',  ( 5.000000000000000000, 2.886751345948131320, -0.4465819873852062694 ) ) ;
#2694 = DIRECTION ( 'NONE',  ( -1.000000000000000000, 0.000000000000000000, 0.000000000000000000 ) ) ;
#2695 = CARTESIAN_POINT ( 'NONE',  ( -1.599999999999997202, 0.000000000000000000, 3.200000000000000178 ) ) ;
#2696 = ORIENTED_EDGE ( 'NONE', *, *, #1133, .F. ) ;
#2697 = EDGE_CURVE ( 'NONE', #170, #3608, #931, .T. ) ;
#2698 = CARTESIAN_POINT ( 'NONE',  ( 1.301042606982605321E-15, 5.773502691896259975, -0.4465819873852062694 ) ) ;
#2699 = LINE ( 'NONE', #2313, #2665 ) ;
#2700 = CARTESIAN_POINT ( 'NONE',  ( 2.500000000000000000, 0.000000000000000000, -0.3501037691048554668 ) ) ;
#2701 = ORIENTED_EDGE ( 'NONE', *, *, #3238, .F. ) ;
#2702 = ORIENTED_EDGE ( 'NONE', *, *, #2457, .F. ) ;
#2703 = SHAPE_DEFINITION_REPRESENTATION ( #4806, #2272 ) ;
#2704 = VERTEX_POINT ( 'NONE', #1071 ) ;
#2705 = DIRECTION ( 'NONE',  ( 0.000000000000000000, -1.000000000000000000, -1.502314598737162483E-16 ) ) ;
#2706 =( LENGTH_UNIT ( ) NAMED_UNIT ( * ) SI_UNIT ( .MILLI., .METRE. ) );
#2707 = VECTOR ( 'NONE', #2385, 1000.000000000000000 ) ;
#2708 = VERTEX_POINT ( 'NONE', #3774 ) ;
#2709 = ADVANCED_FACE ( 'NONE', ( #1483 ), #2646, .F. ) ;
#2710 = DIRECTION ( 'NONE',  ( 0.000000000000000000, 0.000000000000000000, -1.000000000000000000 ) ) ;
#2711 = CIRCLE ( 'NONE', #527, 4.999999999999999112 ) ;
#2712 = LINE ( 'NONE', #433, #1112 ) ;
#2713 = FACE_OUTER_BOUND ( 'NONE', #2143, .T. ) ;
#2714 = CARTESIAN_POINT ( 'NONE',  ( 29.00000000000000000, 0.000000000000000000, 0.000000000000000000 ) ) ;
#2715 = EDGE_CURVE ( 'NONE', #4338, #1, #3826, .T. ) ;
#2716 = FACE_OUTER_BOUND ( 'NONE', #1961, .T. ) ;
#2717 = PLANE ( 'NONE',  #4185 ) ;
#2718 = ORIENTED_EDGE ( 'NONE', *, *, #2381, .T. ) ;
#2719 = CIRCLE ( 'NONE', #4416, 3.250000000000000444 ) ;
#2720 = EDGE_CURVE ( 'NONE', #1101, #895, #1973, .T. ) ;
#2721 = CARTESIAN_POINT ( 'NONE',  ( -2.287832656137186227, 4.452621892014638760, 3.339003878076451937E-15 ) ) ;
#2722 = CARTESIAN_POINT ( 'NONE',  ( 0.4465819873852054922, -5.773502691896264416, 6.182115607083733842E-17 ) ) ;
#2723 = CARTESIAN_POINT ( 'NONE',  ( 0.4465819873852054922, -5.773502691896264416, 6.182115607083733842E-17 ) ) ;
#2724 = CARTESIAN_POINT ( 'NONE',  ( 4.250000000000000888, 5.999999999999996447, 7.000000000000000000 ) ) ;
#2725 = AXIS2_PLACEMENT_3D ( 'NONE', #4794, #3306, #2462 ) ;
#2726 = DIRECTION ( 'NONE',  ( 0.000000000000000000, 0.000000000000000000, -1.000000000000000000 ) ) ;
#2727 = ORIENTED_EDGE ( 'NONE', *, *, #672, .T. ) ;
#2728 = VECTOR ( 'NONE', #1505, 1000.000000000000000 ) ;
#2729 = ORIENTED_EDGE ( 'NONE', *, *, #2629, .F. ) ;
#2730 =( GEOMETRIC_REPRESENTATION_CONTEXT ( 3 ) GLOBAL_UNCERTAINTY_ASSIGNED_CONTEXT ( ( #1870 ) ) GLOBAL_UNIT_ASSIGNED_CONTEXT ( ( #3066, #1638, #152 ) ) REPRESENTATION_CONTEXT ( 'NONE', 'WORKASPACE' ) );
#2731 = APPLICATION_PROTOCOL_DEFINITION ( 'draft international standard', 'automotive_design', 1998, #1514 ) ;
#2732 = AXIS2_PLACEMENT_3D ( 'NONE', #991, #1722, #230 ) ;
#2733 = ORIENTED_EDGE ( 'NONE', *, *, #1372, .T. ) ;
#2734 = CARTESIAN_POINT ( 'NONE',  ( -9.999999999999996447, 0.000000000000000000, 0.000000000000000000 ) ) ;
#2735 = AXIS2_PLACEMENT_3D ( 'NONE', #264, #3041, #4947 ) ;
#2736 = ORIENTED_EDGE ( 'NONE', *, *, #4859, .T. ) ;
#2737 = CIRCLE ( 'NONE', #1536, 7.000000000000000000 ) ;
#2738 = AXIS2_PLACEMENT_3D ( 'NONE', #3581, #2133, #1711 ) ;
#2739 = CARTESIAN_POINT ( 'NONE',  ( -2.500000000000003997, -4.330127018922194537, -4.700000000000000178 ) ) ;
#2740 = EDGE_CURVE ( 'NONE', #1537, #4449, #3445, .T. ) ;
#2741 = CARTESIAN_POINT ( 'NONE',  ( 4.000000000000000000, 0.000000000000000000, 0.000000000000000000 ) ) ;
#2742 = CARTESIAN_POINT ( 'NONE',  ( -54.82069240682337607, -60.00000000000000711, 8.000000000000000000 ) ) ;
#2743 = CARTESIAN_POINT ( 'NONE',  ( 0.000000000000000000, 0.000000000000000000, 13.00000000000000000 ) ) ;
#2744 = LINE ( 'NONE', #4262, #3291 ) ;
#2745 = AXIS2_PLACEMENT_3D ( 'NONE', #156, #1695, #2017 ) ;
#2746 = ORIENTED_EDGE ( 'NONE', *, *, #2295, .F. ) ;
#2747 = VECTOR ( 'NONE', #1003, 1000.000000000000000 ) ;
#2748 = EDGE_CURVE ( 'NONE', #2194, #4681, #1164, .T. ) ;
#2749 = FACE_OUTER_BOUND ( 'NONE', #1817, .T. ) ;
#2750 = CARTESIAN_POINT ( 'NONE',  ( 10.00000000000000178, 0.000000000000000000, 8.000000000000000000 ) ) ;
#2751 = DIRECTION ( 'NONE',  ( -0.000000000000000000, -0.000000000000000000, 1.000000000000000000 ) ) ;
#2752 = LINE ( 'NONE', #2362, #1356 ) ;
#2753 = ORIENTED_EDGE ( 'NONE', *, *, #3721, .F. ) ;
#2754 = EDGE_CURVE ( 'NONE', #3561, #3659, #1016, .T. ) ;
#2755 = EDGE_CURVE ( 'NONE', #2033, #1220, #2193, .T. ) ;
#2756 = ORIENTED_EDGE ( 'NONE', *, *, #3888, .F. ) ;
#2757 = APPLICATION_PROTOCOL_DEFINITION ( 'draft international standard', 'automotive_design', 1998, #4618 ) ;
#2758 = ORIENTED_EDGE ( 'NONE', *, *, #4030, .T. ) ;
#2759 = EDGE_CURVE ( 'NONE', #783, #2380, #822, .T. ) ;
#2760 = SHAPE_REPRESENTATION_RELATIONSHIP ( 'NONE' , 'NONE' ,  #4901, #4431 ) ;
#2761 = ORIENTED_EDGE ( 'NONE', *, *, #3610, .F. ) ;
#2762 = ADVANCED_FACE ( 'NONE', ( #1534 ), #3043, .T. ) ;
#2763 = CYLINDRICAL_SURFACE ( 'NONE', #4526, 6.000000000000000000 ) ;
#2764 = DIRECTION ( 'NONE',  ( -0.000000000000000000, 1.445602896647339163E-16, -1.000000000000000000 ) ) ;
#2765 = DIRECTION ( 'NONE',  ( 0.000000000000000000, 0.000000000000000000, 1.000000000000000000 ) ) ;
#2766 = DIRECTION ( 'NONE',  ( 0.000000000000000000, 0.000000000000000000, -1.000000000000000000 ) ) ;
#2767 = ADVANCED_FACE ( 'NONE', ( #3548 ), #3901, .T. ) ;
#2768 = DIRECTION ( 'NONE',  ( -0.000000000000000000, -0.000000000000000000, 1.000000000000000000 ) ) ;
#2769 = LINE ( 'NONE', #3923, #2889 ) ;
#2770 = ORIENTED_EDGE ( 'NONE', *, *, #4383, .F. ) ;
#2771 = VERTEX_POINT ( 'NONE', #2356 ) ;
#2772 = LINE ( 'NONE', #4307, #2707 ) ;
#2773 = CARTESIAN_POINT ( 'NONE',  ( -19.99999999999999645, -15.00000000000000000, 8.000000000000000000 ) ) ;
#2774 = CARTESIAN_POINT ( 'NONE',  ( 1.443735181952764624, -4.939961795957300339, -0.08165819712377189732 ) ) ;
#2775 = DIRECTION ( 'NONE',  ( 1.000000000000000000, 0.000000000000000000, 0.000000000000000000 ) ) ;
#2776 = EDGE_LOOP ( 'NONE', ( #624, #4049, #3051, #3975 ) ) ;
#2777 = EDGE_CURVE ( 'NONE', #3586, #129, #1192, .T. ) ;
#2778 = ORIENTED_EDGE ( 'NONE', *, *, #311, .T. ) ;
#2779 = PLANE ( 'NONE',  #3926 ) ;
#2780 = PRODUCT_DEFINITION ( 'UNKNOWN', '', #374, #2367 ) ;
#2781 = PRODUCT_DEFINITION_CONTEXT ( 'detailed design', #3764, 'design' ) ;
#2782 = EDGE_LOOP ( 'NONE', ( #4902, #2581, #4340, #107 ) ) ;
#2783 = EDGE_CURVE ( 'NONE', #3793, #4312, #1474, .T. ) ;
#2784 = EDGE_CURVE ( 'NONE', #162, #3505, #4464, .T. ) ;
#2785 = DIRECTION ( 'NONE',  ( 0.7453559925051270740, 0.6666666666608562775, -6.487886361010339429E-19 ) ) ;
#2786 = UNCERTAINTY_MEASURE_WITH_UNIT (LENGTH_MEASURE( 1.000000000000000082E-05 ), #2149, 'distance_accuracy_value', 'NONE');
#2787 = ORIENTED_EDGE ( 'NONE', *, *, #3395, .F. ) ;
#2788 = DIRECTION ( 'NONE',  ( 0.000000000000000000, 0.000000000000000000, -1.000000000000000000 ) ) ;
#2789 = DIRECTION ( 'NONE',  ( -1.000000000000000000, 0.000000000000000000, 0.000000000000000000 ) ) ;
#2790 = LINE ( 'NONE', #865, #4032 ) ;
#2791 = DIRECTION ( 'NONE',  ( 1.000000000000000000, 0.000000000000000000, 0.000000000000000000 ) ) ;
#2792 = AXIS2_PLACEMENT_3D ( 'NONE', #2127, #3303, #540 ) ;
#2793 = CARTESIAN_POINT ( 'NONE',  ( 4.250000000000000888, 4.999999999999998224, 1.000000000000000444 ) ) ;
#2794 = ORIENTED_EDGE ( 'NONE', *, *, #2759, .F. ) ;
#2795 = ORIENTED_EDGE ( 'NONE', *, *, #4016, .T. ) ;
#2796 = AXIS2_PLACEMENT_3D ( 'NONE', #3265, #2789, #182 ) ;
#2797 = LINE ( 'NONE', #4441, #71 ) ;
#2798 = FACE_BOUND ( 'NONE', #2398, .T. ) ;
#2799 = LINE ( 'NONE', #4677, #1358 ) ;
#2800 = CARTESIAN_POINT ( 'NONE',  ( 3.469446951953614189E-15, -7.499999999999999112, 8.000000000000000000 ) ) ;
#2801 = AXIS2_PLACEMENT_3D ( 'NONE', #2983, #2239, #2290 ) ;
#2802 = VERTEX_POINT ( 'NONE', #3094 ) ;
#2803 = AXIS2_PLACEMENT_3D ( 'NONE', #1688, #4855, #927 ) ;
#2804 = VERTEX_POINT ( 'NONE', #1556 ) ;
#2805 = FACE_OUTER_BOUND ( 'NONE', #1060, .T. ) ;
#2806 = ITEM_DEFINED_TRANSFORMATION ( 'NONE', 'NONE', #3609,  #951 ) ;
#2807 = AXIS2_PLACEMENT_3D ( 'NONE', #2826, #1650, #4414 ) ;
#2808 = AXIS2_PLACEMENT_3D ( 'NONE', #4066, #874, #3959 ) ;
#2809 = ORIENTED_EDGE ( 'NONE', *, *, #1253, .T. ) ;
#2810 = AXIS2_PLACEMENT_3D ( 'NONE', #2333, #1557, #1995 ) ;
#2811 = CARTESIAN_POINT ( 'NONE',  ( 742.6134412346328872, 935.2472078030933744, 1315.493958478050445 ) ) ;
#2812 = ORIENTED_EDGE ( 'NONE', *, *, #2, .T. ) ;
#2813 = CARTESIAN_POINT ( 'NONE',  ( 4.250000000000000000, 0.000000000000000000, -3.250000000000000444 ) ) ;
#2814 = FACE_OUTER_BOUND ( 'NONE', #3221, .T. ) ;
#2815 = DIRECTION ( 'NONE',  ( 0.000000000000000000, 0.000000000000000000, 1.000000000000000000 ) ) ;
#2816 = VECTOR ( 'NONE', #1502, 1000.000000000000000 ) ;
#2817 = LINE ( 'NONE', #1751, #2565 ) ;
#2818 = ORIENTED_EDGE ( 'NONE', *, *, #3677, .F. ) ;
#2819 = ORIENTED_EDGE ( 'NONE', *, *, #133, .F. ) ;
#2820 = AXIS2_PLACEMENT_3D ( 'NONE', #3626, #1678, #4003 ) ;
#2821 = STYLED_ITEM ( 'NONE', ( #561 ), #1635 ) ;
#2822 = PLANE ( 'NONE',  #3864 ) ;
#2823 = LINE ( 'NONE', #3978, #771 ) ;
#2824 = CARTESIAN_POINT ( 'NONE',  ( 0.000000000000000000, 0.000000000000000000, 8.000000000000000000 ) ) ;
#2825 = DIRECTION ( 'NONE',  ( 0.000000000000000000, 1.000000000000000000, 1.502314598737162483E-16 ) ) ;
#2826 = CARTESIAN_POINT ( 'NONE',  ( 0.000000000000000000, 0.000000000000000000, 0.000000000000000000 ) ) ;
#2827 = AXIS2_PLACEMENT_3D ( 'NONE', #1339, #4050, #2884 ) ;
#2828 = VECTOR ( 'NONE', #4181, 1000.000000000000000 ) ;
#2829 = ORIENTED_EDGE ( 'NONE', *, *, #4035, .T. ) ;
#2830 = ORIENTED_EDGE ( 'NONE', *, *, #2740, .F. ) ;
#2831 = CARTESIAN_POINT ( 'NONE',  ( 0.08165819712376848338, 3.720292241887086071, -3.556264818047238041 ) ) ;
#2832 = DIRECTION ( 'NONE',  ( 4.956352788505162775E-17, 1.000000000000000000, -0.000000000000000000 ) ) ;
#2833 = EDGE_CURVE ( 'NONE', #3001, #511, #58, .T. ) ;
#2834 = EDGE_CURVE ( 'NONE', #3388, #3988, #4217, .T. ) ;
#2835 = VERTEX_POINT ( 'NONE', #1599 ) ;
#2836 = ORIENTED_EDGE ( 'NONE', *, *, #1133, .T. ) ;
#2837 = EDGE_CURVE ( 'NONE', #2980, #1916, #4379, .T. ) ;
#2838 = LINE ( 'NONE', #2373, #3948 ) ;
#2839 = FILL_AREA_STYLE ('',( #3969 ) ) ;
#2840 = CARTESIAN_POINT ( 'NONE',  ( 0.000000000000000000, -39.07163168584969526, 0.000000000000000000 ) ) ;
#2841 = CARTESIAN_POINT ( 'NONE',  ( 4.250000000000000888, 5.999999999999996447, 1.000000000000000666 ) ) ;
#2842 = CARTESIAN_POINT ( 'NONE',  ( 0.000000000000000000, 0.000000000000000000, 0.000000000000000000 ) ) ;
#2843 = ORIENTED_EDGE ( 'NONE', *, *, #3450, .T. ) ;
#2844 = ORIENTED_EDGE ( 'NONE', *, *, #2833, .T. ) ;
#2845 = DIRECTION ( 'NONE',  ( 0.000000000000000000, 0.000000000000000000, -1.000000000000000000 ) ) ;
#2846 = LINE ( 'NONE', #2074, #4246 ) ;
#2847 = PLANE ( 'NONE',  #2735 ) ;
#2848 = DIRECTION ( 'NONE',  ( 1.000000000000000000, 0.000000000000000000, 0.000000000000000000 ) ) ;
#2849 = DIRECTION ( 'NONE',  ( 0.000000000000000000, 0.000000000000000000, 1.000000000000000000 ) ) ;
#2850 = ORIENTED_EDGE ( 'NONE', *, *, #2, .F. ) ;
#2851 = ADVANCED_FACE ( 'NONE', ( #2716 ), #2305, .F. ) ;
#2852 = ORIENTED_EDGE ( 'NONE', *, *, #4876, .F. ) ;
#2853 =( GEOMETRIC_REPRESENTATION_CONTEXT ( 3 ) GLOBAL_UNCERTAINTY_ASSIGNED_CONTEXT ( ( #1007 ) ) GLOBAL_UNIT_ASSIGNED_CONTEXT ( ( #3647, #866, #3590 ) ) REPRESENTATION_CONTEXT ( 'NONE', 'WORKASPACE' ) );
#2854 = CARTESIAN_POINT ( 'NONE',  ( 59.89897948556632912, 60.00000000000001421, 4.000000000000000000 ) ) ;
#2855 = CARTESIAN_POINT ( 'NONE',  ( 30.00000000000000355, -10.00000000000000178, 8.000000000000000000 ) ) ;
#2856 = CONTEXT_DEPENDENT_SHAPE_REPRESENTATION ( #3059, #2374 ) ;
#2857 = ORIENTED_EDGE ( 'NONE', *, *, #952, .F. ) ;
#2858 = CARTESIAN_POINT ( 'NONE',  ( 0.000000000000000000, 0.000000000000000000, 0.000000000000000000 ) ) ;
#2859 = EDGE_LOOP ( 'NONE', ( #3075, #3372, #256, #2628 ) ) ;
#2860 = LINE ( 'NONE', #3513, #1773 ) ;
#2861 = CYLINDRICAL_SURFACE ( 'NONE', #1197, 3.000000000000000444 ) ;
#2862 = CARTESIAN_POINT ( 'NONE',  ( 4.000000000000000000, 0.000000000000000000, -3.250000000000000444 ) ) ;
#2863 = CARTESIAN_POINT ( 'NONE',  ( 5.000000000000000888, 0.000000000000000000, 0.000000000000000000 ) ) ;
#2864 = EDGE_CURVE ( 'NONE', #4881, #4231, #2112, .T. ) ;
#2865 = ORIENTED_EDGE ( 'NONE', *, *, #3354, .F. ) ;
#2866 = ORIENTED_EDGE ( 'NONE', *, *, #4477, .F. ) ;
#2867 = PRODUCT_DEFINITION ( 'UNKNOWN', '', #2391, #4612 ) ;
#2868 = LINE ( 'NONE', #3270, #1444 ) ;
#2869 = CARTESIAN_POINT ( 'NONE',  ( -3.249999999999996891, -7.499999999999999112, 0.000000000000000000 ) ) ;
#2870 = DIRECTION ( 'NONE',  ( 0.000000000000000000, 0.000000000000000000, -1.000000000000000000 ) ) ;
#2871 = DIRECTION ( 'NONE',  ( 0.000000000000000000, -0.5000000000000000000, 0.8660254037844385966 ) ) ;
#2872 = CARTESIAN_POINT ( 'NONE',  ( 0.000000000000000000, 0.000000000000000000, 0.000000000000000000 ) ) ;
#2873 = PRODUCT_DEFINITION_SHAPE ( 'NONE', 'NONE',  #4990 ) ;
#2874 = ORIENTED_EDGE ( 'NONE', *, *, #2337, .T. ) ;
#2875 = VECTOR ( 'NONE', #1362, 1000.000000000000000 ) ;
#2876 = CARTESIAN_POINT ( 'NONE',  ( 69.99999999999998579, 60.00000000000001421, 0.000000000000000000 ) ) ;
#2877 = VECTOR ( 'NONE', #673, 1000.000000000000000 ) ;
#2878 = FACE_OUTER_BOUND ( 'NONE', #1227, .T. ) ;
#2879 = CIRCLE ( 'NONE', #3361, 3.250000000000001776 ) ;
#2880 = PLANE ( 'NONE',  #216 ) ;
#2881 = AXIS2_PLACEMENT_3D ( 'NONE', #4907, #1743, #4105 ) ;
#2882 = CIRCLE ( 'NONE', #2146, 4.999999999999999112 ) ;
#2883 = EDGE_LOOP ( 'NONE', ( #2223, #4939 ) ) ;
#2884 = DIRECTION ( 'NONE',  ( 1.000000000000000000, 0.000000000000000000, 0.000000000000000000 ) ) ;
#2885 = PRODUCT_DEFINITION_FORMATION_WITH_SPECIFIED_SOURCE ( 'ANY', '', #4563, .NOT_KNOWN. ) ;
#2886 = CONICAL_SURFACE ( 'NONE', #2233, 5.000000000000000000, 1.047197551196600296 ) ;
#2887 = CARTESIAN_POINT ( 'NONE',  ( 702.6134412343791382, 861.7061881403436701, 1307.493958478049763 ) ) ;
#2888 = ORIENTED_EDGE ( 'NONE', *, *, #1866, .F. ) ;
#2889 = VECTOR ( 'NONE', #3549, 1000.000000000000000 ) ;
#2890 = CARTESIAN_POINT ( 'NONE',  ( 2.286988957586610299E-17, -0.4883827417527498160, -4.999999999999999112 ) ) ;
#2891 =( NAMED_UNIT ( * ) PLANE_ANGLE_UNIT ( ) SI_UNIT ( $, .RADIAN. ) );
#2892 = CARTESIAN_POINT ( 'NONE',  ( 8.000000000000000000, 57.50000000000000000, 8.000000000000000000 ) ) ;
#2893 = DIRECTION ( 'NONE',  ( 0.000000000000000000, 0.000000000000000000, 1.000000000000000000 ) ) ;
#2894 = CARTESIAN_POINT ( 'NONE',  ( 3.499999999999999556, 5.773502691896261751, 0.000000000000000000 ) ) ;
#2895 = ORIENTED_EDGE ( 'NONE', *, *, #440, .F. ) ;
#2896 =( GEOMETRIC_REPRESENTATION_CONTEXT ( 3 ) GLOBAL_UNCERTAINTY_ASSIGNED_CONTEXT ( ( #2631 ) ) GLOBAL_UNIT_ASSIGNED_CONTEXT ( ( #4863, #1850, #2200 ) ) REPRESENTATION_CONTEXT ( 'NONE', 'WORKASPACE' ) );
#2897 = MANIFOLD_SOLID_BREP ( 'Cut-Extrude1', #3939 ) ;
#2898 = EDGE_LOOP ( 'NONE', ( #802, #42, #1499, #4179 ) ) ;
#2899 = PRESENTATION_LAYER_ASSIGNMENT (  '', '', ( #2657 ) ) ;
#2900 = CARTESIAN_POINT ( 'NONE',  ( 4.250000000000000888, 5.999999999999996447, 1.000000000000000666 ) ) ;
#2901 = DIRECTION ( 'NONE',  ( -0.000000000000000000, -0.000000000000000000, 1.000000000000000000 ) ) ;
#2902 = LINE ( 'NONE', #3305, #3375 ) ;
#2903 = DIRECTION ( 'NONE',  ( -1.000000000000000000, -0.000000000000000000, -0.000000000000000000 ) ) ;
#2904 = VECTOR ( 'NONE', #1626, 1000.000000000000000 ) ;
#2905 = ORIENTED_EDGE ( 'NONE', *, *, #1910, .T. ) ;
#2906 = APPLICATION_CONTEXT ( 'automotive_design' ) ;
#2907 = VECTOR ( 'NONE', #4861, 1000.000000000000000 ) ;
#2908 = ADVANCED_FACE ( 'NONE', ( #533 ), #412, .F. ) ;
#2909 = AXIS2_PLACEMENT_3D ( 'NONE', #1899, #432, #3441 ) ;
#2910 = ORIENTED_EDGE ( 'NONE', *, *, #3154, .T. ) ;
#2911 = LINE ( 'NONE', #599, #3630 ) ;
#2912 = CARTESIAN_POINT ( 'NONE',  ( 0.000000000000000000, -47.50000000000000000, 0.000000000000000000 ) ) ;
#2913 = EDGE_CURVE ( 'NONE', #175, #3863, #661, .T. ) ;
#2914 = EDGE_CURVE ( 'NONE', #261, #2254, #4809, .T. ) ;
#2915 = CLOSED_SHELL ( 'NONE', ( #1059, #2021, #1193, #72, #4172, #3972 ) ) ;
#2916 = ORIENTED_EDGE ( 'NONE', *, *, #3672, .T. ) ;
#2917 = DIRECTION ( 'NONE',  ( -1.071105744792840194E-22, 1.127324740700346592E-23, 0.9999999999999998890 ) ) ;
#2918 = ORIENTED_EDGE ( 'NONE', *, *, #823, .F. ) ;
#2919 = EDGE_CURVE ( 'NONE', #4610, #273, #2432, .T. ) ;
#2920 = DIRECTION ( 'NONE',  ( 0.000000000000000000, 0.000000000000000000, -1.000000000000000000 ) ) ;
#2921 = PRODUCT_DEFINITION_SHAPE ( 'NONE', 'NONE',  #5005 ) ;
#2922 = LINE ( 'NONE', #1011, #4274 ) ;
#2923 = DIRECTION ( 'NONE',  ( -0.000000000000000000, -0.000000000000000000, -1.000000000000000000 ) ) ;
#2924 = DIRECTION ( 'NONE',  ( -1.000000000000000000, 0.000000000000000000, 0.000000000000000000 ) ) ;
#2925 = DIRECTION ( 'NONE',  ( -1.000000000000000000, 0.000000000000000000, 0.000000000000000000 ) ) ;
#2926 = EDGE_LOOP ( 'NONE', ( #3169, #572 ) ) ;
#2927 = ORIENTED_EDGE ( 'NONE', *, *, #2265, .T. ) ;
#2928 = CARTESIAN_POINT ( 'NONE',  ( -9.999999999999996447, 0.000000000000000000, 0.000000000000000000 ) ) ;
#2929 = CARTESIAN_POINT ( 'NONE',  ( 69.99999999999998579, -59.99999999999999289, 8.000000000000000000 ) ) ;
#2930 = CARTESIAN_POINT ( 'NONE',  ( 0.4465819873852037158, 5.773502691896260863, 3.434638457896927214E-16 ) ) ;
#2931 = DIRECTION ( 'NONE',  ( 0.000000000000000000, 1.000000000000000000, 0.000000000000000000 ) ) ;
#2932 = CARTESIAN_POINT ( 'NONE',  ( 8.000000000000000000, -57.50000000000000000, 0.000000000000000000 ) ) ;
#2933 = ORIENTED_EDGE ( 'NONE', *, *, #2235, .F. ) ;
#2934 = CARTESIAN_POINT ( 'NONE',  ( 0.000000000000000000, -39.07163168584969526, 5.000000000000000000 ) ) ;
#2935 = CARTESIAN_POINT ( 'NONE',  ( 3.250000000000000444, 5.928368314150303853, 5.000000000000000000 ) ) ;
#2936 = CARTESIAN_POINT ( 'NONE',  ( -1.599999999999998535, 6.000000000000000000, 0.000000000000000000 ) ) ;
#2937 = ADVANCED_FACE ( 'NONE', ( #912 ), #2067, .F. ) ;
#2938 = ORIENTED_EDGE ( 'NONE', *, *, #1709, .T. ) ;
#2939 = EDGE_CURVE ( 'NONE', #915, #1955, #3799, .T. ) ;
#2940 = EDGE_LOOP ( 'NONE', ( #3641, #1986 ) ) ;
#2941 = ADVANCED_FACE ( 'NONE', ( #4402 ), #4762, .T. ) ;
#2942 = CARTESIAN_POINT ( 'NONE',  ( -8.000000000000000000, -57.50000000000000000, 8.000000000000000000 ) ) ;
#2943 = DIRECTION ( 'NONE',  ( -0.000000000000000000, -0.000000000000000000, -1.000000000000000000 ) ) ;
#2944 = LINE ( 'NONE', #1383, #3192 ) ;
#2945 = SHAPE_REPRESENTATION_RELATIONSHIP ( 'NONE' , 'NONE' ,  #3026, #4001 ) ;
#2946 = EDGE_LOOP ( 'NONE', ( #1578, #574 ) ) ;
#2947 = ORIENTED_EDGE ( 'NONE', *, *, #2236, .F. ) ;
#2948 =( NAMED_UNIT ( * ) SI_UNIT ( $, .STERADIAN. ) SOLID_ANGLE_UNIT ( ) );
#2949 = DIRECTION ( 'NONE',  ( 0.000000000000000000, 0.000000000000000000, 1.000000000000000000 ) ) ;
#2950 = DIRECTION ( 'NONE',  ( 2.312964634635743943E-16, -1.000000000000000000, 0.000000000000000000 ) ) ;
#2951 = DIRECTION ( 'NONE',  ( 0.000000000000000000, 0.5000000000000001110, -0.8660254037844387076 ) ) ;
#2952 = LINE ( 'NONE', #2572, #2399 ) ;
#2953 = VERTEX_POINT ( 'NONE', #3619 ) ;
#2954 = CARTESIAN_POINT ( 'NONE',  ( 5.000000000000000000, 2.886751345948126879, -4.699999999999999289 ) ) ;
#2955 = CARTESIAN_POINT ( 'NONE',  ( -2.500000000000000000, 3.061616997868383141E-16, -0.3501037691048554668 ) ) ;
#2956 = DIRECTION ( 'NONE',  ( -0.000000000000000000, -0.000000000000000000, 1.000000000000000000 ) ) ;
#2957 = CARTESIAN_POINT ( 'NONE',  ( 0.000000000000000000, -22.50000000000000000, 0.000000000000000000 ) ) ;
#2958 = AXIS2_PLACEMENT_3D ( 'NONE', #2260, #3377, #1461 ) ;
#2959 = ORIENTED_EDGE ( 'NONE', *, *, #2365, .T. ) ;
#2960 = B_SPLINE_CURVE_WITH_KNOTS ( 'NONE', 3,
 ( #128, #205, #894, #1322 ),
 .UNSPECIFIED., .F., .F.,
 ( 4, 4 ),
 ( 2.380735200829118969E-07, 0.002921158011986713359 ),
 .UNSPECIFIED. ) ;
#2961 = CIRCLE ( 'NONE', #4579, 3.200000000000000178 ) ;
#2962 = ORIENTED_EDGE ( 'NONE', *, *, #2919, .T. ) ;
#2963 = APPLICATION_PROTOCOL_DEFINITION ( 'draft international standard', 'automotive_design', 1998, #51 ) ;
#2964 = VERTEX_POINT ( 'NONE', #4715 ) ;
#2965 = CARTESIAN_POINT ( 'NONE',  ( 0.000000000000000000, 0.000000000000000000, 0.000000000000000000 ) ) ;
#2966 = PRODUCT_DEFINITION_FORMATION_WITH_SPECIFIED_SOURCE ( 'ANY', '', #4206, .NOT_KNOWN. ) ;
#2967 = AXIS2_PLACEMENT_3D ( 'NONE', #4544, #4166, #4949 ) ;
#2968 = FACE_OUTER_BOUND ( 'NONE', #4842, .T. ) ;
#2969 = CARTESIAN_POINT ( 'NONE',  ( 6.750000000000001776, 3.980102097228898231E-16, 0.000000000000000000 ) ) ;
#2970 = CARTESIAN_POINT ( 'NONE',  ( 0.1983443223721552684, -3.359771601077102599, 4.180704885107413560 ) ) ;
#2971 = ORIENTED_EDGE ( 'NONE', *, *, #3247, .T. ) ;
#2972 = MANIFOLD_SOLID_BREP ( 'HeadFillet', #1023 ) ;
#2973 = VERTEX_POINT ( 'NONE', #203 ) ;
#2974 = ADVANCED_FACE ( 'NONE', ( #4838 ), #509, .T. ) ;
#2975 = FACE_OUTER_BOUND ( 'NONE', #2023, .T. ) ;
#2976 = DIRECTION ( 'NONE',  ( 0.000000000000000000, 0.000000000000000000, -1.000000000000000000 ) ) ;
#2977 = LINE ( 'NONE', #1482, #1528 ) ;
#2978 = CARTESIAN_POINT ( 'NONE',  ( 0.000000000000000000, 5.928368314150303853, 0.000000000000000000 ) ) ;
#2979 = DIRECTION ( 'NONE',  ( 1.000000000000000000, 0.000000000000000000, 0.000000000000000000 ) ) ;
#2980 = VERTEX_POINT ( 'NONE', #4460 ) ;
#2981 = CARTESIAN_POINT ( 'NONE',  ( 5.000000000000000000, -2.886751345948132208, -5.200000000000000178 ) ) ;
#2982 = CARTESIAN_POINT ( 'NONE',  ( 0.000000000000000000, 0.000000000000000000, -4.700000000000000178 ) ) ;
#2983 = CARTESIAN_POINT ( 'NONE',  ( 0.000000000000000000, -39.07163168584969526, 5.000000000000000000 ) ) ;
#2984 = VECTOR ( 'NONE', #358, 1000.000000000000000 ) ;
#2985 = AXIS2_PLACEMENT_3D ( 'NONE', #4966, #3801, #1553 ) ;
#2986 = ORIENTED_EDGE ( 'NONE', *, *, #3089, .T. ) ;
#2987 = AXIS2_PLACEMENT_3D ( 'NONE', #1216, #2766, #4302 ) ;
#2988 = AXIS2_PLACEMENT_3D ( 'NONE', #1846, #4534, #2998 ) ;
#2989 = ORIENTED_EDGE ( 'NONE', *, *, #2166, .F. ) ;
#2990 = EDGE_CURVE ( 'NONE', #3586, #988, #994, .T. ) ;
#2991 = EDGE_CURVE ( 'NONE', #1109, #895, #4572, .T. ) ;
#2992 = APPLICATION_PROTOCOL_DEFINITION ( 'draft international standard', 'automotive_design', 1998, #4801 ) ;
#2993 = CIRCLE ( 'NONE', #4758, 5.000000000000000000 ) ;
#2994 = VECTOR ( 'NONE', #2189, 1000.000000000000000 ) ;
#2995 = ORIENTED_EDGE ( 'NONE', *, *, #889, .F. ) ;
#2996 = ADVANCED_FACE ( 'NONE', ( #2749 ), #1168, .T. ) ;
#2997 = DIRECTION ( 'NONE',  ( -1.000000000000000000, 0.000000000000000000, 0.000000000000000000 ) ) ;
#2998 = DIRECTION ( 'NONE',  ( -1.000000000000000000, 0.000000000000000000, -0.000000000000000000 ) ) ;
#2999 = DIRECTION ( 'NONE',  ( 1.000000000000000000, 0.000000000000000000, 0.000000000000000000 ) ) ;
#3000 = CARTESIAN_POINT ( 'NONE',  ( 0.08165819712376795603, -3.720292241887084295, 3.556264818047239373 ) ) ;
#3001 = VERTEX_POINT ( 'NONE', #3883 ) ;
#3002 = ADVANCED_FACE ( 'NONE', ( #1539 ), #3279, .F. ) ;
#3003 = ORIENTED_EDGE ( 'NONE', *, *, #2397, .T. ) ;
#3004 = CARTESIAN_POINT ( 'NONE',  ( 4.250000000000000888, -1.734723475976807094E-15, 1.000000000000000444 ) ) ;
#3005 = CARTESIAN_POINT ( 'NONE',  ( 0.000000000000000000, 0.000000000000000000, -2.000000000000000000 ) ) ;
#3006 = DIRECTION ( 'NONE',  ( -0.8191520442889934639, 0.000000000000000000, -0.5735764363510436059 ) ) ;
#3007 = DIRECTION ( 'NONE',  ( -0.000000000000000000, -0.000000000000000000, 1.000000000000000000 ) ) ;
#3008 = ORIENTED_EDGE ( 'NONE', *, *, #3194, .F. ) ;
#3009 = CARTESIAN_POINT ( 'NONE',  ( -4.999999999999999112, -2.417244626924484052, -0.3110470720778651388 ) ) ;
#3010 = LINE ( 'NONE', #2678, #2994 ) ;
#3011 = CYLINDRICAL_SURFACE ( 'NONE', #3931, 3.250000000000000444 ) ;
#3012 = ADVANCED_FACE ( 'NONE', ( #1559 ), #4627, .T. ) ;
#3013 = ORIENTED_EDGE ( 'NONE', *, *, #2720, .T. ) ;
#3014 = DIRECTION ( 'NONE',  ( 0.9530619222357823439, 0.3027754487805037753, -3.096247210136388666E-36 ) ) ;
#3015 = EDGE_LOOP ( 'NONE', ( #4479, #3709, #4653, #565 ) ) ;
#3016 = EDGE_LOOP ( 'NONE', ( #1219, #2234, #4321, #2753 ) ) ;
#3017 = DIRECTION ( 'NONE',  ( 1.000000000000000000, 0.000000000000000000, 0.000000000000000000 ) ) ;
#3018 = DIRECTION ( 'NONE',  ( 0.000000000000000000, 1.000000000000000000, 0.000000000000000000 ) ) ;
#3019 = VERTEX_POINT ( 'NONE', #4601 ) ;
#3020 = CARTESIAN_POINT ( 'NONE',  ( 3.499999999999999556, -49.89999999999999858, 0.000000000000000000 ) ) ;
#3021 = CYLINDRICAL_SURFACE ( 'NONE', #2167, 4.999999999999997335 ) ;
#3022 = ADVANCED_FACE ( 'NONE', ( #845 ), #2287, .T. ) ;
#3023 = DIRECTION ( 'NONE',  ( -0.000000000000000000, 1.445602896647339163E-16, -1.000000000000000000 ) ) ;
#3024 = DIRECTION ( 'NONE',  ( 1.000000000000000000, 0.000000000000000000, -0.000000000000000000 ) ) ;
#3025 = ORIENTED_EDGE ( 'NONE', *, *, #4471, .T. ) ;
#3026 = SHAPE_REPRESENTATION ( 'Gripper Base', ( #951 ), #1586 ) ;
#3027 = PRODUCT_DEFINITION ( 'UNKNOWN', '', #2059, #3838 ) ;
#3028 = DIRECTION ( 'NONE',  ( 1.000000000000000000, 0.000000000000000000, 0.000000000000000000 ) ) ;
#3029 = CYLINDRICAL_SURFACE ( 'NONE', #4502, 3.250000000000000444 ) ;
#3030 = ORIENTED_EDGE ( 'NONE', *, *, #967, .T. ) ;
#3031 = SHAPE_DEFINITION_REPRESENTATION ( #1811, #1232 ) ;
#3032 = VECTOR ( 'NONE', #2338, 1000.000000000000000 ) ;
#3033 = VERTEX_POINT ( 'NONE', #3497 ) ;
#3034 = DIRECTION ( 'NONE',  ( 1.000000000000000000, 0.000000000000000000, 0.000000000000000000 ) ) ;
#3035 = CARTESIAN_POINT ( 'NONE',  ( 0.1996310553826630418, 1.947030205581108619, -5.000000000000000888 ) ) ;
#3036 = CIRCLE ( 'NONE', #4981, 5.000000000000000000 ) ;
#3037 =( NAMED_UNIT ( * ) PLANE_ANGLE_UNIT ( ) SI_UNIT ( $, .RADIAN. ) );
#3038 = ORIENTED_EDGE ( 'NONE', *, *, #4696, .F. ) ;
#3039 = DIRECTION ( 'NONE',  ( 0.000000000000000000, 0.000000000000000000, 1.000000000000000000 ) ) ;
#3040 = CARTESIAN_POINT ( 'NONE',  ( -54.82069240682336897, -60.00000000000000711, 8.000000000000000000 ) ) ;
#3041 = DIRECTION ( 'NONE',  ( 0.000000000000000000, -0.000000000000000000, 1.000000000000000000 ) ) ;
#3042 = EDGE_CURVE ( 'NONE', #3262, #1473, #749, .T. ) ;
#3043 = PLANE ( 'NONE',  #1141 ) ;
#3044 = DIRECTION ( 'NONE',  ( 1.000000000000000000, 0.000000000000000000, 0.000000000000000000 ) ) ;
#3045 = AXIS2_PLACEMENT_3D ( 'NONE', #3886, #3578, #1583 ) ;
#3046 = EDGE_LOOP ( 'NONE', ( #3495, #3763, #535, #3665 ) ) ;
#3047 = CIRCLE ( 'NONE', #2810, 6.000000000000000000 ) ;
#3048 = FACE_OUTER_BOUND ( 'NONE', #1685, .T. ) ;
#3049 = DIRECTION ( 'NONE',  ( 1.000000000000000000, -1.734723475976807094E-15, 0.000000000000000000 ) ) ;
#3050 = CARTESIAN_POINT ( 'NONE',  ( -40.00000000000002132, 19.99999999999999645, 0.000000000000000000 ) ) ;
#3051 = ORIENTED_EDGE ( 'NONE', *, *, #1789, .T. ) ;
#3052 = EDGE_CURVE ( 'NONE', #4681, #4447, #1126, .T. ) ;
#3053 = ORIENTED_EDGE ( 'NONE', *, *, #4582, .T. ) ;
#3054 = VECTOR ( 'NONE', #2180, 1000.000000000000000 ) ;
#3055 = EDGE_CURVE ( 'NONE', #658, #492, #3856, .T. ) ;
#3056 = AXIS2_PLACEMENT_3D ( 'NONE', #1679, #111, #948 ) ;
#3057 = SHAPE_DEFINITION_REPRESENTATION ( #1740, #4225 ) ;
#3058 = CIRCLE ( 'NONE', #1768, 3.499999999999999556 ) ;
#3059 =( REPRESENTATION_RELATIONSHIP ('NONE','NONE', #3347, #2463 ) REPRESENTATION_RELATIONSHIP_WITH_TRANSFORMATION ( #854 )SHAPE_REPRESENTATION_RELATIONSHIP( ) );
#3060 = VECTOR ( 'NONE', #1696, 1000.000000000000000 ) ;
#3061 = ORIENTED_EDGE ( 'NONE', *, *, #4396, .F. ) ;
#3062 = DIRECTION ( 'NONE',  ( 1.000000000000000000, 0.000000000000000000, 0.000000000000000000 ) ) ;
#3063 = VECTOR ( 'NONE', #2479, 1000.000000000000000 ) ;
#3064 = DIRECTION ( 'NONE',  ( 0.000000000000000000, 0.000000000000000000, 1.000000000000000000 ) ) ;
#3065 = VECTOR ( 'NONE', #3711, 1000.000000000000000 ) ;
#3066 =( LENGTH_UNIT ( ) NAMED_UNIT ( * ) SI_UNIT ( .MILLI., .METRE. ) );
#3067 = ORIENTED_EDGE ( 'NONE', *, *, #2658, .T. ) ;
#3068 = EDGE_CURVE ( 'NONE', #4161, #228, #48, .T. ) ;
#3069 = CARTESIAN_POINT ( 'NONE',  ( -3.636144277557312692E-15, -4.821944789745365334, 1.648146632869001094 ) ) ;
#3070 = DIRECTION ( 'NONE',  ( 0.000000000000000000, 0.000000000000000000, 1.000000000000000000 ) ) ;
#3071 = DIRECTION ( 'NONE',  ( -0.000000000000000000, -0.000000000000000000, 1.000000000000000000 ) ) ;
#3072 = DIRECTION ( 'NONE',  ( -0.8660254037844384856, -0.5000000000000002220, 0.000000000000000000 ) ) ;
#3073 = CARTESIAN_POINT ( 'NONE',  ( 3.499999999999999556, 5.000000000000000000, 0.000000000000000000 ) ) ;
#3074 = CARTESIAN_POINT ( 'NONE',  ( 0.3108895250735815852, -2.416698868092463925, 4.999999999999999112 ) ) ;
#3075 = ORIENTED_EDGE ( 'NONE', *, *, #2607, .T. ) ;
#3076 = DIRECTION ( 'NONE',  ( 1.000000000000000000, 0.000000000000000000, 0.000000000000000000 ) ) ;
#3077 = LINE ( 'NONE', #2188, #652 ) ;
#3078 = CARTESIAN_POINT ( 'NONE',  ( -3.499999999999999556, -21.89999999999999503, 0.000000000000000000 ) ) ;
#3079 = CARTESIAN_POINT ( 'NONE',  ( -7.000000000000000000, -39.07163168584969526, 0.000000000000000000 ) ) ;
#3080 = ORIENTED_EDGE ( 'NONE', *, *, #1756, .T. ) ;
#3081 = ORIENTED_EDGE ( 'NONE', *, *, #467, .T. ) ;
#3082 = EDGE_CURVE ( 'NONE', #821, #1472, #1580, .T. ) ;
#3083 = APPLICATION_PROTOCOL_DEFINITION ( 'draft international standard', 'automotive_design', 1998, #2906 ) ;
#3084 = UNCERTAINTY_MEASURE_WITH_UNIT (LENGTH_MEASURE( 1.000000000000000082E-05 ), #1314, 'distance_accuracy_value', 'NONE');
#3085 = PRODUCT_DEFINITION ( 'UNKNOWN', '', #2966, #1255 ) ;
#3086 = VERTEX_POINT ( 'NONE', #824 ) ;
#3087 = LINE ( 'NONE', #1181, #3949 ) ;
#3088 = ORIENTED_EDGE ( 'NONE', *, *, #176, .F. ) ;
#3089 = EDGE_CURVE ( 'NONE', #192, #4371, #2593, .T. ) ;
#3090 = DIRECTION ( 'NONE',  ( -0.000000000000000000, -0.000000000000000000, -1.000000000000000000 ) ) ;
#3091 = CARTESIAN_POINT ( 'NONE',  ( 2.500000000000000000, 0.000000000000000000, -4.824496230895145565 ) ) ;
#3092 =( NAMED_UNIT ( * ) SI_UNIT ( $, .STERADIAN. ) SOLID_ANGLE_UNIT ( ) );
#3093 = LINE ( 'NONE', #2742, #4273 ) ;
#3094 = CARTESIAN_POINT ( 'NONE',  ( 29.00000000000000000, 3.334407072378456173E-16, -2.445500000000000007 ) ) ;
#3095 = DIRECTION ( 'NONE',  ( 0.000000000000000000, 0.000000000000000000, 1.000000000000000000 ) ) ;
#3096 = ORIENTED_EDGE ( 'NONE', *, *, #2833, .F. ) ;
#3097 = DIRECTION ( 'NONE',  ( 0.000000000000000000, 0.000000000000000000, -1.000000000000000000 ) ) ;
#3098 = CARTESIAN_POINT ( 'NONE',  ( 36.74999999999999289, 20.00000000000001066, 0.000000000000000000 ) ) ;
#3099 = DIRECTION ( 'NONE',  ( -0.000000000000000000, -0.000000000000000000, 1.000000000000000000 ) ) ;
#3100 = LINE ( 'NONE', #4652, #4665 ) ;
#3101 = VERTEX_POINT ( 'NONE', #4239 ) ;
#3102 = ADVANCED_BREP_SHAPE_REPRESENTATION ( '', ( #2972, #951 ), #4660 ) ;
#3103 = ORIENTED_EDGE ( 'NONE', *, *, #4707, .F. ) ;
#3104 = ORIENTED_EDGE ( 'NONE', *, *, #2563, .F. ) ;
#3105 = LINE ( 'NONE', #4588, #1770 ) ;
#3106 = ORIENTED_EDGE ( 'NONE', *, *, #3068, .T. ) ;
#3107 = DIRECTION ( 'NONE',  ( 0.000000000000000000, -1.000000000000000000, 0.000000000000000000 ) ) ;
#3108 = AXIS2_PLACEMENT_3D ( 'NONE', #2230, #3379, #4924 ) ;
#3109 = FACE_OUTER_BOUND ( 'NONE', #106, .T. ) ;
#3110 = DIRECTION ( 'NONE',  ( 0.000000000000000000, 0.000000000000000000, -1.000000000000000000 ) ) ;
#3111 = DIRECTION ( 'NONE',  ( 1.000000000000000000, 0.000000000000000000, 0.000000000000000000 ) ) ;
#3112 = DIRECTION ( 'NONE',  ( 1.000000000000000000, 0.000000000000000000, 0.000000000000000000 ) ) ;
#3113 = DIRECTION ( 'NONE',  ( 1.000000000000000000, 1.301042606982605321E-16, 0.000000000000000000 ) ) ;
#3114 = EDGE_CURVE ( 'NONE', #3439, #1615, #2359, .T. ) ;
#3115 = ORIENTED_EDGE ( 'NONE', *, *, #2527, .T. ) ;
#3116 = ADVANCED_FACE ( 'NONE', ( #3048 ), #3148, .F. ) ;
#3117 = CARTESIAN_POINT ( 'NONE',  ( 39.99999999999999289, 20.00000000000001066, 0.000000000000000000 ) ) ;
#3118 = FACE_OUTER_BOUND ( 'NONE', #3231, .T. ) ;
#3119 = CARTESIAN_POINT ( 'NONE',  ( 4.000000000000000000, 0.000000000000000000, 0.000000000000000000 ) ) ;
#3120 = AXIS2_PLACEMENT_3D ( 'NONE', #901, #1330, #4040 ) ;
#3121 = LINE ( 'NONE', #3079, #1665 ) ;
#3122 = VERTEX_POINT ( 'NONE', #1222 ) ;
#3123 = AXIS2_PLACEMENT_3D ( 'NONE', #3245, #913, #3620 ) ;
#3124 = AXIS2_PLACEMENT_3D ( 'NONE', #3119, #826, #3832 ) ;
#3125 = ORIENTED_EDGE ( 'NONE', *, *, #881, .T. ) ;
#3126 = EDGE_CURVE ( 'NONE', #4449, #915, #2772, .T. ) ;
#3127 =( GEOMETRIC_REPRESENTATION_CONTEXT ( 3 ) GLOBAL_UNCERTAINTY_ASSIGNED_CONTEXT ( ( #3945 ) ) GLOBAL_UNIT_ASSIGNED_CONTEXT ( ( #430, #4280, #1550 ) ) REPRESENTATION_CONTEXT ( 'NONE', 'WORKASPACE' ) );
#3128 = EDGE_CURVE ( 'NONE', #1776, #4476, #3321, .T. ) ;
#3129 = COLOUR_RGB ( '',0.7921568627450980005, 0.8196078431372548767, 0.9333333333333333481 ) ;
#3130 = ADVANCED_FACE ( 'NONE', ( #3575 ), #1758, .T. ) ;
#3131 = ORIENTED_EDGE ( 'NONE', *, *, #2630, .T. ) ;
#3132 =( NAMED_UNIT ( * ) PLANE_ANGLE_UNIT ( ) SI_UNIT ( $, .RADIAN. ) );
#3133 = VECTOR ( 'NONE', #1581, 1000.000000000000000 ) ;
#3134 = ORIENTED_EDGE ( 'NONE', *, *, #1713, .T. ) ;
#3135 = AXIS2_PLACEMENT_3D ( 'NONE', #3654, #1732, #3274 ) ;
#3136 = ADVANCED_FACE ( 'NONE', ( #3597 ), #605, .T. ) ;
#3137 = AXIS2_PLACEMENT_3D ( 'NONE', #408, #4495, #1552 ) ;
#3138 = AXIS2_PLACEMENT_3D ( 'NONE', #4942, #3017, #4560 ) ;
#3139 = CARTESIAN_POINT ( 'NONE',  ( 0.000000000000000000, 0.000000000000000000, 16.00000000000000000 ) ) ;
#3140 = DIRECTION ( 'NONE',  ( 1.000000000000000000, -0.000000000000000000, -0.000000000000000000 ) ) ;
#3141 = DIRECTION ( 'NONE',  ( -1.301042606982605321E-16, 1.000000000000000000, 0.000000000000000000 ) ) ;
#3142 = DIRECTION ( 'NONE',  ( 1.000000000000000000, 9.912705577010325549E-17, -0.000000000000000000 ) ) ;
#3143 = EDGE_CURVE ( 'NONE', #2613, #3659, #2846, .T. ) ;
#3144 = DIRECTION ( 'NONE',  ( -1.000000000000000000, 0.000000000000000000, -0.000000000000000000 ) ) ;
#3145 = ORIENTED_EDGE ( 'NONE', *, *, #3643, .T. ) ;
#3146 = ORIENTED_EDGE ( 'NONE', *, *, #3052, .F. ) ;
#3147 = VECTOR ( 'NONE', #171, 1000.000000000000000 ) ;
#3148 = CYLINDRICAL_SURFACE ( 'NONE', #4889, 3.250000000000002665 ) ;
#3149 = PLANE ( 'NONE',  #3616 ) ;
#3150 = LINE ( 'NONE', #417, #483 ) ;
#3151 = CARTESIAN_POINT ( 'NONE',  ( 0.000000000000000000, 0.000000000000000000, -4.700000000000000178 ) ) ;
#3152 = EDGE_LOOP ( 'NONE', ( #4736, #941, #2099, #2506 ) ) ;
#3153 = EDGE_CURVE ( 'NONE', #2380, #2964, #3485, .T. ) ;
#3154 = EDGE_CURVE ( 'NONE', #1571, #2316, #4320, .T. ) ;
#3155 =( REPRESENTATION_RELATIONSHIP ('NONE','NONE', #3347, #4225 ) REPRESENTATION_RELATIONSHIP_WITH_TRANSFORMATION ( #146 )SHAPE_REPRESENTATION_RELATIONSHIP( ) );
#3156 = ORIENTED_EDGE ( 'NONE', *, *, #3731, .F. ) ;
#3157 = DIRECTION ( 'NONE',  ( 1.000000000000000000, 0.000000000000000000, 0.000000000000000000 ) ) ;
#3158 = CONTEXT_DEPENDENT_SHAPE_REPRESENTATION ( #1956, #891 ) ;
#3159 = EDGE_CURVE ( 'NONE', #3101, #175, #165, .T. ) ;
#3160 = ORIENTED_EDGE ( 'NONE', *, *, #1564, .F. ) ;
#3161 = DIRECTION ( 'NONE',  ( 9.377664249046065245E-18, -9.511364411522710269E-18, 1.000000000000000000 ) ) ;
#3162 = ORIENTED_EDGE ( 'NONE', *, *, #4406, .F. ) ;
#3163 = CARTESIAN_POINT ( 'NONE',  ( 4.250000000000000888, 5.999999999999996447, 7.000000000000000000 ) ) ;
#3164 = CARTESIAN_POINT ( 'NONE',  ( 8.000000000000000000, -57.50000000000000000, 0.000000000000000000 ) ) ;
#3165 = CARTESIAN_POINT ( 'NONE',  ( 2.500000000000002665, 4.330127018922192761, -4.700000000000000178 ) ) ;
#3166 = DIRECTION ( 'NONE',  ( -0.000000000000000000, -0.000000000000000000, -1.000000000000000000 ) ) ;
#3167 = DIRECTION ( 'NONE',  ( -1.000000000000000000, 0.000000000000000000, 0.000000000000000000 ) ) ;
#3168 = CARTESIAN_POINT ( 'NONE',  ( 0.3106000600989292648, 5.537975084925941260, 0.4079457818577106321 ) ) ;
#3169 = ORIENTED_EDGE ( 'NONE', *, *, #401, .T. ) ;
#3170 = EDGE_LOOP ( 'NONE', ( #2758, #3290, #2850, #1527 ) ) ;
#3171 = DIRECTION ( 'NONE',  ( 0.000000000000000000, 0.000000000000000000, 1.000000000000000000 ) ) ;
#3172 = FACE_BOUND ( 'NONE', #2441, .T. ) ;
#3173 = PLANE ( 'NONE',  #862 ) ;
#3174 = DIRECTION ( 'NONE',  ( -0.000000000000000000, -0.000000000000000000, 1.000000000000000000 ) ) ;
#3175 = VERTEX_POINT ( 'NONE', #898 ) ;
#3176 = VERTEX_POINT ( 'NONE', #4332 ) ;
#3177 = CARTESIAN_POINT ( 'NONE',  ( 5.000000000000000888, 5.999999999999996447, 1.000000000000000666 ) ) ;
#3178 = UNCERTAINTY_MEASURE_WITH_UNIT (LENGTH_MEASURE( 1.000000000000000082E-05 ), #4832, 'distance_accuracy_value', 'NONE');
#3179 = ORIENTED_EDGE ( 'NONE', *, *, #4429, .T. ) ;
#3180 = SHAPE_REPRESENTATION_RELATIONSHIP ( 'NONE' , 'NONE' ,  #1232, #1838 ) ;
#3181 = UNCERTAINTY_MEASURE_WITH_UNIT (LENGTH_MEASURE( 1.000000000000000082E-05 ), #4019, 'distance_accuracy_value', 'NONE');
#3182 = ORIENTED_EDGE ( 'NONE', *, *, #274, .F. ) ;
#3183 = CARTESIAN_POINT ( 'NONE',  ( 3.250000000000000000, -22.50000000000000000, 0.000000000000000000 ) ) ;
#3184 = FACE_OUTER_BOUND ( 'NONE', #923, .T. ) ;
#3185 = FACE_OUTER_BOUND ( 'NONE', #3982, .T. ) ;
#3186 = DIRECTION ( 'NONE',  ( 0.000000000000000000, 0.000000000000000000, 1.000000000000000000 ) ) ;
#3187 = AXIS2_PLACEMENT_3D ( 'NONE', #919, #1647, #1274 ) ;
#3188 = DIRECTION ( 'NONE',  ( 0.000000000000000000, 0.000000000000000000, 1.000000000000000000 ) ) ;
#3189 = ORIENTED_EDGE ( 'NONE', *, *, #63, .F. ) ;
#3190 = ORIENTED_EDGE ( 'NONE', *, *, #3666, .T. ) ;
#3191 = VECTOR ( 'NONE', #316, 1000.000000000000000 ) ;
#3192 = VECTOR ( 'NONE', #2923, 1000.000000000000000 ) ;
#3193 = ADVANCED_FACE ( 'NONE', ( #3675 ), #3957, .T. ) ;
#3194 = EDGE_CURVE ( 'NONE', #4857, #4723, #3250, .T. ) ;
#3195 = DIRECTION ( 'NONE',  ( 0.000000000000000000, 0.000000000000000000, 1.000000000000000000 ) ) ;
#3196 = DIRECTION ( 'NONE',  ( -4.956352788505162775E-17, -1.000000000000000000, 0.000000000000000000 ) ) ;
#3197 = LINE ( 'NONE', #3227, #4600 ) ;
#3198 = CARTESIAN_POINT ( 'NONE',  ( 5.000000000000000888, 8.000000000000000000, 0.000000000000000000 ) ) ;
#3199 = VECTOR ( 'NONE', #436, 1000.000000000000000 ) ;
#3200 = VECTOR ( 'NONE', #1984, 1000.000000000000000 ) ;
#3201 = ORIENTED_EDGE ( 'NONE', *, *, #4562, .F. ) ;
#3202 = AXIS2_PLACEMENT_3D ( 'NONE', #1525, #632, #254 ) ;
#3203 = CIRCLE ( 'NONE', #132, 3.250000000000000444 ) ;
#3204 = ORIENTED_EDGE ( 'NONE', *, *, #60, .T. ) ;
#3205 = CARTESIAN_POINT ( 'NONE',  ( -5.000000000000000000, 0.000000000000000000, 0.000000000000000000 ) ) ;
#3206 = DIRECTION ( 'NONE',  ( 0.000000000000000000, 0.000000000000000000, -1.000000000000000000 ) ) ;
#3207 = EDGE_CURVE ( 'NONE', #4378, #1047, #4767, .T. ) ;
#3208 = CONTEXT_DEPENDENT_SHAPE_REPRESENTATION ( #639, #118 ) ;
#3209 = AXIS2_PLACEMENT_3D ( 'NONE', #1385, #4461, #4376 ) ;
#3210 = CIRCLE ( 'NONE', #4827, 3.250000000000002665 ) ;
#3211 = ORIENTED_EDGE ( 'NONE', *, *, #4917, .F. ) ;
#3212 = DIRECTION ( 'NONE',  ( 0.000000000000000000, 0.000000000000000000, 1.000000000000000000 ) ) ;
#3213 = ORIENTED_EDGE ( 'NONE', *, *, #85, .T. ) ;
#3214 = CARTESIAN_POINT ( 'NONE',  ( 4.250000000000000888, 0.9999999999999965583, 7.000000000000000000 ) ) ;
#3215 = DIRECTION ( 'NONE',  ( 0.000000000000000000, 0.000000000000000000, -1.000000000000000000 ) ) ;
#3216 = CARTESIAN_POINT ( 'NONE',  ( 0.000000000000000000, 0.000000000000000000, 13.00000000000000000 ) ) ;
#3217 = AXIS2_PLACEMENT_3D ( 'NONE', #4766, #514, #1702 ) ;
#3218 = DIRECTION ( 'NONE',  ( -1.000000000000000000, 0.000000000000000000, 0.000000000000000000 ) ) ;
#3219 = ORIENTED_EDGE ( 'NONE', *, *, #944, .T. ) ;
#3220 = EDGE_CURVE ( 'NONE', #2296, #1109, #1326, .T. ) ;
#3221 = EDGE_LOOP ( 'NONE', ( #3895, #4941, #2191, #3815 ) ) ;
#3222 = AXIS2_PLACEMENT_3D ( 'NONE', #2714, #4259, #4235 ) ;
#3223 = CIRCLE ( 'NONE', #3387, 3.499999999999999556 ) ;
#3224 = DIRECTION ( 'NONE',  ( 0.8660254037844384856, 0.5000000000000002220, 0.000000000000000000 ) ) ;
#3225 = CARTESIAN_POINT ( 'NONE',  ( -2.500000000000002220, -4.330127018922192761, 0.000000000000000000 ) ) ;
#3226 = DIRECTION ( 'NONE',  ( 1.000000000000000000, 0.000000000000000000, 0.000000000000000000 ) ) ;
#3227 = CARTESIAN_POINT ( 'NONE',  ( 20.00000000000000355, -14.99999999999999467, 8.000000000000000000 ) ) ;
#3228 = PLANE ( 'NONE',  #2060 ) ;
#3229 = CIRCLE ( 'NONE', #559, 3.250000000000000000 ) ;
#3230 = AXIS2_PLACEMENT_3D ( 'NONE', #2250, #3794, #3034 ) ;
#3231 = EDGE_LOOP ( 'NONE', ( #716, #3976, #479 ) ) ;
#3232 = VERTEX_POINT ( 'NONE', #109 ) ;
#3233 = B_SPLINE_CURVE_WITH_KNOTS ( 'NONE', 3,
 ( #4783, #157, #1319, #4023 ),
 .UNSPECIFIED., .F., .F.,
 ( 4, 4 ),
 ( 2.380735203086575858E-07, 0.002921158011986709456 ),
 .UNSPECIFIED. ) ;
#3234 = CARTESIAN_POINT ( 'NONE',  ( 6.750000000000001776, 3.980102097228898231E-16, 8.000000000000000000 ) ) ;
#3235 = PLANE ( 'NONE',  #2392 ) ;
#3236 = PRODUCT ( 'Guide Pin', 'Guide Pin', '', ( #402 ) ) ;
#3237 = ORIENTED_EDGE ( 'NONE', *, *, #63, .T. ) ;
#3238 = EDGE_CURVE ( 'NONE', #261, #3933, #946, .T. ) ;
#3239 =( NAMED_UNIT ( * ) PLANE_ANGLE_UNIT ( ) SI_UNIT ( $, .RADIAN. ) );
#3240 = ORIENTED_EDGE ( 'NONE', *, *, #3484, .F. ) ;
#3241 = EDGE_CURVE ( 'NONE', #192, #680, #3995, .T. ) ;
#3242 = CARTESIAN_POINT ( 'NONE',  ( -54.82069240682336897, 60.00000000000002132, 0.000000000000000000 ) ) ;
#3243 = CARTESIAN_POINT ( 'NONE',  ( 3.499999999999999556, 0.000000000000000000, 0.000000000000000000 ) ) ;
#3244 = SURFACE_STYLE_USAGE ( .BOTH. , #2020 ) ;
#3245 = CARTESIAN_POINT ( 'NONE',  ( 0.000000000000000000, 0.000000000000000000, -3.469446951953614189E-15 ) ) ;
#3246 = VERTEX_POINT ( 'NONE', #1304 ) ;
#3247 = EDGE_CURVE ( 'NONE', #2254, #4728, #2823, .T. ) ;
#3248 = ORIENTED_EDGE ( 'NONE', *, *, #4936, .F. ) ;
#3249 = CARTESIAN_POINT ( 'NONE',  ( 4.250000000000000888, -4.000000000000003553, 1.000000000000000666 ) ) ;
#3250 = LINE ( 'NONE', #2436, #2135 ) ;
#3251 = CARTESIAN_POINT ( 'NONE',  ( 0.000000000000000000, 0.000000000000000000, -2.000000000000000000 ) ) ;
#3252 = FACE_OUTER_BOUND ( 'NONE', #4858, .T. ) ;
#3253 = CARTESIAN_POINT ( 'NONE',  ( 0.000000000000000000, 4.330127018922190985, 2.500000000000005329 ) ) ;
#3254 = EDGE_LOOP ( 'NONE', ( #3204, #4091, #4607, #226 ) ) ;
#3255 = APPLICATION_CONTEXT ( 'automotive_design' ) ;
#3256 = ORIENTED_EDGE ( 'NONE', *, *, #833, .T. ) ;
#3257 = FACE_OUTER_BOUND ( 'NONE', #1839, .T. ) ;
#3258 = DIRECTION ( 'NONE',  ( 1.000000000000000000, 0.000000000000000000, 0.000000000000000000 ) ) ;
#3259 = CONTEXT_DEPENDENT_SHAPE_REPRESENTATION ( #3155, #3277 ) ;
#3260 = ORIENTED_EDGE ( 'NONE', *, *, #803, .T. ) ;
#3261 = FACE_OUTER_BOUND ( 'NONE', #1239, .T. ) ;
#3262 = VERTEX_POINT ( 'NONE', #2045 ) ;
#3263 = CARTESIAN_POINT ( 'NONE',  ( 0.000000000000000000, 0.000000000000000000, 13.00000000000000000 ) ) ;
#3264 = CARTESIAN_POINT ( 'NONE',  ( -3.499999999999999556, -21.89999999999999503, 8.000000000000000000 ) ) ;
#3265 = CARTESIAN_POINT ( 'NONE',  ( 4.250000000000000888, 10.00000000000000000, 0.000000000000000000 ) ) ;
#3266 = CARTESIAN_POINT ( 'NONE',  ( 3.499999999999999556, -21.89999999999999503, 8.000000000000000000 ) ) ;
#3267 = ORIENTED_EDGE ( 'NONE', *, *, #1996, .T. ) ;
#3268 = EDGE_CURVE ( 'NONE', #2804, #2964, #3652, .T. ) ;
#3269 = EDGE_LOOP ( 'NONE', ( #2036, #1036, #70, #1563 ) ) ;
#3270 = CARTESIAN_POINT ( 'NONE',  ( 4.250000000000000888, -4.000000000000003553, 1.000000000000000666 ) ) ;
#3271 = DIRECTION ( 'NONE',  ( -0.8660254037844384856, -0.5000000000000002220, 0.000000000000000000 ) ) ;
#3272 = LINE ( 'NONE', #899, #477 ) ;
#3273 = EDGE_CURVE ( 'NONE', #3405, #1272, #4002, .T. ) ;
#3274 = DIRECTION ( 'NONE',  ( 1.000000000000000000, 0.000000000000000000, 0.000000000000000000 ) ) ;
#3275 = CARTESIAN_POINT ( 'NONE',  ( -3.499999999999999556, -21.89999999999999503, 0.000000000000000000 ) ) ;
#3276 = ADVANCED_FACE ( 'NONE', ( #4064 ), #592, .F. ) ;
#3277 = PRODUCT_DEFINITION_SHAPE ( 'NONE', 'NONE',  #5007 ) ;
#3278 = VERTEX_POINT ( 'NONE', #4891 ) ;
#3279 = CONICAL_SURFACE ( 'NONE', #3357, 3.000000000000000444, 0.9599310885968843632 ) ;
#3280 = ORIENTED_EDGE ( 'NONE', *, *, #4191, .T. ) ;
#3281 = CARTESIAN_POINT ( 'NONE',  ( 3.469446951953614189E-15, 7.500000000000000000, 0.000000000000000000 ) ) ;
#3282 = AXIS2_PLACEMENT_3D ( 'NONE', #4324, #2066, #587 ) ;
#3283 = FACE_OUTER_BOUND ( 'NONE', #300, .T. ) ;
#3284 = ADVANCED_FACE ( 'NONE', ( #2155, #1855 ), #4466, .T. ) ;
#3285 = CIRCLE ( 'NONE', #1257, 3.249999999999999556 ) ;
#3286 = ORIENTED_EDGE ( 'NONE', *, *, #4113, .F. ) ;
#3287 = EDGE_CURVE ( 'NONE', #940, #809, #2204, .T. ) ;
#3288 = VECTOR ( 'NONE', #4469, 1000.000000000000000 ) ;
#3289 = CARTESIAN_POINT ( 'NONE',  ( 712.6134412343791382, 854.2061881403437837, 1328.493958478049763 ) ) ;
#3290 = ORIENTED_EDGE ( 'NONE', *, *, #505, .F. ) ;
#3291 = VECTOR ( 'NONE', #1747, 1000.000000000000000 ) ;
#3292 = DIRECTION ( 'NONE',  ( -0.000000000000000000, -0.000000000000000000, 1.000000000000000000 ) ) ;
#3293 = CARTESIAN_POINT ( 'NONE',  ( 0.000000000000000000, -49.89999999999999858, 0.000000000000000000 ) ) ;
#3294 = CARTESIAN_POINT ( 'NONE',  ( -2.500000000000001776, 4.330127018922194537, -4.700000000000000178 ) ) ;
#3295 = DIRECTION ( 'NONE',  ( 0.000000000000000000, 0.000000000000000000, 1.000000000000000000 ) ) ;
#3296 = DIRECTION ( 'NONE',  ( 1.000000000000000000, 0.000000000000000000, 0.000000000000000000 ) ) ;
#3297 = ORIENTED_EDGE ( 'NONE', *, *, #1259, .F. ) ;
#3298 =( GEOMETRIC_REPRESENTATION_CONTEXT ( 3 ) GLOBAL_UNCERTAINTY_ASSIGNED_CONTEXT ( ( #709 ) ) GLOBAL_UNIT_ASSIGNED_CONTEXT ( ( #3894, #1183, #1946 ) ) REPRESENTATION_CONTEXT ( 'NONE', 'WORKASPACE' ) );
#3299 = ORIENTED_EDGE ( 'NONE', *, *, #1178, .F. ) ;
#3300 = AXIS2_PLACEMENT_3D ( 'NONE', #181, #3367, #2120 ) ;
#3301 = EDGE_CURVE ( 'NONE', #3439, #206, #1579, .T. ) ;
#3302 = PRESENTATION_STYLE_ASSIGNMENT (( #1757 ) ) ;
#3303 = DIRECTION ( 'NONE',  ( 0.000000000000000000, -1.000000000000000000, 0.000000000000000000 ) ) ;
#3304 = DIRECTION ( 'NONE',  ( -1.000000000000000000, 0.000000000000000000, -0.000000000000000000 ) ) ;
#3305 = CARTESIAN_POINT ( 'NONE',  ( -5.000000000000000000, 2.886751345948128655, -4.699999999999999289 ) ) ;
#3306 = DIRECTION ( 'NONE',  ( 0.000000000000000000, 0.000000000000000000, 1.000000000000000000 ) ) ;
#3307 = AXIS2_PLACEMENT_3D ( 'NONE', #3251, #2901, #4087 ) ;
#3308 = EDGE_LOOP ( 'NONE', ( #1240, #3219 ) ) ;
#3309 = AXIS2_PLACEMENT_3D ( 'NONE', #3992, #3215, #3919 ) ;
#3310 = AXIS2_PLACEMENT_3D ( 'NONE', #2377, #14, #766 ) ;
#3311 = FACE_OUTER_BOUND ( 'NONE', #850, .T. ) ;
#3312 = VECTOR ( 'NONE', #4267, 1000.000000000000000 ) ;
#3313 = CARTESIAN_POINT ( 'NONE',  ( -5.000000000000000000, 2.419979747126326242, -0.3118366332702856569 ) ) ;
#3314 = CARTESIAN_POINT ( 'NONE',  ( 39.99999999999999289, 20.00000000000001066, 8.000000000000000000 ) ) ;
#3315 = EDGE_CURVE ( 'NONE', #1047, #2382, #1880, .T. ) ;
#3316 = EDGE_CURVE ( 'NONE', #915, #3388, #998, .T. ) ;
#3317 = ORIENTED_EDGE ( 'NONE', *, *, #2697, .T. ) ;
#3318 = DIRECTION ( 'NONE',  ( 0.9237280213470682178, 0.3830490080632377725, 0.000000000000000000 ) ) ;
#3319 = MANIFOLD_SOLID_BREP ( 'Base-Revolve', #2915 ) ;
#3320 = ORIENTED_EDGE ( 'NONE', *, *, #198, .F. ) ;
#3321 = LINE ( 'NONE', #4411, #1653 ) ;
#3322 = PRODUCT_DEFINITION_SHAPE ( 'NONE', 'NONE',  #398 ) ;
#3323 = DIRECTION ( 'NONE',  ( 0.8191520442889940190, 0.000000000000000000, 0.5735764363510429398 ) ) ;
#3324 =( REPRESENTATION_RELATIONSHIP ('NONE','NONE', #3347, #1232 ) REPRESENTATION_RELATIONSHIP_WITH_TRANSFORMATION ( #2055 )SHAPE_REPRESENTATION_RELATIONSHIP( ) );
#3325 = VERTEX_POINT ( 'NONE', #2595 ) ;
#3326 = ORIENTED_EDGE ( 'NONE', *, *, #3287, .F. ) ;
#3327 = DIRECTION ( 'NONE',  ( 1.000000000000000000, 1.301042606982605321E-16, -0.000000000000000000 ) ) ;
#3328 = FILL_AREA_STYLE_COLOUR ( '', #3591 ) ;
#3329 = DIRECTION ( 'NONE',  ( 0.000000000000000000, 0.000000000000000000, -1.000000000000000000 ) ) ;
#3330 = DIRECTION ( 'NONE',  ( 1.000000000000000000, 0.000000000000000000, 0.000000000000000000 ) ) ;
#3331 = DIRECTION ( 'NONE',  ( 0.8660254037844382635, -0.5000000000000005551, 0.000000000000000000 ) ) ;
#3332 = AXIS2_PLACEMENT_3D ( 'NONE', #1831, #3850, #464 ) ;
#3333 = ORIENTED_EDGE ( 'NONE', *, *, #3143, .T. ) ;
#3334 = CARTESIAN_POINT ( 'NONE',  ( 3.499999999999999556, 0.000000000000000000, 0.000000000000000000 ) ) ;
#3335 = LINE ( 'NONE', #270, #155 ) ;
#3336 = CARTESIAN_POINT ( 'NONE',  ( -7.000000000000000000, 5.928368314150306517, 0.000000000000000000 ) ) ;
#3337 = EDGE_LOOP ( 'NONE', ( #3868, #1376, #142 ) ) ;
#3338 = ORIENTED_EDGE ( 'NONE', *, *, #837, .T. ) ;
#3339 = B_SPLINE_CURVE_WITH_KNOTS ( 'NONE', 3,
 ( #2930, #4467, #4382, #920 ),
 .UNSPECIFIED., .F., .F.,
 ( 4, 4 ),
 ( 2.380735200833905499E-07, 0.002921158011986723334 ),
 .UNSPECIFIED. ) ;
#3340 = ORIENTED_EDGE ( 'NONE', *, *, #1789, .F. ) ;
#3341 = CARTESIAN_POINT ( 'NONE',  ( 3.499999999999999556, -4.330127018922188320, 2.500000000000009326 ) ) ;
#3342 = CARTESIAN_POINT ( 'NONE',  ( 4.250000000000000888, 5.999999999999996447, 1.000000000000000666 ) ) ;
#3343 = DIRECTION ( 'NONE',  ( 0.000000000000000000, 0.000000000000000000, -1.000000000000000000 ) ) ;
#3344 = LINE ( 'NONE', #2590, #2159 ) ;
#3345 = EDGE_LOOP ( 'NONE', ( #4840, #2696, #4694, #4756 ) ) ;
#3346 = ORIENTED_EDGE ( 'NONE', *, *, #4918, .F. ) ;
#3347 = SHAPE_REPRESENTATION ( 'Mechanical Gripper Final', ( #3202, #4822, #2472, #4415, #292, #65, #2640, #4674, #305, #3761, #2225, #1186, #2881, #2570, #2320, #1346, #3537, #3855, #1674, #3609, #4508, #3523 ), #1837 ) ;
#3348 = PLANE ( 'NONE',  #2324 ) ;
#3349 = FACE_OUTER_BOUND ( 'NONE', #253, .T. ) ;
#3350 = LINE ( 'NONE', #4519, #3466 ) ;
#3351 = DIRECTION ( 'NONE',  ( 1.000000000000000000, 0.000000000000000000, 0.000000000000000000 ) ) ;
#3352 = EDGE_LOOP ( 'NONE', ( #2070, #3637 ) ) ;
#3353 = EDGE_CURVE ( 'NONE', #3475, #1646, #4487, .T. ) ;
#3354 = EDGE_CURVE ( 'NONE', #2689, #4500, #119, .T. ) ;
#3355 = CARTESIAN_POINT ( 'NONE',  ( -3.249999999999996447, 7.500000000000000000, 0.000000000000000000 ) ) ;
#3356 = DIRECTION ( 'NONE',  ( -1.000000000000000000, 0.000000000000000000, 0.000000000000000000 ) ) ;
#3357 = AXIS2_PLACEMENT_3D ( 'NONE', #4975, #4675, #18 ) ;
#3358 = ORIENTED_EDGE ( 'NONE', *, *, #4729, .F. ) ;
#3359 = EDGE_CURVE ( 'NONE', #3793, #590, #1051, .T. ) ;
#3360 = VECTOR ( 'NONE', #2184, 1000.000000000000114 ) ;
#3361 = AXIS2_PLACEMENT_3D ( 'NONE', #2840, #2040, #126 ) ;
#3362 = ORIENTED_EDGE ( 'NONE', *, *, #1433, .T. ) ;
#3363 = ADVANCED_FACE ( 'NONE', ( #4540 ), #4967, .F. ) ;
#3364 = SHAPE_DEFINITION_REPRESENTATION ( #1416, #3347 ) ;
#3365 = AXIS2_PLACEMENT_3D ( 'NONE', #1086, #2636, #713 ) ;
#3366 = ORIENTED_EDGE ( 'NONE', *, *, #453, .F. ) ;
#3367 = DIRECTION ( 'NONE',  ( -4.956352788505161542E-17, -1.000000000000000000, 0.000000000000000000 ) ) ;
#3368 = VECTOR ( 'NONE', #4089, 1000.000000000000000 ) ;
#3369 = CARTESIAN_POINT ( 'NONE',  ( 4.250000000000000888, 5.999999999999996447, 1.000000000000000666 ) ) ;
#3370 = CARTESIAN_POINT ( 'NONE',  ( 0.000000000000000000, 0.000000000000000000, -0.3851141460153411078 ) ) ;
#3371 = DIRECTION ( 'NONE',  ( 0.000000000000000000, 0.000000000000000000, 1.000000000000000000 ) ) ;
#3372 = ORIENTED_EDGE ( 'NONE', *, *, #1625, .F. ) ;
#3373 = EDGE_LOOP ( 'NONE', ( #631, #4463, #982, #4813, #2043, #1179 ) ) ;
#3374 = VECTOR ( 'NONE', #4404, 1000.000000000000000 ) ;
#3375 = VECTOR ( 'NONE', #3599, 1000.000000000000000 ) ;
#3376 = DIRECTION ( 'NONE',  ( 1.000000000000000000, 1.387778780781445182E-16, -0.000000000000000000 ) ) ;
#3377 = DIRECTION ( 'NONE',  ( -1.000000000000000000, -0.000000000000000000, -0.000000000000000000 ) ) ;
#3378 = CARTESIAN_POINT ( 'NONE',  ( 5.000000000000000000, -2.886751345948131764, -4.699999999999999289 ) ) ;
#3379 = DIRECTION ( 'NONE',  ( 0.000000000000000000, 0.000000000000000000, 1.000000000000000000 ) ) ;
#3380 = ORIENTED_EDGE ( 'NONE', *, *, #974, .F. ) ;
#3381 = EDGE_CURVE ( 'NONE', #3086, #3033, #2567, .T. ) ;
#3382 =( GEOMETRIC_REPRESENTATION_CONTEXT ( 3 ) GLOBAL_UNCERTAINTY_ASSIGNED_CONTEXT ( ( #4394 ) ) GLOBAL_UNIT_ASSIGNED_CONTEXT ( ( #2514, #3624, #3596 ) ) REPRESENTATION_CONTEXT ( 'NONE', 'WORKASPACE' ) );
#3383 = SURFACE_SIDE_STYLE ('',( #1440 ) ) ;
#3384 = DIRECTION ( 'NONE',  ( 0.000000000000000000, -0.000000000000000000, 1.000000000000000000 ) ) ;
#3385 = DIRECTION ( 'NONE',  ( -1.000000000000000000, 0.000000000000000000, 0.000000000000000000 ) ) ;
#3386 = CIRCLE ( 'NONE', #3539, 3.249999999999999556 ) ;
#3387 = AXIS2_PLACEMENT_3D ( 'NONE', #1188, #1214, #1531 ) ;
#3388 = VERTEX_POINT ( 'NONE', #3726 ) ;
#3389 = VECTOR ( 'NONE', #435, 999.9999999999998863 ) ;
#3390 = AXIS2_PLACEMENT_3D ( 'NONE', #293, #3384, #4528 ) ;
#3391 = ORIENTED_EDGE ( 'NONE', *, *, #284, .T. ) ;
#3392 = CARTESIAN_POINT ( 'NONE',  ( 662.6134412346586942, 887.7472078030930334, 1328.493958478049763 ) ) ;
#3393 = CIRCLE ( 'NONE', #4041, 6.000000000000000000 ) ;
#3394 = ORIENTED_EDGE ( 'NONE', *, *, #4957, .F. ) ;
#3395 = EDGE_CURVE ( 'NONE', #4161, #3325, #2218, .T. ) ;
#3396 = ORIENTED_EDGE ( 'NONE', *, *, #513, .F. ) ;
#3397 = CARTESIAN_POINT ( 'NONE',  ( -3.000000000000000444, 0.000000000000000000, 13.00000000000000000 ) ) ;
#3398 = CARTESIAN_POINT ( 'NONE',  ( 0.4465819873851990529, -2.886751345948121106, 4.999999999999999112 ) ) ;
#3399 = ORIENTED_EDGE ( 'NONE', *, *, #96, .F. ) ;
#3400 = MANIFOLD_SOLID_BREP ( 'LPattern1', #1541 ) ;
#3401 = DIRECTION ( 'NONE',  ( 0.000000000000000000, 0.000000000000000000, -1.000000000000000000 ) ) ;
#3402 = CARTESIAN_POINT ( 'NONE',  ( 0.000000000000000000, 0.000000000000000000, 0.000000000000000000 ) ) ;
#3403 = DIRECTION ( 'NONE',  ( -0.000000000000000000, -0.000000000000000000, 1.000000000000000000 ) ) ;
#3404 = DIRECTION ( 'NONE',  ( 0.000000000000000000, 0.000000000000000000, 1.000000000000000000 ) ) ;
#3405 = VERTEX_POINT ( 'NONE', #1532 ) ;
#3406 = DIRECTION ( 'NONE',  ( 0.000000000000000000, 0.000000000000000000, -1.000000000000000000 ) ) ;
#3407 = DIRECTION ( 'NONE',  ( -0.8191520442889940190, 1.003171929053527458E-16, 0.5735764363510429398 ) ) ;
#3408 = CARTESIAN_POINT ( 'NONE',  ( 0.000000000000000000, -4.330127018922193649, -2.500000000000000000 ) ) ;
#3409 = EDGE_LOOP ( 'NONE', ( #1233, #3961, #1353, #1962 ) ) ;
#3410 = ORIENTED_EDGE ( 'NONE', *, *, #2449, .T. ) ;
#3411 = SHAPE_DEFINITION_REPRESENTATION ( #1893, #4901 ) ;
#3412 = ORIENTED_EDGE ( 'NONE', *, *, #2914, .F. ) ;
#3413 = CARTESIAN_POINT ( 'NONE',  ( -5.000000000000000000, 0.000000000000000000, -4.700000000000000178 ) ) ;
#3414 = CARTESIAN_POINT ( 'NONE',  ( -9.999999999999996447, 0.000000000000000000, 0.000000000000000000 ) ) ;
#3415 = CARTESIAN_POINT ( 'NONE',  ( 3.250000000000001776, -39.07163168584969526, 0.000000000000000000 ) ) ;
#3416 = ORIENTED_EDGE ( 'NONE', *, *, #2455, .T. ) ;
#3417 = CARTESIAN_POINT ( 'NONE',  ( 5.000000000000000888, 4.999999999999997335, 7.000000000000000000 ) ) ;
#3418 = CYLINDRICAL_SURFACE ( 'NONE', #2985, 3.249999999999999556 ) ;
#3419 = CARTESIAN_POINT ( 'NONE',  ( 3.250000000000000000, -22.50000000000000000, 0.000000000000000000 ) ) ;
#3420 = DIRECTION ( 'NONE',  ( 0.000000000000000000, 0.000000000000000000, -1.000000000000000000 ) ) ;
#3421 = CARTESIAN_POINT ( 'NONE',  ( 0.000000000000000000, -49.89999999999999858, 0.000000000000000000 ) ) ;
#3422 = ADVANCED_FACE ( 'NONE', ( #3349 ), #4594, .T. ) ;
#3423 = DIRECTION ( 'NONE',  ( 0.000000000000000000, -0.5000000000000018874, -0.8660254037844374864 ) ) ;
#3424 = VERTEX_POINT ( 'NONE', #2376 ) ;
#3425 = ADVANCED_FACE ( 'NONE', ( #2713 ), #3899, .T. ) ;
#3426 = CARTESIAN_POINT ( 'NONE',  ( -1.443735181952764846, 4.939961795957295898, -0.08165819712377035688 ) ) ;
#3427 = FACE_OUTER_BOUND ( 'NONE', #2344, .T. ) ;
#3428 = DIRECTION ( 'NONE',  ( -0.000000000000000000, 0.000000000000000000, -1.000000000000000000 ) ) ;
#3429 = LINE ( 'NONE', #4149, #4419 ) ;
#3430 = EDGE_LOOP ( 'NONE', ( #1226, #3435, #1413, #4083 ) ) ;
#3431 = VERTEX_POINT ( 'NONE', #3471 ) ;
#3432 = VECTOR ( 'NONE', #211, 1000.000000000000000 ) ;
#3433 = APPLICATION_PROTOCOL_DEFINITION ( 'draft international standard', 'automotive_design', 1998, #3504 ) ;
#3434 = EDGE_CURVE ( 'NONE', #2953, #2486, #368, .T. ) ;
#3435 = ORIENTED_EDGE ( 'NONE', *, *, #3723, .T. ) ;
#3436 = LINE ( 'NONE', #1920, #2580 ) ;
#3437 = CARTESIAN_POINT ( 'NONE',  ( 0.000000000000000000, 5.928368314150306517, 0.000000000000000000 ) ) ;
#3438 = CIRCLE ( 'NONE', #370, 5.000000000000000888 ) ;
#3439 = VERTEX_POINT ( 'NONE', #1574 ) ;
#3440 = CIRCLE ( 'NONE', #4339, 6.000000000000000000 ) ;
#3441 = DIRECTION ( 'NONE',  ( 1.000000000000000000, 0.000000000000000000, 0.000000000000000000 ) ) ;
#3442 = DIRECTION ( 'NONE',  ( 0.000000000000000000, 0.000000000000000000, -1.000000000000000000 ) ) ;
#3443 = SURFACE_STYLE_FILL_AREA ( #3920 ) ;
#3444 = LINE ( 'NONE', #1432, #1921 ) ;
#3445 = LINE ( 'NONE', #3493, #2551 ) ;
#3446 = DIRECTION ( 'NONE',  ( 0.000000000000000000, 1.000000000000000000, 0.000000000000000000 ) ) ;
#3447 = AXIS2_PLACEMENT_3D ( 'NONE', #4630, #2004, #4722 ) ;
#3448 = ORIENTED_EDGE ( 'NONE', *, *, #2140, .T. ) ;
#3449 = ADVANCED_FACE ( 'NONE', ( #815 ), #2468, .T. ) ;
#3450 = EDGE_CURVE ( 'NONE', #1387, #849, #4493, .T. ) ;
#3451 = VECTOR ( 'NONE', #1644, 1000.000000000000000 ) ;
#3452 = CARTESIAN_POINT ( 'NONE',  ( 0.4465819873852054922, -5.773502691896264416, 6.182115607083733842E-17 ) ) ;
#3453 = DIRECTION ( 'NONE',  ( 0.000000000000000000, 0.000000000000000000, 1.000000000000000000 ) ) ;
#3454 = DIRECTION ( 'NONE',  ( -0.000000000000000000, -0.000000000000000000, 1.000000000000000000 ) ) ;
#3455 = FACE_OUTER_BOUND ( 'NONE', #2639, .T. ) ;
#3456 = EDGE_LOOP ( 'NONE', ( #2285, #2240, #4052 ) ) ;
#3457 = PRODUCT_RELATED_PRODUCT_CATEGORY ( 'part', '', ( #1459 ) ) ;
#3458 = AXIS2_PLACEMENT_3D ( 'NONE', #619, #2437, #3304 ) ;
#3459 = ORIENTED_EDGE ( 'NONE', *, *, #3731, .T. ) ;
#3460 = AXIS2_PLACEMENT_3D ( 'NONE', #3020, #997, #2616 ) ;
#3461 = EDGE_CURVE ( 'NONE', #2061, #925, #3515, .T. ) ;
#3462 = CONTEXT_DEPENDENT_SHAPE_REPRESENTATION ( #573, #2548 ) ;
#3463 = CIRCLE ( 'NONE', #4750, 3.000000000000000444 ) ;
#3464 = VERTEX_POINT ( 'NONE', #4621 ) ;
#3465 = DIRECTION ( 'NONE',  ( 0.000000000000000000, 1.000000000000000000, 0.000000000000000000 ) ) ;
#3466 = VECTOR ( 'NONE', #2205, 1000.000000000000000 ) ;
#3467 = AXIS2_PLACEMENT_3D ( 'NONE', #2387, #2751, #39 ) ;
#3468 = ORIENTED_EDGE ( 'NONE', *, *, #3434, .T. ) ;
#3469 = LINE ( 'NONE', #4187, #1203 ) ;
#3470 = DIRECTION ( 'NONE',  ( -1.000000000000000000, 0.000000000000000000, -0.000000000000000000 ) ) ;
#3471 = CARTESIAN_POINT ( 'NONE',  ( -30.00000000000001421, -10.00000000000000888, 8.000000000000000000 ) ) ;
#3472 = PLANE ( 'NONE',  #1452 ) ;
#3473 = CARTESIAN_POINT ( 'NONE',  ( 54.99999999999998579, 1.272130549049658799E-14, 0.000000000000000000 ) ) ;
#3474 = CARTESIAN_POINT ( 'NONE',  ( 0.4465819873851990529, -2.886751345948121106, 4.999999999999999112 ) ) ;
#3475 = VERTEX_POINT ( 'NONE', #2282 ) ;
#3476 = DIRECTION ( 'NONE',  ( -0.000000000000000000, -1.000000000000000000, -0.000000000000000000 ) ) ;
#3477 = CARTESIAN_POINT ( 'NONE',  ( 3.499999999999999556, 5.000000000000000000, 0.000000000000000000 ) ) ;
#3478 = CARTESIAN_POINT ( 'NONE',  ( 7.336970286628697342E-16, 5.773502691896259087, -4.699999999999999289 ) ) ;
#3479 = DIRECTION ( 'NONE',  ( 1.000000000000000000, 0.000000000000000000, 0.000000000000000000 ) ) ;
#3480 = ORIENTED_EDGE ( 'NONE', *, *, #3723, .F. ) ;
#3481 = ORIENTED_EDGE ( 'NONE', *, *, #4573, .F. ) ;
#3482 = PRODUCT_DEFINITION_CONTEXT ( 'detailed design', #478, 'design' ) ;
#3483 = ORIENTED_EDGE ( 'NONE', *, *, #4940, .T. ) ;
#3484 = EDGE_CURVE ( 'NONE', #4824, #1825, #2961, .T. ) ;
#3485 = B_SPLINE_CURVE_WITH_KNOTS ( 'NONE', 3,
 ( #3225, #872, #4818, #4791, #4381, #1703, #1389, #494 ),
 .UNSPECIFIED., .F., .F.,
 ( 4, 2, 2, 4 ),
 ( 0.002921158011986719431, 0.003648658599403072252, 0.004376159186819425506, 0.005831160361652130281 ),
 .UNSPECIFIED. ) ;
#3486 = AXIS2_PLACEMENT_3D ( 'NONE', #2332, #2378, #1504 ) ;
#3487 = CARTESIAN_POINT ( 'NONE',  ( 29.00000000000000000, 0.000000000000000000, 0.000000000000000000 ) ) ;
#3488 = ORIENTED_EDGE ( 'NONE', *, *, #2837, .F. ) ;
#3489 = FACE_BOUND ( 'NONE', #4553, .T. ) ;
#3490 = CARTESIAN_POINT ( 'NONE',  ( 7.000000000000000000, -39.07163168584969526, 5.000000000000000000 ) ) ;
#3491 = DIRECTION ( 'NONE',  ( 1.000000000000000000, 0.000000000000000000, 0.000000000000000000 ) ) ;
#3492 = CARTESIAN_POINT ( 'NONE',  ( 3.346878500200757056, 3.841181488860380355, -0.05140428708382667466 ) ) ;
#3493 = CARTESIAN_POINT ( 'NONE',  ( 69.99999999999998579, -59.99999999999999289, 8.000000000000000000 ) ) ;
#3494 = CARTESIAN_POINT ( 'NONE',  ( 0.1973348417602477922, -1.936114729415143509, 4.999999999999999112 ) ) ;
#3495 = ORIENTED_EDGE ( 'NONE', *, *, #134, .T. ) ;
#3496 = ADVANCED_FACE ( 'NONE', ( #4234, #765, #2303 ), #4643, .F. ) ;
#3497 = CARTESIAN_POINT ( 'NONE',  ( 25.00000000000000355, 60.00000000000002132, 3.000000000000000000 ) ) ;
#3498 = DIRECTION ( 'NONE',  ( 0.000000000000000000, 0.000000000000000000, 1.000000000000000000 ) ) ;
#3499 = CARTESIAN_POINT ( 'NONE',  ( 3.499999999999999556, -5.773502691896264416, 0.000000000000000000 ) ) ;
#3500 = FACE_OUTER_BOUND ( 'NONE', #3152, .T. ) ;
#3501 = VERTEX_POINT ( 'NONE', #434 ) ;
#3502 = EDGE_CURVE ( 'NONE', #87, #2771, #4258, .T. ) ;
#3503 = EDGE_CURVE ( 'NONE', #4386, #2802, #2142, .T. ) ;
#3504 = APPLICATION_CONTEXT ( 'automotive_design' ) ;
#3505 = VERTEX_POINT ( 'NONE', #3517 ) ;
#3506 = ADVANCED_FACE ( 'NONE', ( #56 ), #4434, .T. ) ;
#3507 = APPLICATION_PROTOCOL_DEFINITION ( 'draft international standard', 'automotive_design', 1998, #4709 ) ;
#3508 = ADVANCED_FACE ( 'NONE', ( #3185 ), #911, .F. ) ;
#3509 = EDGE_LOOP ( 'NONE', ( #928, #4831, #753 ) ) ;
#3510 = B_SPLINE_CURVE_WITH_KNOTS ( 'NONE', 3,
 ( #1237, #1555, #4325, #3900, #33, #2693 ),
 .UNSPECIFIED., .F., .F.,
 ( 4, 2, 4 ),
 ( 0.008070708573309210224, 0.009531758523483282314, 0.01099280847365735267 ),
 .UNSPECIFIED. ) ;
#3511 =( GEOMETRIC_REPRESENTATION_CONTEXT ( 3 ) GLOBAL_UNCERTAINTY_ASSIGNED_CONTEXT ( ( #4455 ) ) GLOBAL_UNIT_ASSIGNED_CONTEXT ( ( #1405, #1090, #3746 ) ) REPRESENTATION_CONTEXT ( 'NONE', 'WORKASPACE' ) );
#3512 = EDGE_LOOP ( 'NONE', ( #2661, #1157, #439, #1455, #4764, #2173 ) ) ;
#3513 = CARTESIAN_POINT ( 'NONE',  ( -19.99999999999999645, -15.00000000000000000, 0.000000000000000000 ) ) ;
#3514 = AXIS2_PLACEMENT_3D ( 'NONE', #2620, #3007, #4542 ) ;
#3515 = CIRCLE ( 'NONE', #2637, 3.250000000000000888 ) ;
#3516 = LINE ( 'NONE', #3874, #3699 ) ;
#3517 = CARTESIAN_POINT ( 'NONE',  ( 0.000000000000000000, -4.330127018922188320, 2.500000000000009770 ) ) ;
#3518 = FACE_OUTER_BOUND ( 'NONE', #3903, .T. ) ;
#3519 = DIRECTION ( 'NONE',  ( 0.000000000000000000, 0.000000000000000000, -1.000000000000000000 ) ) ;
#3520 = DIRECTION ( 'NONE',  ( 1.000000000000000000, 1.387778780781445182E-16, 0.000000000000000000 ) ) ;
#3521 = EDGE_CURVE ( 'NONE', #1045, #3175, #2053, .T. ) ;
#3522 = ORIENTED_EDGE ( 'NONE', *, *, #706, .F. ) ;
#3523 = AXIS2_PLACEMENT_3D ( 'NONE', #2550, #2917, #4554 ) ;
#3524 = CIRCLE ( 'NONE', #3365, 5.000000000000000888 ) ;
#3525 = DIRECTION ( 'NONE',  ( -1.000000000000000000, 0.000000000000000000, -0.000000000000000000 ) ) ;
#3526 = FACE_OUTER_BOUND ( 'NONE', #2138, .T. ) ;
#3527 = CARTESIAN_POINT ( 'NONE',  ( 1.653121499799245608, -4.819072548984008719, -0.05140428708382902001 ) ) ;
#3528 = AXIS2_PLACEMENT_3D ( 'NONE', #112, #848, #1939 ) ;
#3529 = CARTESIAN_POINT ( 'NONE',  ( -4.999999999999999112, 9.999999999999996447, 0.000000000000000000 ) ) ;
#3530 = ADVANCED_FACE ( 'NONE', ( #4401 ), #508, .F. ) ;
#3531 = ORIENTED_EDGE ( 'NONE', *, *, #2370, .T. ) ;
#3532 = AXIS2_PLACEMENT_3D ( 'NONE', #939, #4028, #3218 ) ;
#3533 = AXIS2_PLACEMENT_3D ( 'NONE', #2517, #2029, #138 ) ;
#3534 = ORIENTED_EDGE ( 'NONE', *, *, #2939, .F. ) ;
#3535 = B_SPLINE_CURVE_WITH_KNOTS ( 'NONE', 3,
 ( #4208, #2297, #2274, #3841, #2831, #905, #3685, #575 ),
 .UNSPECIFIED., .F., .F.,
 ( 4, 2, 2, 4 ),
 ( 0.002921158011986723334, 0.003648658599403075721, 0.004376159186819428976, 0.005831160361652133750 ),
 .UNSPECIFIED. ) ;
#3536 = CARTESIAN_POINT ( 'NONE',  ( 0.04320752586819891911, 0.9836842030436125928, -5.000000000000000000 ) ) ;
#3537 = AXIS2_PLACEMENT_3D ( 'NONE', #303, #227, #3788 ) ;
#3538 = ORIENTED_EDGE ( 'NONE', *, *, #1270, .F. ) ;
#3539 = AXIS2_PLACEMENT_3D ( 'NONE', #2750, #3498, #67 ) ;
#3540 = AXIS2_PLACEMENT_3D ( 'NONE', #3369, #2588, #663 ) ;
#3541 = VERTEX_POINT ( 'NONE', #4784 ) ;
#3542 = ADVANCED_FACE ( 'NONE', ( #1642 ), #1266, .T. ) ;
#3543 = CIRCLE ( 'NONE', #1378, 5.000000000000000888 ) ;
#3544 = VECTOR ( 'NONE', #847, 1000.000000000000000 ) ;
#3545 = DIRECTION ( 'NONE',  ( 0.000000000000000000, 0.000000000000000000, 1.000000000000000000 ) ) ;
#3546 = DIRECTION ( 'NONE',  ( 0.000000000000000000, 0.000000000000000000, 1.000000000000000000 ) ) ;
#3547 = CARTESIAN_POINT ( 'NONE',  ( 0.000000000000000000, 0.000000000000000000, -4.700000000000000178 ) ) ;
#3548 = FACE_OUTER_BOUND ( 'NONE', #3571, .T. ) ;
#3549 = DIRECTION ( 'NONE',  ( 1.000000000000000000, -0.000000000000000000, -0.000000000000000000 ) ) ;
#3550 = ORIENTED_EDGE ( 'NONE', *, *, #3878, .F. ) ;
#3551 = ORIENTED_EDGE ( 'NONE', *, *, #3353, .F. ) ;
#3552 = DIRECTION ( 'NONE',  ( 0.000000000000000000, 0.000000000000000000, 1.000000000000000000 ) ) ;
#3553 = LINE ( 'NONE', #91, #2904 ) ;
#3554 = CARTESIAN_POINT ( 'NONE',  ( -6.938893903907228378E-15, -5.773502691896259087, -0.4465819873852062694 ) ) ;
#3555 = CYLINDRICAL_SURFACE ( 'NONE', #1912, 3.250000000000000000 ) ;
#3556 = ORIENTED_EDGE ( 'NONE', *, *, #4359, .T. ) ;
#3557 = ORIENTED_EDGE ( 'NONE', *, *, #3159, .F. ) ;
#3558 = FACE_OUTER_BOUND ( 'NONE', #933, .T. ) ;
#3559 = CONTEXT_DEPENDENT_SHAPE_REPRESENTATION ( #3572, #4399 ) ;
#3560 = ORIENTED_EDGE ( 'NONE', *, *, #4053, .F. ) ;
#3561 = VERTEX_POINT ( 'NONE', #3165 ) ;
#3562 = EDGE_CURVE ( 'NONE', #206, #3439, #1900, .T. ) ;
#3563 = EDGE_CURVE ( 'NONE', #1944, #380, #1095, .T. ) ;
#3564 = AXIS2_PLACEMENT_3D ( 'NONE', #4734, #4375, #2893 ) ;
#3565 = LINE ( 'NONE', #2038, #237 ) ;
#3566 = CYLINDRICAL_SURFACE ( 'NONE', #2413, 5.000000000000000000 ) ;
#3567 = CARTESIAN_POINT ( 'NONE',  ( 20.00000000000000355, -14.99999999999999467, 0.000000000000000000 ) ) ;
#3568 = CARTESIAN_POINT ( 'NONE',  ( 8.000000000000000000, -57.50000000000000000, 8.000000000000000000 ) ) ;
#3569 = CARTESIAN_POINT ( 'NONE',  ( 0.000000000000000000, 0.000000000000000000, 0.000000000000000000 ) ) ;
#3570 = EDGE_LOOP ( 'NONE', ( #615, #4565, #1832, #267 ) ) ;
#3571 = EDGE_LOOP ( 'NONE', ( #3213, #3391, #4908, #3713, #2208, #2809 ) ) ;
#3572 =( REPRESENTATION_RELATIONSHIP ('NONE','NONE', #3347, #601 ) REPRESENTATION_RELATIONSHIP_WITH_TRANSFORMATION ( #1254 )SHAPE_REPRESENTATION_RELATIONSHIP( ) );
#3573 = ADVANCED_FACE ( 'NONE', ( #3993 ), #1823, .F. ) ;
#3574 = DIRECTION ( 'NONE',  ( -1.000000000000000000, -0.000000000000000000, -0.000000000000000000 ) ) ;
#3575 = FACE_OUTER_BOUND ( 'NONE', #3671, .T. ) ;
#3576 = DIRECTION ( 'NONE',  ( 0.000000000000000000, 0.000000000000000000, 1.000000000000000000 ) ) ;
#3577 = DIRECTION ( 'NONE',  ( -0.000000000000000000, -0.000000000000000000, 1.000000000000000000 ) ) ;
#3578 = DIRECTION ( 'NONE',  ( 1.000000000000000000, 0.000000000000000000, -0.000000000000000000 ) ) ;
#3579 = ORIENTED_EDGE ( 'NONE', *, *, #3220, .F. ) ;
#3580 = ORIENTED_EDGE ( 'NONE', *, *, #2496, .T. ) ;
#3581 = CARTESIAN_POINT ( 'NONE',  ( -54.82069240682337607, -60.00000000000000711, 3.000000000000000000 ) ) ;
#3582 = CARTESIAN_POINT ( 'NONE',  ( 29.58257569495584605, 60.00000000000000711, 5.000000000000000000 ) ) ;
#3583 = ORIENTED_EDGE ( 'NONE', *, *, #4581, .T. ) ;
#3584 = ADVANCED_FACE ( 'NONE', ( #3617 ), #4356, .F. ) ;
#3585 = SHAPE_REPRESENTATION_RELATIONSHIP ( 'NONE' , 'NONE' ,  #601, #1293 ) ;
#3586 = VERTEX_POINT ( 'NONE', #158 ) ;
#3587 = CARTESIAN_POINT ( 'NONE',  ( 1.301042606982605321E-15, 5.773502691896259975, -0.4465819873852062694 ) ) ;
#3588 = SURFACE_SIDE_STYLE ('',( #4400 ) ) ;
#3589 = CARTESIAN_POINT ( 'NONE',  ( -7.000000000000000000, -39.07163168584969526, 5.000000000000000000 ) ) ;
#3590 =( NAMED_UNIT ( * ) SI_UNIT ( $, .STERADIAN. ) SOLID_ANGLE_UNIT ( ) );
#3591 = COLOUR_RGB ( '',0.7921568627450980005, 0.8196078431372548767, 0.9333333333333333481 ) ;
#3592 = DIRECTION ( 'NONE',  ( -0.000000000000000000, 1.445602896647339163E-16, -1.000000000000000000 ) ) ;
#3593 = ORIENTED_EDGE ( 'NONE', *, *, #1046, .F. ) ;
#3594 = ORIENTED_EDGE ( 'NONE', *, *, #1853, .T. ) ;
#3595 = VECTOR ( 'NONE', #2403, 1000.000000000000000 ) ;
#3596 =( NAMED_UNIT ( * ) SI_UNIT ( $, .STERADIAN. ) SOLID_ANGLE_UNIT ( ) );
#3597 = FACE_OUTER_BOUND ( 'NONE', #1898, .T. ) ;
#3598 = FACE_OUTER_BOUND ( 'NONE', #306, .T. ) ;
#3599 = DIRECTION ( 'NONE',  ( 0.000000000000000000, -1.000000000000000000, 0.000000000000000000 ) ) ;
#3600 = CARTESIAN_POINT ( 'NONE',  ( 4.250000000000000888, -4.000000000000003553, 7.000000000000000000 ) ) ;
#3601 = AXIS2_PLACEMENT_3D ( 'NONE', #117, #481, #2251 ) ;
#3602 = ORIENTED_EDGE ( 'NONE', *, *, #1034, .T. ) ;
#3603 = EDGE_CURVE ( 'NONE', #4964, #3405, #2879, .T. ) ;
#3604 = CARTESIAN_POINT ( 'NONE',  ( 5.000000000000000888, 0.9999999999999965583, 1.000000000000000666 ) ) ;
#3605 = DIRECTION ( 'NONE',  ( 1.000000000000000000, 0.000000000000000000, 0.000000000000000000 ) ) ;
#3606 = CARTESIAN_POINT ( 'NONE',  ( 5.000000000000000888, 0.9999999999999965583, 7.000000000000000000 ) ) ;
#3607 = VECTOR ( 'NONE', #3446, 1000.000000000000000 ) ;
#3608 = VERTEX_POINT ( 'NONE', #4761 ) ;
#3609 = AXIS2_PLACEMENT_3D ( 'NONE', #708, #1081, #1841 ) ;
#3610 = EDGE_CURVE ( 'NONE', #1646, #3001, #864, .T. ) ;
#3611 =( NAMED_UNIT ( * ) SI_UNIT ( $, .STERADIAN. ) SOLID_ANGLE_UNIT ( ) );
#3612 = EDGE_LOOP ( 'NONE', ( #2756, #3104 ) ) ;
#3613 = CIRCLE ( 'NONE', #1371, 5.000000000000000000 ) ;
#3614 = FACE_OUTER_BOUND ( 'NONE', #1865, .T. ) ;
#3615 = FACE_OUTER_BOUND ( 'NONE', #4538, .T. ) ;
#3616 = AXIS2_PLACEMENT_3D ( 'NONE', #3477, #1275, #1223 ) ;
#3617 = FACE_OUTER_BOUND ( 'NONE', #3570, .T. ) ;
#3618 = VECTOR ( 'NONE', #3224, 1000.000000000000114 ) ;
#3619 = CARTESIAN_POINT ( 'NONE',  ( 3.000000000000000000, 0.000000000000000000, -3.469446951953614189E-15 ) ) ;
#3620 = DIRECTION ( 'NONE',  ( 1.000000000000000000, 0.000000000000000000, 0.000000000000000000 ) ) ;
#3621 = VERTEX_POINT ( 'NONE', #2862 ) ;
#3622 = ORIENTED_EDGE ( 'NONE', *, *, #3126, .T. ) ;
#3623 =( GEOMETRIC_REPRESENTATION_CONTEXT ( 3 ) GLOBAL_UNCERTAINTY_ASSIGNED_CONTEXT ( ( #2476 ) ) GLOBAL_UNIT_ASSIGNED_CONTEXT ( ( #4136, #2891, #4078 ) ) REPRESENTATION_CONTEXT ( 'NONE', 'WORKASPACE' ) );
#3624 =( NAMED_UNIT ( * ) PLANE_ANGLE_UNIT ( ) SI_UNIT ( $, .RADIAN. ) );
#3625 = DIRECTION ( 'NONE',  ( 1.000000000000000000, 0.000000000000000000, 0.000000000000000000 ) ) ;
#3626 = CARTESIAN_POINT ( 'NONE',  ( -40.00000000000002132, 19.99999999999999645, 0.000000000000000000 ) ) ;
#3627 = DIRECTION ( 'NONE',  ( 1.000000000000000000, 1.734723475976807094E-16, 0.000000000000000000 ) ) ;
#3628 = LINE ( 'NONE', #570, #3368 ) ;
#3629 = VECTOR ( 'NONE', #1746, 1000.000000000000000 ) ;
#3630 = VECTOR ( 'NONE', #1737, 1000.000000000000000 ) ;
#3631 = EDGE_LOOP ( 'NONE', ( #4207, #345, #1782, #2011 ) ) ;
#3632 = PLANE ( 'NONE',  #4446 ) ;
#3633 = DIRECTION ( 'NONE',  ( -0.000000000000000000, -0.000000000000000000, -1.000000000000000000 ) ) ;
#3634 = ADVANCED_FACE ( 'NONE', ( #1670, #2431, #4374, #3951 ), #937, .F. ) ;
#3635 = DIRECTION ( 'NONE',  ( 0.000000000000000000, 0.000000000000000000, -1.000000000000000000 ) ) ;
#3636 = CONTEXT_DEPENDENT_SHAPE_REPRESENTATION ( #4100, #2094 ) ;
#3637 = ORIENTED_EDGE ( 'NONE', *, *, #3461, .F. ) ;
#3638 = EDGE_CURVE ( 'NONE', #4276, #1771, #2019, .T. ) ;
#3639 = CARTESIAN_POINT ( 'NONE',  ( 5.000000000000000000, 2.886751345948131320, -0.4465819873852062694 ) ) ;
#3640 =( NAMED_UNIT ( * ) PLANE_ANGLE_UNIT ( ) SI_UNIT ( $, .RADIAN. ) );
#3641 = ORIENTED_EDGE ( 'NONE', *, *, #4521, .F. ) ;
#3642 = EDGE_CURVE ( 'NONE', #4312, #3793, #2389, .T. ) ;
#3643 = EDGE_CURVE ( 'NONE', #1666, #1132, #3036, .T. ) ;
#3644 = CARTESIAN_POINT ( 'NONE',  ( -3.249999999999996891, -7.499999999999999112, 8.000000000000000000 ) ) ;
#3645 = LINE ( 'NONE', #2451, #4920 ) ;
#3646 = DIRECTION ( 'NONE',  ( 0.000000000000000000, 0.000000000000000000, -1.000000000000000000 ) ) ;
#3647 =( LENGTH_UNIT ( ) NAMED_UNIT ( * ) SI_UNIT ( .MILLI., .METRE. ) );
#3648 = LINE ( 'NONE', #2894, #3451 ) ;
#3649 = EDGE_LOOP ( 'NONE', ( #2213, #3744, #2037, #3673 ) ) ;
#3650 = ORIENTED_EDGE ( 'NONE', *, *, #3153, .T. ) ;
#3651 = CARTESIAN_POINT ( 'NONE',  ( -3.250000000000000444, 5.928368314150303853, 0.000000000000000000 ) ) ;
#3652 = LINE ( 'NONE', #136, #1818 ) ;
#3653 = DIRECTION ( 'NONE',  ( -1.000000000000000000, -0.000000000000000000, -0.000000000000000000 ) ) ;
#3654 = CARTESIAN_POINT ( 'NONE',  ( -9.999999999999996447, 0.000000000000000000, 8.000000000000000000 ) ) ;
#3655 = CARTESIAN_POINT ( 'NONE',  ( 0.000000000000000000, -22.50000000000000000, 0.000000000000000000 ) ) ;
#3656 = ADVANCED_FACE ( 'NONE', ( #3720 ), #932, .F. ) ;
#3657 = VERTEX_POINT ( 'NONE', #2177 ) ;
#3658 = EDGE_CURVE ( 'NONE', #4219, #2953, #4182, .T. ) ;
#3659 = VERTEX_POINT ( 'NONE', #3294 ) ;
#3660 = STYLED_ITEM ( 'NONE', ( #4027 ), #2972 ) ;
#3661 = DIRECTION ( 'NONE',  ( -1.000000000000000000, -0.000000000000000000, -0.000000000000000000 ) ) ;
#3662 = FACE_OUTER_BOUND ( 'NONE', #761, .T. ) ;
#3663 = EDGE_CURVE ( 'NONE', #1808, #3246, #4000, .T. ) ;
#3664 = ORIENTED_EDGE ( 'NONE', *, *, #805, .F. ) ;
#3665 = ORIENTED_EDGE ( 'NONE', *, *, #2554, .T. ) ;
#3666 = EDGE_CURVE ( 'NONE', #2835, #2024, #4879, .T. ) ;
#3667 = CARTESIAN_POINT ( 'NONE',  ( 0.000000000000000000, 0.000000000000000000, 0.000000000000000000 ) ) ;
#3668 = FACE_OUTER_BOUND ( 'NONE', #2445, .T. ) ;
#3669 = DIRECTION ( 'NONE',  ( 0.5000000000000006661, 0.8660254037844383745, -0.000000000000000000 ) ) ;
#3670 = DIRECTION ( 'NONE',  ( 1.000000000000000000, 0.000000000000000000, 0.000000000000000000 ) ) ;
#3671 = EDGE_LOOP ( 'NONE', ( #519, #2132, #1983, #2058 ) ) ;
#3672 = EDGE_CURVE ( 'NONE', #4129, #925, #1749, .T. ) ;
#3673 = ORIENTED_EDGE ( 'NONE', *, *, #4934, .F. ) ;
#3674 = DIRECTION ( 'NONE',  ( 0.000000000000000000, -0.8660254037844380415, 0.5000000000000012212 ) ) ;
#3675 = FACE_OUTER_BOUND ( 'NONE', #4184, .T. ) ;
#3676 = CARTESIAN_POINT ( 'NONE',  ( 0.000000000000000000, 0.000000000000000000, 0.000000000000000000 ) ) ;
#3677 = EDGE_CURVE ( 'NONE', #1443, #658, #2530, .T. ) ;
#3678 = DIRECTION ( 'NONE',  ( 0.000000000000000000, -1.000000000000000000, 0.000000000000000000 ) ) ;
#3679 = EDGE_CURVE ( 'NONE', #2613, #4371, #1821, .T. ) ;
#3680 = CARTESIAN_POINT ( 'NONE',  ( 0.4465819873852007738, 2.886751345948124658, 5.000000000000000000 ) ) ;
#3681 = PRODUCT_DEFINITION_SHAPE ( 'NONE', 'NONE',  #4992 ) ;
#3682 = ORIENTED_EDGE ( 'NONE', *, *, #10, .F. ) ;
#3683 = VECTOR ( 'NONE', #4037, 999.9999999999998863 ) ;
#3684 = DIRECTION ( 'NONE',  ( 1.000000000000000000, 0.000000000000000000, 0.000000000000000000 ) ) ;
#3685 = CARTESIAN_POINT ( 'NONE',  ( 0.3106000600989264337, 3.122278952918443817, -4.592054218142292754 ) ) ;
#3686 = VECTOR ( 'NONE', #3323, 1000.000000000000000 ) ;
#3687 = CARTESIAN_POINT ( 'NONE',  ( -34.92499999999994742, 0.000000000000000000, 3.200000000000000178 ) ) ;
#3688 = VERTEX_POINT ( 'NONE', #1454 ) ;
#3689 = VECTOR ( 'NONE', #295, 1000.000000000000000 ) ;
#3690 = VERTEX_POINT ( 'NONE', #1425 ) ;
#3691 = DIRECTION ( 'NONE',  ( 0.000000000000000000, 0.000000000000000000, -1.000000000000000000 ) ) ;
#3692 = ORIENTED_EDGE ( 'NONE', *, *, #4934, .T. ) ;
#3693 = VECTOR ( 'NONE', #769, 1000.000000000000000 ) ;
#3694 = FACE_OUTER_BOUND ( 'NONE', #975, .T. ) ;
#3695 = SURFACE_STYLE_FILL_AREA ( #4109 ) ;
#3696 = CARTESIAN_POINT ( 'NONE',  ( -8.000000000000000000, -57.50000000000000000, 8.000000000000000000 ) ) ;
#3697 = ORIENTED_EDGE ( 'NONE', *, *, #1210, .F. ) ;
#3698 = VERTEX_POINT ( 'NONE', #3696 ) ;
#3699 = VECTOR ( 'NONE', #3140, 1000.000000000000000 ) ;
#3700 = DIRECTION ( 'NONE',  ( -0.000000000000000000, -0.000000000000000000, 1.000000000000000000 ) ) ;
#3701 = CARTESIAN_POINT ( 'NONE',  ( 5.000000000000000000, 2.886751345948126879, -5.200000000000000178 ) ) ;
#3702 = FACE_OUTER_BOUND ( 'NONE', #4894, .T. ) ;
#3703 = CARTESIAN_POINT ( 'NONE',  ( 0.000000000000000000, 0.000000000000000000, 0.000000000000000000 ) ) ;
#3704 = LINE ( 'NONE', #4005, #943 ) ;
#3705 = CONICAL_SURFACE ( 'NONE', #73, 2.445500000000000007, 0.7853981633974423948 ) ;
#3706 = ORIENTED_EDGE ( 'NONE', *, *, #2073, .T. ) ;
#3707 = COLOUR_RGB ( '',0.7921568627450980005, 0.8196078431372548767, 0.9333333333333333481 ) ;
#3708 = CIRCLE ( 'NONE', #2987, 2.500000000000000000 ) ;
#3709 = ORIENTED_EDGE ( 'NONE', *, *, #706, .T. ) ;
#3710 = CIRCLE ( 'NONE', #3390, 2.000000000000000000 ) ;
#3711 = DIRECTION ( 'NONE',  ( 1.000000000000000000, 1.734723475976807094E-16, -0.000000000000000000 ) ) ;
#3712 = CYLINDRICAL_SURFACE ( 'NONE', #935, 3.250000000000000000 ) ;
#3713 = ORIENTED_EDGE ( 'NONE', *, *, #2140, .F. ) ;
#3714 = B_SPLINE_CURVE_WITH_KNOTS ( 'NONE', 3,
 ( #2458, #897, #4063, #2101, #945, #4331 ),
 .UNSPECIFIED., .F., .F.,
 ( 4, 2, 4 ),
 ( 0.008261945092156348230, 0.009724140865920691962, 0.01118633663968503569 ),
 .UNSPECIFIED. ) ;
#3715 = ORIENTED_EDGE ( 'NONE', *, *, #881, .F. ) ;
#3716 = CARTESIAN_POINT ( 'NONE',  ( 662.6134412343791382, 912.7472078030933744, 1307.493958478049763 ) ) ;
#3717 = ORIENTED_EDGE ( 'NONE', *, *, #3395, .T. ) ;
#3718 = DIRECTION ( 'NONE',  ( 0.000000000000000000, 0.000000000000000000, 1.000000000000000000 ) ) ;
#3719 = DIRECTION ( 'NONE',  ( -0.000000000000000000, -0.000000000000000000, 1.000000000000000000 ) ) ;
#3720 = FACE_OUTER_BOUND ( 'NONE', #4935, .T. ) ;
#3721 = EDGE_CURVE ( 'NONE', #1269, #633, #2944, .T. ) ;
#3722 = ORIENTED_EDGE ( 'NONE', *, *, #4352, .F. ) ;
#3723 = EDGE_CURVE ( 'NONE', #849, #1944, #4886, .T. ) ;
#3724 = ORIENTED_EDGE ( 'NONE', *, *, #1868, .F. ) ;
#3725 = LINE ( 'NONE', #4140, #1840 ) ;
#3726 = CARTESIAN_POINT ( 'NONE',  ( 30.00000000000000711, 60.00000000000001421, 8.000000000000000000 ) ) ;
#3727 = CARTESIAN_POINT ( 'NONE',  ( -8.000000000000000000, 57.50000000000000000, 0.000000000000000000 ) ) ;
#3728 = CARTESIAN_POINT ( 'NONE',  ( 0.000000000000000000, 5.928368314150303853, 5.000000000000000000 ) ) ;
#3729 = LINE ( 'NONE', #1093, #378 ) ;
#3730 = ORIENTED_EDGE ( 'NONE', *, *, #4329, .T. ) ;
#3731 = EDGE_CURVE ( 'NONE', #3765, #3232, #1013, .T. ) ;
#3732 = DIRECTION ( 'NONE',  ( -0.000000000000000000, -0.000000000000000000, 1.000000000000000000 ) ) ;
#3733 = CARTESIAN_POINT ( 'NONE',  ( 29.00000000000000000, 0.000000000000000000, 2.445500000000000007 ) ) ;
#3734 = FACE_OUTER_BOUND ( 'NONE', #2276, .T. ) ;
#3735 = ORIENTED_EDGE ( 'NONE', *, *, #4724, .F. ) ;
#3736 = VERTEX_POINT ( 'NONE', #1064 ) ;
#3737 = DIRECTION ( 'NONE',  ( -0.9871067054929736351, 0.1600635872733328358, -4.413266538645208452E-37 ) ) ;
#3738 = ORIENTED_EDGE ( 'NONE', *, *, #1813, .F. ) ;
#3739 = ADVANCED_FACE ( 'NONE', ( #664 ), #1800, .T. ) ;
#3740 = DIRECTION ( 'NONE',  ( 0.000000000000000000, -0.000000000000000000, 1.000000000000000000 ) ) ;
#3741 = FACE_OUTER_BOUND ( 'NONE', #4484, .T. ) ;
#3742 = FACE_OUTER_BOUND ( 'NONE', #4771, .T. ) ;
#3743 = VERTEX_POINT ( 'NONE', #4561 ) ;
#3744 = ORIENTED_EDGE ( 'NONE', *, *, #77, .T. ) ;
#3745 = SURFACE_STYLE_FILL_AREA ( #2203 ) ;
#3746 =( NAMED_UNIT ( * ) SI_UNIT ( $, .STERADIAN. ) SOLID_ANGLE_UNIT ( ) );
#3747 = DIRECTION ( 'NONE',  ( 1.000000000000000000, 0.000000000000000000, 0.000000000000000000 ) ) ;
#3748 = CARTESIAN_POINT ( 'NONE',  ( -54.82069240682337607, -0.000000000000000000, 0.000000000000000000 ) ) ;
#3749 = CARTESIAN_POINT ( 'NONE',  ( -5.000000000000000000, -2.886751345948130432, -4.699999999999999289 ) ) ;
#3750 = ORIENTED_EDGE ( 'NONE', *, *, #360, .F. ) ;
#3751 =( LENGTH_UNIT ( ) NAMED_UNIT ( * ) SI_UNIT ( .MILLI., .METRE. ) );
#3752 = LINE ( 'NONE', #1489, #965 ) ;
#3753 = DIRECTION ( 'NONE',  ( 1.000000000000000000, 0.000000000000000000, 0.000000000000000000 ) ) ;
#3754 = AXIS2_PLACEMENT_3D ( 'NONE', #4697, #3097, #3525 ) ;
#3755 = EDGE_CURVE ( 'NONE', #1291, #2161, #4511, .T. ) ;
#3756 = VECTOR ( 'NONE', #2951, 999.9999999999998863 ) ;
#3757 = AXIS2_PLACEMENT_3D ( 'NONE', #3589, #4733, #1723 ) ;
#3758 = ORIENTED_EDGE ( 'NONE', *, *, #702, .T. ) ;
#3759 = PRODUCT_DEFINITION ( 'UNKNOWN', '', #4903, #3482 ) ;
#3760 = DIRECTION ( 'NONE',  ( 3.675753366739206856E-36, -1.344142534911284669E-36, 1.000000000000000000 ) ) ;
#3761 = AXIS2_PLACEMENT_3D ( 'NONE', #1795, #682, #2246 ) ;
#3762 = CIRCLE ( 'NONE', #1587, 4.999999999999997335 ) ;
#3763 = ORIENTED_EDGE ( 'NONE', *, *, #2990, .F. ) ;
#3764 = APPLICATION_CONTEXT ( 'automotive_design' ) ;
#3765 = VERTEX_POINT ( 'NONE', #1042 ) ;
#3766 = AXIS2_PLACEMENT_3D ( 'NONE', #694, #286, #2621 ) ;
#3767 = PLANE ( 'NONE',  #1426 ) ;
#3768 = DIRECTION ( 'NONE',  ( 1.000000000000000000, 0.000000000000000000, 0.000000000000000000 ) ) ;
#3769 = ORIENTED_EDGE ( 'NONE', *, *, #2527, .F. ) ;
#3770 = EDGE_LOOP ( 'NONE', ( #1851, #4958 ) ) ;
#3771 = AXIS2_PLACEMENT_3D ( 'NONE', #1725, #972, #2041 ) ;
#3772 = AXIS2_PLACEMENT_3D ( 'NONE', #4364, #3577, #2848 ) ;
#3773 = FACE_OUTER_BOUND ( 'NONE', #4122, .T. ) ;
#3774 = CARTESIAN_POINT ( 'NONE',  ( 0.4465819873849485866, -2.886751345948518566, -5.000000000000000000 ) ) ;
#3775 = DIRECTION ( 'NONE',  ( 0.000000000000000000, 0.000000000000000000, -1.000000000000000000 ) ) ;
#3776 = ORIENTED_EDGE ( 'NONE', *, *, #1564, .T. ) ;
#3777 = VECTOR ( 'NONE', #788, 1000.000000000000000 ) ;
#3778 = CARTESIAN_POINT ( 'NONE',  ( 0.000000000000000000, -49.89999999999999858, 8.000000000000000000 ) ) ;
#3779 = DIRECTION ( 'NONE',  ( -0.000000000000000000, -0.000000000000000000, -1.000000000000000000 ) ) ;
#3780 = CARTESIAN_POINT ( 'NONE',  ( 3.250000000000000888, -47.50000000000000000, 0.000000000000000000 ) ) ;
#3781 = AXIS2_PLACEMENT_3D ( 'NONE', #269, #750, #4168 ) ;
#3782 = AXIS2_PLACEMENT_3D ( 'NONE', #1235, #863, #2402 ) ;
#3783 = ORIENTED_EDGE ( 'NONE', *, *, #180, .T. ) ;
#3784 = CIRCLE ( 'NONE', #1123, 3.000000000000000444 ) ;
#3785 = CIRCLE ( 'NONE', #1609, 3.250000000000000000 ) ;
#3786 = VERTEX_POINT ( 'NONE', #2199 ) ;
#3787 = PRODUCT_DEFINITION_SHAPE ( 'NONE', 'NONE',  #4995 ) ;
#3788 = DIRECTION ( 'NONE',  ( 0.9998361475605199722, -0.01810187922117555137, 0.000000000000000000 ) ) ;
#3789 = VECTOR ( 'NONE', #2107, 1000.000000000000000 ) ;
#3790 = UNCERTAINTY_MEASURE_WITH_UNIT (LENGTH_MEASURE( 1.000000000000000082E-05 ), #1616, 'distance_accuracy_value', 'NONE');
#3791 = VERTEX_POINT ( 'NONE', #686 ) ;
#3792 = ADVANCED_FACE ( 'NONE', ( #3742 ), #3767, .T. ) ;
#3793 = VERTEX_POINT ( 'NONE', #3397 ) ;
#3794 = DIRECTION ( 'NONE',  ( -0.000000000000000000, 0.000000000000000000, 1.000000000000000000 ) ) ;
#3795 = DIRECTION ( 'NONE',  ( 1.000000000000000000, 0.000000000000000000, -0.000000000000000000 ) ) ;
#3796 = ORIENTED_EDGE ( 'NONE', *, *, #3897, .F. ) ;
#3797 = EDGE_CURVE ( 'NONE', #643, #2342, #4943, .T. ) ;
#3798 = EDGE_CURVE ( 'NONE', #3657, #3688, #3524, .T. ) ;
#3799 = CIRCLE ( 'NONE', #4625, 4.999999999999997335 ) ;
#3800 = CARTESIAN_POINT ( 'NONE',  ( 0.000000000000000000, 0.000000000000000000, 0.000000000000000000 ) ) ;
#3801 = DIRECTION ( 'NONE',  ( -0.000000000000000000, -0.000000000000000000, 1.000000000000000000 ) ) ;
#3802 = DIRECTION ( 'NONE',  ( -0.000000000000000000, -0.000000000000000000, -1.000000000000000000 ) ) ;
#3803 = CARTESIAN_POINT ( 'NONE',  ( -30.00000000000001421, -10.00000000000000888, 3.000000000000000000 ) ) ;
#3804 = DIRECTION ( 'NONE',  ( 0.8660254037844384856, 0.5000000000000002220, 0.000000000000000000 ) ) ;
#3805 = DIRECTION ( 'NONE',  ( 0.000000000000000000, 0.000000000000000000, 1.000000000000000000 ) ) ;
#3806 = ORIENTED_EDGE ( 'NONE', *, *, #1075, .T. ) ;
#3807 = EDGE_CURVE ( 'NONE', #4219, #5, #4661, .T. ) ;
#3808 = CARTESIAN_POINT ( 'NONE',  ( 5.000000000000000000, 0.000000000000000000, -2.000000000000000000 ) ) ;
#3809 = CYLINDRICAL_SURFACE ( 'NONE', #1849, 2.500000000000000000 ) ;
#3810 = CARTESIAN_POINT ( 'NONE',  ( 0.000000000000000000, 5.928368314150303853, 0.000000000000000000 ) ) ;
#3811 = AXIS2_PLACEMENT_3D ( 'NONE', #4671, #4260, #15 ) ;
#3812 = EDGE_LOOP ( 'NONE', ( #3984, #1727, #2474 ) ) ;
#3813 = ORIENTED_EDGE ( 'NONE', *, *, #4951, .T. ) ;
#3814 = COLOUR_RGB ( '',0.7921568627450980005, 0.8196078431372548767, 0.9333333333333333481 ) ;
#3815 = ORIENTED_EDGE ( 'NONE', *, *, #818, .F. ) ;
#3816 = CARTESIAN_POINT ( 'NONE',  ( 3.499999999999999556, 2.886751345948122882, -5.000000000000000000 ) ) ;
#3817 = CARTESIAN_POINT ( 'NONE',  ( -54.82069240682337607, -0.000000000000000000, 5.000000000000000000 ) ) ;
#3818 =( NAMED_UNIT ( * ) SI_UNIT ( $, .STERADIAN. ) SOLID_ANGLE_UNIT ( ) );
#3819 = ADVANCED_FACE ( 'NONE', ( #1229 ), #2779, .T. ) ;
#3820 = ORIENTED_EDGE ( 'NONE', *, *, #3273, .T. ) ;
#3821 = FACE_OUTER_BOUND ( 'NONE', #4311, .T. ) ;
#3822 = CARTESIAN_POINT ( 'NONE',  ( 0.000000000000000000, -21.89999999999999503, 0.000000000000000000 ) ) ;
#3823 = DIRECTION ( 'NONE',  ( 0.000000000000000000, 0.000000000000000000, 1.000000000000000000 ) ) ;
#3824 = DIRECTION ( 'NONE',  ( 0.000000000000000000, 0.000000000000000000, 1.000000000000000000 ) ) ;
#3825 = ADVANCED_FACE ( 'NONE', ( #1896 ), #4313, .F. ) ;
#3826 = LINE ( 'NONE', #3473, #1256 ) ;
#3827 = CARTESIAN_POINT ( 'NONE',  ( 0.000000000000000000, -7.511572993685813892E-16, 5.000000000000000000 ) ) ;
#3828 = ORIENTED_EDGE ( 'NONE', *, *, #1344, .T. ) ;
#3829 = ADVANCED_FACE ( 'NONE', ( #2805 ), #98, .T. ) ;
#3830 = CARTESIAN_POINT ( 'NONE',  ( 0.000000000000000000, 0.000000000000000000, 0.000000000000000000 ) ) ;
#3831 = PLANE ( 'NONE',  #717 ) ;
#3832 = DIRECTION ( 'NONE',  ( 0.000000000000000000, 0.000000000000000000, -1.000000000000000000 ) ) ;
#3833 = CARTESIAN_POINT ( 'NONE',  ( 5.000000000000000000, 0.000000000000000000, -4.700000000000000178 ) ) ;
#3834 =( REPRESENTATION_RELATIONSHIP ('NONE','NONE', #3347, #601 ) REPRESENTATION_RELATIONSHIP_WITH_TRANSFORMATION ( #2806 )SHAPE_REPRESENTATION_RELATIONSHIP( ) );
#3835 = ORIENTED_EDGE ( 'NONE', *, *, #1419, .F. ) ;
#3836 = ORIENTED_EDGE ( 'NONE', *, *, #2913, .F. ) ;
#3837 = SHAPE_DEFINITION_REPRESENTATION ( #1130, #2463 ) ;
#3838 = PRODUCT_DEFINITION_CONTEXT ( 'detailed design', #1603, 'design' ) ;
#3839 = AXIS2_PLACEMENT_3D ( 'NONE', #4481, #992, #638 ) ;
#3840 = EDGE_LOOP ( 'NONE', ( #3201, #4138, #28, #2224, #2478, #4417 ) ) ;
#3841 = CARTESIAN_POINT ( 'NONE',  ( 0.05140428708382592526, 3.841181488860375470, -3.346878500200757944 ) ) ;
#3842 = CIRCLE ( 'NONE', #2226, 7.000000000000000000 ) ;
#3843 = ORIENTED_EDGE ( 'NONE', *, *, #3484, .T. ) ;
#3844 = PRODUCT_DEFINITION_FORMATION_WITH_SPECIFIED_SOURCE ( 'ANY', '', #487, .NOT_KNOWN. ) ;
#3845 = CIRCLE ( 'NONE', #2967, 3.250000000000000444 ) ;
#3846 = DIRECTION ( 'NONE',  ( 0.000000000000000000, -1.000000000000000000, 0.000000000000000000 ) ) ;
#3847 = DIRECTION ( 'NONE',  ( -1.000000000000000000, 0.000000000000000000, 0.000000000000000000 ) ) ;
#3848 = CARTESIAN_POINT ( 'NONE',  ( 0.000000000000000000, -39.07163168584969526, 0.000000000000000000 ) ) ;
#3849 = DIRECTION ( 'NONE',  ( -0.000000000000000000, -1.000000000000000000, -0.000000000000000000 ) ) ;
#3850 = DIRECTION ( 'NONE',  ( -0.000000000000000000, -0.000000000000000000, -1.000000000000000000 ) ) ;
#3851 = CARTESIAN_POINT ( 'NONE',  ( 20.00000000000000355, 15.00000000000000533, 8.000000000000000000 ) ) ;
#3852 = CIRCLE ( 'NONE', #4591, 3.250000000000001776 ) ;
#3853 = EDGE_LOOP ( 'NONE', ( #1914, #4391, #475, #2179 ) ) ;
#3854 = AXIS2_PLACEMENT_3D ( 'NONE', #1306, #1329, #4384 ) ;
#3855 = AXIS2_PLACEMENT_3D ( 'NONE', #603, #2141, #3737 ) ;
#3856 = LINE ( 'NONE', #2676, #4084 ) ;
#3857 = FACE_OUTER_BOUND ( 'NONE', #2686, .T. ) ;
#3858 = CARTESIAN_POINT ( 'NONE',  ( 39.99999999999999289, 20.00000000000001066, 0.000000000000000000 ) ) ;
#3859 = DIRECTION ( 'NONE',  ( 0.000000000000000000, 0.000000000000000000, 1.000000000000000000 ) ) ;
#3860 = ORIENTED_EDGE ( 'NONE', *, *, #1372, .F. ) ;
#3861 = EDGE_CURVE ( 'NONE', #577, #3998, #3842, .T. ) ;
#3862 = VECTOR ( 'NONE', #1805, 1000.000000000000000 ) ;
#3863 = VERTEX_POINT ( 'NONE', #4254 ) ;
#3864 = AXIS2_PLACEMENT_3D ( 'NONE', #3249, #1244, #3552 ) ;
#3865 = PRODUCT_CONTEXT ( 'NONE', #51, 'mechanical' ) ;
#3866 = CONICAL_SURFACE ( 'NONE', #78, 2.449999999999999289, 0.9599310885968851403 ) ;
#3867 = AXIS2_PLACEMENT_3D ( 'NONE', #2481, #4712, #3546 ) ;
#3868 = ORIENTED_EDGE ( 'NONE', *, *, #829, .T. ) ;
#3869 = DIRECTION ( 'NONE',  ( 1.000000000000000000, 0.000000000000000000, 0.000000000000000000 ) ) ;
#3870 = VECTOR ( 'NONE', #560, 1000.000000000000000 ) ;
#3871 = AXIS2_PLACEMENT_3D ( 'NONE', #729, #2956, #4497 ) ;
#3872 = ORIENTED_EDGE ( 'NONE', *, *, #1096, .F. ) ;
#3873 = CYLINDRICAL_SURFACE ( 'NONE', #4843, 5.000000000000000000 ) ;
#3874 = CARTESIAN_POINT ( 'NONE',  ( 4.250000000000000888, -4.000000000000003553, 1.000000000000000666 ) ) ;
#3875 = DIRECTION ( 'NONE',  ( -1.000000000000000000, -0.000000000000000000, -0.000000000000000000 ) ) ;
#3876 = CARTESIAN_POINT ( 'NONE',  ( 3.499999999999999556, -2.886751345948134873, -5.000000000000000000 ) ) ;
#3877 = EDGE_CURVE ( 'NONE', #245, #3743, #3285, .T. ) ;
#3878 = EDGE_CURVE ( 'NONE', #1094, #4377, #4748, .T. ) ;
#3879 = DIRECTION ( 'NONE',  ( 0.000000000000000000, 0.000000000000000000, -1.000000000000000000 ) ) ;
#3880 = CARTESIAN_POINT ( 'NONE',  ( -7.000000000000000000, 5.928368314150306517, 5.000000000000000000 ) ) ;
#3881 = ORIENTED_EDGE ( 'NONE', *, *, #3055, .F. ) ;
#3882 = ADVANCED_FACE ( 'NONE', ( #2298 ), #1497, .F. ) ;
#3883 = CARTESIAN_POINT ( 'NONE',  ( 8.000000000000000000, 57.50000000000000000, 0.000000000000000000 ) ) ;
#3884 = CARTESIAN_POINT ( 'NONE',  ( 29.00000000000000000, 0.000000000000000000, 0.000000000000000000 ) ) ;
#3885 = DIRECTION ( 'NONE',  ( 1.000000000000000000, 0.000000000000000000, 0.000000000000000000 ) ) ;
#3886 = CARTESIAN_POINT ( 'NONE',  ( 0.000000000000000000, 0.000000000000000000, 0.000000000000000000 ) ) ;
#3887 = ORIENTED_EDGE ( 'NONE', *, *, #1819, .F. ) ;
#3888 = EDGE_CURVE ( 'NONE', #1763, #4134, #1907, .T. ) ;
#3889 = ORIENTED_EDGE ( 'NONE', *, *, #4275, .T. ) ;
#3890 = CONTEXT_DEPENDENT_SHAPE_REPRESENTATION ( #313, #169 ) ;
#3891 = PRODUCT_DEFINITION_CONTEXT ( 'detailed design', #1514, 'design' ) ;
#3892 = ORIENTED_EDGE ( 'NONE', *, *, #990, .F. ) ;
#3893 = DIRECTION ( 'NONE',  ( -0.000000000000000000, -0.000000000000000000, 1.000000000000000000 ) ) ;
#3894 =( LENGTH_UNIT ( ) NAMED_UNIT ( * ) SI_UNIT ( .MILLI., .METRE. ) );
#3895 = ORIENTED_EDGE ( 'NONE', *, *, #53, .F. ) ;
#3896 = CARTESIAN_POINT ( 'NONE',  ( 3.250000000000003553, -7.499999999999999112, 8.000000000000000000 ) ) ;
#3897 = EDGE_CURVE ( 'NONE', #1101, #2296, #2719, .T. ) ;
#3898 = FACE_OUTER_BOUND ( 'NONE', #2456, .T. ) ;
#3899 = CYLINDRICAL_SURFACE ( 'NONE', #1173, 4.999999999999997335 ) ;
#3900 = CARTESIAN_POINT ( 'NONE',  ( 5.000000000000000000, 1.947085426416879539, -0.1996207071196905991 ) ) ;
#3901 = PLANE ( 'NONE',  #3486 ) ;
#3902 = FACE_BOUND ( 'NONE', #1421, .T. ) ;
#3903 = EDGE_LOOP ( 'NONE', ( #2434, #1636, #1794, #1205 ) ) ;
#3904 = CARTESIAN_POINT ( 'NONE',  ( 0.1983443223721603199, -5.300482436767283367, -0.8192951148925887717 ) ) ;
#3905 = LINE ( 'NONE', #2773, #2078 ) ;
#3906 = CARTESIAN_POINT ( 'NONE',  ( 2.500000000000000888, -4.330127018922193649, 0.000000000000000000 ) ) ;
#3907 = CARTESIAN_POINT ( 'NONE',  ( 4.250000000000000888, 0.9999999999999965583, 7.000000000000000000 ) ) ;
#3908 = ORIENTED_EDGE ( 'NONE', *, *, #2216, .T. ) ;
#3909 = VERTEX_POINT ( 'NONE', #880 ) ;
#3910 = CARTESIAN_POINT ( 'NONE',  ( -7.000000000000000000, -39.07163168584969526, 5.000000000000000000 ) ) ;
#3911 = ADVANCED_FACE ( 'NONE', ( #3558 ), #450, .F. ) ;
#3912 = ORIENTED_EDGE ( 'NONE', *, *, #4471, .F. ) ;
#3913 = AXIS2_PLACEMENT_3D ( 'NONE', #611, #3295, #3076 ) ;
#3914 = AXIS2_PLACEMENT_3D ( 'NONE', #1576, #4692, #3112 ) ;
#3915 = AXIS2_PLACEMENT_3D ( 'NONE', #3830, #415, #363 ) ;
#3916 = EDGE_LOOP ( 'NONE', ( #422, #4746, #1167, #3394 ) ) ;
#3917 = CARTESIAN_POINT ( 'NONE',  ( 4.250000000000000000, 3.980102097228898231E-16, 3.250000000000000444 ) ) ;
#3918 = AXIS2_PLACEMENT_3D ( 'NONE', #4713, #2815, #2122 ) ;
#3919 = DIRECTION ( 'NONE',  ( -1.000000000000000000, 0.000000000000000000, 0.000000000000000000 ) ) ;
#3920 = FILL_AREA_STYLE ('',( #4141 ) ) ;
#3921 = CARTESIAN_POINT ( 'NONE',  ( 3.556264818047235821, 3.720292241887089180, -0.08165819712376977402 ) ) ;
#3922 = DIRECTION ( 'NONE',  ( -0.000000000000000000, -0.000000000000000000, 1.000000000000000000 ) ) ;
#3923 = CARTESIAN_POINT ( 'NONE',  ( 4.250000000000000888, 0.9999999999999965583, 1.000000000000000666 ) ) ;
#3924 = ORIENTED_EDGE ( 'NONE', *, *, #4448, .T. ) ;
#3925 = ORIENTED_EDGE ( 'NONE', *, *, #803, .F. ) ;
#3926 = AXIS2_PLACEMENT_3D ( 'NONE', #1659, #3157, #3206 ) ;
#3927 = APPLICATION_CONTEXT ( 'automotive_design' ) ;
#3928 = CARTESIAN_POINT ( 'NONE',  ( 0.000000000000000000, -4.330127018922193649, -2.500000000000000000 ) ) ;
#3929 = CARTESIAN_POINT ( 'NONE',  ( -2.500000000000000888, 4.330127018922193649, 0.000000000000000000 ) ) ;
#3930 = DIRECTION ( 'NONE',  ( 0.000000000000000000, -0.8660254037844380415, -0.5000000000000009992 ) ) ;
#3931 = AXIS2_PLACEMENT_3D ( 'NONE', #3810, #4576, #1100 ) ;
#3932 = CARTESIAN_POINT ( 'NONE',  ( 29.00000000000000000, 0.000000000000000000, 2.445500000000000007 ) ) ;
#3933 = VERTEX_POINT ( 'NONE', #3177 ) ;
#3934 = AXIS2_PLACEMENT_3D ( 'NONE', #2453, #1352, #2123 ) ;
#3935 = VERTEX_POINT ( 'NONE', #4962 ) ;
#3936 = CARTESIAN_POINT ( 'NONE',  ( -19.99999999999999645, -15.00000000000000000, 8.000000000000000000 ) ) ;
#3937 = EDGE_CURVE ( 'NONE', #2161, #3033, #3438, .T. ) ;
#3938 = AXIS2_PLACEMENT_3D ( 'NONE', #2858, #3212, #4393 ) ;
#3939 = CLOSED_SHELL ( 'NONE', ( #1876, #2056, #2032, #2600, #1584, #760, #1630, #4776, #301, #903, #2524, #2448, #2086, #1449 ) ) ;
#3940 = AXIS2_PLACEMENT_3D ( 'NONE', #4361, #1325, #1728 ) ;
#3941 = ORIENTED_EDGE ( 'NONE', *, *, #3807, .T. ) ;
#3942 = CARTESIAN_POINT ( 'NONE',  ( 662.6134412340626341, 935.2472078031374849, 1315.493958478049763 ) ) ;
#3943 = AXIS2_PLACEMENT_3D ( 'NONE', #1786, #2516, #4065 ) ;
#3944 = AXIS2_PLACEMENT_3D ( 'NONE', #3293, #586, #1063 ) ;
#3945 = UNCERTAINTY_MEASURE_WITH_UNIT (LENGTH_MEASURE( 1.000000000000000082E-05 ), #430, 'distance_accuracy_value', 'NONE');
#3946 = ORIENTED_EDGE ( 'NONE', *, *, #3502, .F. ) ;
#3947 = EDGE_CURVE ( 'NONE', #4887, #17, #2688, .T. ) ;
#3948 = VECTOR ( 'NONE', #1640, 1000.000000000000114 ) ;
#3949 = VECTOR ( 'NONE', #2705, 1000.000000000000000 ) ;
#3950 = DIRECTION ( 'NONE',  ( 1.000000000000000000, 0.000000000000000000, -0.000000000000000000 ) ) ;
#3951 = FACE_BOUND ( 'NONE', #3631, .T. ) ;
#3952 = LINE ( 'NONE', #1299, #1107 ) ;
#3953 = EDGE_CURVE ( 'NONE', #4765, #3325, #2277, .T. ) ;
#3954 = ORIENTED_EDGE ( 'NONE', *, *, #2236, .T. ) ;
#3955 = ORIENTED_EDGE ( 'NONE', *, *, #4775, .T. ) ;
#3956 = FACE_OUTER_BOUND ( 'NONE', #4483, .T. ) ;
#3957 = CYLINDRICAL_SURFACE ( 'NONE', #4810, 7.000000000000000000 ) ;
#3958 = FACE_BOUND ( 'NONE', #4156, .T. ) ;
#3959 = DIRECTION ( 'NONE',  ( 1.000000000000000000, 0.000000000000000000, 0.000000000000000000 ) ) ;
#3960 = CARTESIAN_POINT ( 'NONE',  ( -40.00000000000002132, 19.99999999999999645, 0.000000000000000000 ) ) ;
#3961 = ORIENTED_EDGE ( 'NONE', *, *, #4043, .T. ) ;
#3962 = EDGE_CURVE ( 'NONE', #4069, #1720, #623, .T. ) ;
#3963 = ORIENTED_EDGE ( 'NONE', *, *, #2720, .F. ) ;
#3964 = DIRECTION ( 'NONE',  ( 1.000000000000000000, 0.000000000000000000, 0.000000000000000000 ) ) ;
#3965 = ITEM_DEFINED_TRANSFORMATION ( 'NONE', 'NONE', #1186,  #951 ) ;
#3966 = VERTEX_POINT ( 'NONE', #3936 ) ;
#3967 = EDGE_LOOP ( 'NONE', ( #653, #3338, #3081, #778 ) ) ;
#3968 = CARTESIAN_POINT ( 'NONE',  ( 4.000000000000000000, -2.886751345948134873, -5.000000000000000000 ) ) ;
#3969 = FILL_AREA_STYLE_COLOUR ( '', #2080 ) ;
#3970 = DIRECTION ( 'NONE',  ( 0.000000000000000000, 0.000000000000000000, 1.000000000000000000 ) ) ;
#3971 = FILL_AREA_STYLE ('',( #159 ) ) ;
#3972 = ADVANCED_FACE ( 'NONE', ( #2012, #2164 ), #249, .F. ) ;
#3973 = DIRECTION ( 'NONE',  ( 0.000000000000000000, 0.000000000000000000, 1.000000000000000000 ) ) ;
#3974 = ADVANCED_FACE ( 'NONE', ( #1766 ), #1415, .F. ) ;
#3975 = ORIENTED_EDGE ( 'NONE', *, *, #3962, .T. ) ;
#3976 = ORIENTED_EDGE ( 'NONE', *, *, #3194, .T. ) ;
#3977 = ADVANCED_FACE ( 'NONE', ( #2545 ), #3712, .F. ) ;
#3978 = CARTESIAN_POINT ( 'NONE',  ( 4.250000000000000888, 5.999999999999996447, 7.000000000000000000 ) ) ;
#3979 = DIRECTION ( 'NONE',  ( 9.912705577010325549E-17, -1.000000000000000000, -0.000000000000000000 ) ) ;
#3980 = CARTESIAN_POINT ( 'NONE',  ( 0.000000000000000000, 0.000000000000000000, 3.000000000000000000 ) ) ;
#3981 = DIRECTION ( 'NONE',  ( 1.000000000000000000, -0.000000000000000000, -0.000000000000000000 ) ) ;
#3982 = EDGE_LOOP ( 'NONE', ( #4294, #756, #2465, #3724 ) ) ;
#3983 = ADVANCED_FACE ( 'NONE', ( #3662 ), #906, .F. ) ;
#3984 = ORIENTED_EDGE ( 'NONE', *, *, #3159, .T. ) ;
#3985 = CYLINDRICAL_SURFACE ( 'NONE', #557, 3.200000000000000178 ) ;
#3986 = PLANE ( 'NONE',  #1661 ) ;
#3987 = CONTEXT_DEPENDENT_SHAPE_REPRESENTATION ( #993, #1295 ) ;
#3988 = VERTEX_POINT ( 'NONE', #2855 ) ;
#3989 = DIRECTION ( 'NONE',  ( 1.000000000000000000, 0.000000000000000000, 0.000000000000000000 ) ) ;
#3990 = ORIENTED_EDGE ( 'NONE', *, *, #2834, .T. ) ;
#3991 = CARTESIAN_POINT ( 'NONE',  ( 3.250000000000000888, -47.50000000000000000, 8.000000000000000000 ) ) ;
#3992 = CARTESIAN_POINT ( 'NONE',  ( 0.000000000000000000, 0.000000000000000000, 0.000000000000000000 ) ) ;
#3993 = FACE_OUTER_BOUND ( 'NONE', #1610, .T. ) ;
#3994 = DIRECTION ( 'NONE',  ( 0.000000000000000000, 0.000000000000000000, 1.000000000000000000 ) ) ;
#3995 = CIRCLE ( 'NONE', #3187, 4.999999999999999112 ) ;
#3996 = CARTESIAN_POINT ( 'NONE',  ( -3.250000000000000888, -47.50000000000000000, 0.000000000000000000 ) ) ;
#3997 = ORIENTED_EDGE ( 'NONE', *, *, #77, .F. ) ;
#3998 = VERTEX_POINT ( 'NONE', #3336 ) ;
#3999 = CIRCLE ( 'NONE', #4656, 3.250000000000000444 ) ;
#4000 = CIRCLE ( 'NONE', #612, 7.000000000000000000 ) ;
#4001 = ADVANCED_BREP_SHAPE_REPRESENTATION ( '', ( #1198, #951 ), #1586 ) ;
#4002 = LINE ( 'NONE', #188, #2633 ) ;
#4003 = DIRECTION ( 'NONE',  ( 1.000000000000000000, 0.000000000000000000, 0.000000000000000000 ) ) ;
#4004 = CARTESIAN_POINT ( 'NONE',  ( -19.99999999999999645, 15.00000000000000000, 0.000000000000000000 ) ) ;
#4005 = CARTESIAN_POINT ( 'NONE',  ( 0.000000000000000000, 3.673940397442059868E-16, -3.000000000000000000 ) ) ;
#4006 = CIRCLE ( 'NONE', #294, 4.999999999999997335 ) ;
#4007 = VERTEX_POINT ( 'NONE', #549 ) ;
#4008 = AXIS2_PLACEMENT_3D ( 'NONE', #4793, #1276, #2825 ) ;
#4009 = AXIS2_PLACEMENT_3D ( 'NONE', #1513, #679, #3385 ) ;
#4010 = EDGE_LOOP ( 'NONE', ( #4673, #4662, #1692, #1486 ) ) ;
#4011 = DIRECTION ( 'NONE',  ( 0.000000000000000000, 2.168404344971012566E-16, -1.000000000000000000 ) ) ;
#4012 = DIRECTION ( 'NONE',  ( 1.000000000000000000, 0.000000000000000000, 0.000000000000000000 ) ) ;
#4013 = CONTEXT_DEPENDENT_SHAPE_REPRESENTATION ( #1864, #3787 ) ;
#4014 = ADVANCED_FACE ( 'NONE', ( #1792 ), #3986, .F. ) ;
#4015 = AXIS2_PLACEMENT_3D ( 'NONE', #4081, #4913, #1427 ) ;
#4016 = EDGE_CURVE ( 'NONE', #2689, #4824, #600, .T. ) ;
#4017 = ORIENTED_EDGE ( 'NONE', *, *, #3638, .F. ) ;
#4018 = FACE_OUTER_BOUND ( 'NONE', #1469, .T. ) ;
#4019 =( LENGTH_UNIT ( ) NAMED_UNIT ( * ) SI_UNIT ( .MILLI., .METRE. ) );
#4020 = EDGE_LOOP ( 'NONE', ( #2421, #558 ) ) ;
#4021 = CIRCLE ( 'NONE', #791, 3.249999999999999556 ) ;
#4022 = CARTESIAN_POINT ( 'NONE',  ( 0.8179331680533002968, 5.301268757141562205, -0.1739375980333750238 ) ) ;
#4023 = CARTESIAN_POINT ( 'NONE',  ( 0.000000000000000000, -4.330127018922193649, -2.500000000000000000 ) ) ;
#4024 = CIRCLE ( 'NONE', #3781, 3.000000000000000444 ) ;
#4025 = CARTESIAN_POINT ( 'NONE',  ( 0.000000000000000000, 0.000000000000000000, -2.000000000000000000 ) ) ;
#4026 = AXIS2_PLACEMENT_3D ( 'NONE', #1970, #4283, #3470 ) ;
#4027 = PRESENTATION_STYLE_ASSIGNMENT (( #1298 ) ) ;
#4028 = DIRECTION ( 'NONE',  ( 0.000000000000000000, 0.000000000000000000, -1.000000000000000000 ) ) ;
#4029 = ORIENTED_EDGE ( 'NONE', *, *, #2025, .T. ) ;
#4030 = EDGE_CURVE ( 'NONE', #492, #2549, #2443, .T. ) ;
#4031 = ORIENTED_EDGE ( 'NONE', *, *, #2245, .F. ) ;
#4032 = VECTOR ( 'NONE', #4285, 1000.000000000000000 ) ;
#4033 = AXIS2_PLACEMENT_3D ( 'NONE', #4932, #3779, #4873 ) ;
#4034 = EDGE_CURVE ( 'NONE', #2380, #786, #779, .T. ) ;
#4035 = EDGE_CURVE ( 'NONE', #4578, #2704, #4177, .T. ) ;
#4036 = PLANE ( 'NONE',  #2244 ) ;
#4037 = DIRECTION ( 'NONE',  ( -0.000000000000000000, 0.5000000000000012212, 0.8660254037844380415 ) ) ;
#4038 = DIRECTION ( 'NONE',  ( -1.000000000000000000, 0.000000000000000000, -0.000000000000000000 ) ) ;
#4039 = CARTESIAN_POINT ( 'NONE',  ( 0.000000000000000000, 0.000000000000000000, 16.00000000000000000 ) ) ;
#4040 = DIRECTION ( 'NONE',  ( 0.000000000000000000, 0.000000000000000000, 1.000000000000000000 ) ) ;
#4041 = AXIS2_PLACEMENT_3D ( 'NONE', #2507, #2175, #3718 ) ;
#4042 = ORIENTED_EDGE ( 'NONE', *, *, #2658, .F. ) ;
#4043 = EDGE_CURVE ( 'NONE', #3232, #3765, #456, .T. ) ;
#4044 = VERTEX_POINT ( 'NONE', #3606 ) ;
#4045 = LINE ( 'NONE', #1334, #2252 ) ;
#4046 = FACE_OUTER_BOUND ( 'NONE', #597, .T. ) ;
#4047 = ADVANCED_FACE ( 'NONE', ( #2469 ), #3235, .T. ) ;
#4048 = PRODUCT_DEFINITION_SHAPE ( 'NONE', 'NONE',  #5000 ) ;
#4049 = ORIENTED_EDGE ( 'NONE', *, *, #311, .F. ) ;
#4050 = DIRECTION ( 'NONE',  ( 0.000000000000000000, 0.000000000000000000, 1.000000000000000000 ) ) ;
#4051 = UNCERTAINTY_MEASURE_WITH_UNIT (LENGTH_MEASURE( 1.000000000000000082E-05 ), #936, 'distance_accuracy_value', 'NONE');
#4052 = ORIENTED_EDGE ( 'NONE', *, *, #252, .T. ) ;
#4053 = EDGE_CURVE ( 'NONE', #1955, #4338, #4006, .T. ) ;
#4054 = ADVANCED_FACE ( 'NONE', ( #4046 ), #2880, .F. ) ;
#4055 = FACE_OUTER_BOUND ( 'NONE', #1174, .T. ) ;
#4056 = CARTESIAN_POINT ( 'NONE',  ( 7.000000000000000000, -39.07163168584969526, 5.000000000000000000 ) ) ;
#4057 = DIRECTION ( 'NONE',  ( 1.000000000000000000, -0.000000000000000000, 0.000000000000000000 ) ) ;
#4058 = DIRECTION ( 'NONE',  ( 0.000000000000000000, 0.5000000000000018874, 0.8660254037844375974 ) ) ;
#4059 = DIRECTION ( 'NONE',  ( -0.000000000000000000, 1.000000000000000000, 2.168404344971012566E-16 ) ) ;
#4060 = EDGE_LOOP ( 'NONE', ( #454, #4152 ) ) ;
#4061 = ORIENTED_EDGE ( 'NONE', *, *, #1221, .T. ) ;
#4062 = ADVANCED_FACE ( 'NONE', ( #3283 ), #4829, .F. ) ;
#4063 = CARTESIAN_POINT ( 'NONE',  ( 0.04320752586819863461, 0.9836842030436155904, 4.999999999999999112 ) ) ;
#4064 = FACE_OUTER_BOUND ( 'NONE', #3512, .T. ) ;
#4065 = DIRECTION ( 'NONE',  ( 1.000000000000000000, 0.000000000000000000, 0.000000000000000000 ) ) ;
#4066 = CARTESIAN_POINT ( 'NONE',  ( 0.000000000000000000, 0.000000000000000000, 0.000000000000000000 ) ) ;
#4067 = LINE ( 'NONE', #4445, #1176 ) ;
#4068 = VECTOR ( 'NONE', #2694, 1000.000000000000000 ) ;
#4069 = VERTEX_POINT ( 'NONE', #2522 ) ;
#4070 = DIRECTION ( 'NONE',  ( -1.000000000000000000, 4.956352788505162775E-17, 0.000000000000000000 ) ) ;
#4071 = CARTESIAN_POINT ( 'NONE',  ( -34.92499999999994742, 0.000000000000000000, 0.000000000000000000 ) ) ;
#4072 = CARTESIAN_POINT ( 'NONE',  ( 0.000000000000000000, 0.000000000000000000, 0.000000000000000000 ) ) ;
#4073 = ORIENTED_EDGE ( 'NONE', *, *, #974, .T. ) ;
#4074 = EDGE_CURVE ( 'NONE', #3736, #1615, #1512, .T. ) ;
#4075 = DIRECTION ( 'NONE',  ( 0.000000000000000000, 0.000000000000000000, 1.000000000000000000 ) ) ;
#4076 = ORIENTED_EDGE ( 'NONE', *, *, #3610, .T. ) ;
#4077 = FACE_OUTER_BOUND ( 'NONE', #675, .T. ) ;
#4078 =( NAMED_UNIT ( * ) SI_UNIT ( $, .STERADIAN. ) SOLID_ANGLE_UNIT ( ) );
#4079 = DIRECTION ( 'NONE',  ( 0.000000000000000000, 1.000000000000000000, 0.000000000000000000 ) ) ;
#4080 = DIRECTION ( 'NONE',  ( -0.000000000000000000, -0.000000000000000000, -1.000000000000000000 ) ) ;
#4081 = CARTESIAN_POINT ( 'NONE',  ( 0.000000000000000000, -39.07163168584969526, 0.000000000000000000 ) ) ;
#4082 = ORIENTED_EDGE ( 'NONE', *, *, #1999, .T. ) ;
#4083 = ORIENTED_EDGE ( 'NONE', *, *, #4359, .F. ) ;
#4084 = VECTOR ( 'NONE', #471, 1000.000000000000000 ) ;
#4085 = CARTESIAN_POINT ( 'NONE',  ( 13.25000000000000178, 0.000000000000000000, 0.000000000000000000 ) ) ;
#4086 = FILL_AREA_STYLE ('',( #3328 ) ) ;
#4087 = DIRECTION ( 'NONE',  ( 1.000000000000000000, 0.000000000000000000, 0.000000000000000000 ) ) ;
#4088 = DIRECTION ( 'NONE',  ( 0.000000000000000000, 0.000000000000000000, 1.000000000000000000 ) ) ;
#4089 = DIRECTION ( 'NONE',  ( -0.000000000000000000, 1.000000000000000000, 2.168404344971012566E-16 ) ) ;
#4090 = PRODUCT_DEFINITION_SHAPE ( 'NONE', 'NONE',  #4999 ) ;
#4091 = ORIENTED_EDGE ( 'NONE', *, *, #4799, .F. ) ;
#4092 = VECTOR ( 'NONE', #4079, 1000.000000000000000 ) ;
#4093 = EDGE_LOOP ( 'NONE', ( #4101, #1796, #3828, #4029 ) ) ;
#4094 = AXIS2_PLACEMENT_3D ( 'NONE', #2262, #3922, #792 ) ;
#4095 = DIRECTION ( 'NONE',  ( 1.000000000000000000, 0.000000000000000000, 0.000000000000000000 ) ) ;
#4096 = AXIS2_PLACEMENT_3D ( 'NONE', #3817, #1874, #4615 ) ;
#4097 = CARTESIAN_POINT ( 'NONE',  ( 4.250000000000000888, 4.999999999999998224, 1.000000000000000444 ) ) ;
#4098 = ORIENTED_EDGE ( 'NONE', *, *, #584, .T. ) ;
#4099 = AXIS2_PLACEMENT_3D ( 'NONE', #4744, #1762, #1392 ) ;
#4100 =( REPRESENTATION_RELATIONSHIP ('NONE','NONE', #3347, #601 ) REPRESENTATION_RELATIONSHIP_WITH_TRANSFORMATION ( #4342 )SHAPE_REPRESENTATION_RELATIONSHIP( ) );
#4101 = ORIENTED_EDGE ( 'NONE', *, *, #2345, .F. ) ;
#4102 = ADVANCED_FACE ( 'NONE', ( #1129 ), #298, .F. ) ;
#4103 = ADVANCED_FACE ( 'NONE', ( #3734 ), #1078, .F. ) ;
#4104 = CIRCLE ( 'NONE', #1591, 3.200000000000000178 ) ;
#4105 = DIRECTION ( 'NONE',  ( 0.000000000000000000, 0.000000000000000000, -1.000000000000000000 ) ) ;
#4106 = VERTEX_POINT ( 'NONE', #700 ) ;
#4107 = CIRCLE ( 'NONE', #468, 3.000000000000000444 ) ;
#4108 = CARTESIAN_POINT ( 'NONE',  ( 0.3108895250736382065, -2.416698868092693075, -5.000000000000000000 ) ) ;
#4109 = FILL_AREA_STYLE ('',( #1778 ) ) ;
#4110 = CARTESIAN_POINT ( 'NONE',  ( 5.000000000000000000, 0.000000000000000000, 0.000000000000000000 ) ) ;
#4111 = LINE ( 'NONE', #4536, #4830 ) ;
#4112 = EDGE_LOOP ( 'NONE', ( #23, #4288 ) ) ;
#4113 = EDGE_CURVE ( 'NONE', #1402, #3966, #2626, .T. ) ;
#4114 = ORIENTED_EDGE ( 'NONE', *, *, #438, .T. ) ;
#4115 = AXIS2_PLACEMENT_3D ( 'NONE', #2156, #1730, #2870 ) ;
#4116 =( LENGTH_UNIT ( ) NAMED_UNIT ( * ) SI_UNIT ( .MILLI., .METRE. ) );
#4117 = CARTESIAN_POINT ( 'NONE',  ( 25.00000000000000355, 60.00000000000002132, 3.000000000000000000 ) ) ;
#4118 = CARTESIAN_POINT ( 'NONE',  ( -8.000000000000000000, -57.50000000000000000, 0.000000000000000000 ) ) ;
#4119 = FACE_OUTER_BOUND ( 'NONE', #4145, .T. ) ;
#4120 = CARTESIAN_POINT ( 'NONE',  ( 5.000000000000000888, -8.000000000000001776, 8.000000000000000000 ) ) ;
#4121 = CIRCLE ( 'NONE', #395, 0.2500000000000002220 ) ;
#4122 = EDGE_LOOP ( 'NONE', ( #4407, #94, #524 ) ) ;
#4123 = AXIS2_PLACEMENT_3D ( 'NONE', #1570, #1158, #2322 ) ;
#4124 = AXIS2_PLACEMENT_3D ( 'NONE', #506, #101, #4354 ) ;
#4125 = DIRECTION ( 'NONE',  ( 1.000000000000000000, 9.912705577010325549E-17, -0.000000000000000000 ) ) ;
#4126 = VECTOR ( 'NONE', #3633, 1000.000000000000000 ) ;
#4127 = CYLINDRICAL_SURFACE ( 'NONE', #4033, 7.000000000000000000 ) ;
#4128 = DIRECTION ( 'NONE',  ( -1.000000000000000000, 0.000000000000000000, 0.000000000000000000 ) ) ;
#4129 = VERTEX_POINT ( 'NONE', #3780 ) ;
#4130 = EDGE_CURVE ( 'NONE', #3019, #4106, #3762, .T. ) ;
#4131 = CLOSED_SHELL ( 'NONE', ( #3983, #3573, #772, #3542, #3508, #2229, #654, #3792, #3276, #2767, #1637, #2941, #289, #812, #3739, #1731, #1548, #4841, #3012, #2214, #1714, #469, #3449, #1488, #1177, #4878, #1289, #3656, #3002, #4103 ) ) ;
#4132 = EDGE_LOOP ( 'NONE', ( #1784, #4545, #4704, #1544 ) ) ;
#4133 = DIRECTION ( 'NONE',  ( 0.7453559925057696711, -0.6666666666601377411, -8.305351142377829902E-27 ) ) ;
#4134 = VERTEX_POINT ( 'NONE', #1442 ) ;
#4135 = LINE ( 'NONE', #200, #3629 ) ;
#4136 =( LENGTH_UNIT ( ) NAMED_UNIT ( * ) SI_UNIT ( .MILLI., .METRE. ) );
#4137 = CARTESIAN_POINT ( 'NONE',  ( 5.000000000000000000, -2.886751345948132652, -0.4465819873852062694 ) ) ;
#4138 = ORIENTED_EDGE ( 'NONE', *, *, #1487, .T. ) ;
#4139 = VERTEX_POINT ( 'NONE', #4170 ) ;
#4140 = CARTESIAN_POINT ( 'NONE',  ( -3.000000000000000444, 3.673940397442060361E-16, -25.03750572909317285 ) ) ;
#4141 = FILL_AREA_STYLE_COLOUR ( '', #1976 ) ;
#4142 = LINE ( 'NONE', #1120, #3862 ) ;
#4143 = EDGE_CURVE ( 'NONE', #3505, #4161, #2882, .T. ) ;
#4144 = DIRECTION ( 'NONE',  ( 1.000000000000000000, 0.000000000000000000, 0.000000000000000000 ) ) ;
#4145 = EDGE_LOOP ( 'NONE', ( #3481, #4330, #4537, #3963 ) ) ;
#4146 = ADVANCED_FACE ( 'NONE', ( #1810 ), #1490, .F. ) ;
#4147 = FILL_AREA_STYLE_COLOUR ( '', #244 ) ;
#4148 = CARTESIAN_POINT ( 'NONE',  ( -25.00000000000001066, 60.00000000000002132, 3.000000000000000000 ) ) ;
#4149 = CARTESIAN_POINT ( 'NONE',  ( 69.99999999999998579, 60.00000000000001421, 0.000000000000000000 ) ) ;
#4150 = ORIENTED_EDGE ( 'NONE', *, *, #1516, .F. ) ;
#4151 = EDGE_CURVE ( 'NONE', #4202, #1272, #4984, .T. ) ;
#4152 = ORIENTED_EDGE ( 'NONE', *, *, #4724, .T. ) ;
#4153 = DIRECTION ( 'NONE',  ( 9.324315776886760081E-27, -2.033124753108701787E-27, 1.000000000000000222 ) ) ;
#4154 = AXIS2_PLACEMENT_3D ( 'NONE', #1384, #4080, #2924 ) ;
#4155 = UNCERTAINTY_MEASURE_WITH_UNIT (LENGTH_MEASURE( 1.000000000000000082E-05 ), #4116, 'distance_accuracy_value', 'NONE');
#4156 = EDGE_LOOP ( 'NONE', ( #689, #1262, #4710, #2562 ) ) ;
#4157 = CARTESIAN_POINT ( 'NONE',  ( 3.250000000000003553, -7.499999999999999112, 0.000000000000000000 ) ) ;
#4158 = CARTESIAN_POINT ( 'NONE',  ( -43.25000000000002132, 19.99999999999999645, 8.000000000000000000 ) ) ;
#4159 = DIRECTION ( 'NONE',  ( -0.000000000000000000, -0.000000000000000000, 1.000000000000000000 ) ) ;
#4160 = ORIENTED_EDGE ( 'NONE', *, *, #10, .T. ) ;
#4161 = VERTEX_POINT ( 'NONE', #3408 ) ;
#4162 = DIRECTION ( 'NONE',  ( 0.000000000000000000, -0.000000000000000000, -1.000000000000000000 ) ) ;
#4163 = CARTESIAN_POINT ( 'NONE',  ( 4.000000000000000000, 5.773502691896261751, 3.755786496842903495E-16 ) ) ;
#4164 = CARTESIAN_POINT ( 'NONE',  ( 4.000000000000000000, 3.980102097228898231E-16, 3.250000000000000444 ) ) ;
#4165 = CARTESIAN_POINT ( 'NONE',  ( -5.007715329123867711E-16, -5.773502691896262640, -4.699999999999999289 ) ) ;
#4166 = DIRECTION ( 'NONE',  ( 0.000000000000000000, 0.000000000000000000, 1.000000000000000000 ) ) ;
#4167 = VERTEX_POINT ( 'NONE', #3833 ) ;
#4168 = DIRECTION ( 'NONE',  ( 1.000000000000000000, 0.000000000000000000, 0.000000000000000000 ) ) ;
#4169 = DIRECTION ( 'NONE',  ( 0.000000000000000000, 0.000000000000000000, 1.000000000000000000 ) ) ;
#4170 = CARTESIAN_POINT ( 'NONE',  ( 59.89897948556635754, -59.99999999999999289, 4.000000000000000000 ) ) ;
#4171 = VECTOR ( 'NONE', #3476, 1000.000000000000000 ) ;
#4172 = ADVANCED_FACE ( 'NONE', ( #1030 ), #730, .T. ) ;
#4173 = AXIS2_PLACEMENT_3D ( 'NONE', #357, #3071, #1951 ) ;
#4174 = ORIENTED_EDGE ( 'NONE', *, *, #3241, .F. ) ;
#4175 = EDGE_CURVE ( 'NONE', #400, #2411, #4499, .T. ) ;
#4176 = ADVANCED_FACE ( 'NONE', ( #1058 ), #3029, .F. ) ;
#4177 = CIRCLE ( 'NONE', #2641, 3.250000000000002665 ) ;
#4178 = ORIENTED_EDGE ( 'NONE', *, *, #1328, .F. ) ;
#4179 = ORIENTED_EDGE ( 'NONE', *, *, #2100, .T. ) ;
#4180 = CIRCLE ( 'NONE', #2475, 5.000000000000000888 ) ;
#4181 = DIRECTION ( 'NONE',  ( 0.000000000000000000, 0.000000000000000000, 1.000000000000000000 ) ) ;
#4182 = LINE ( 'NONE', #4459, #3686 ) ;
#4183 = VECTOR ( 'NONE', #1582, 1000.000000000000000 ) ;
#4184 = EDGE_LOOP ( 'NONE', ( #2592, #3715, #3297, #484 ) ) ;
#4185 = AXIS2_PLACEMENT_3D ( 'NONE', #4304, #867, #3520 ) ;
#4186 = EDGE_CURVE ( 'NONE', #1113, #1045, #3429, .T. ) ;
#4187 = CARTESIAN_POINT ( 'NONE',  ( 5.000000000000000888, 9.999999999999998224, 0.000000000000000000 ) ) ;
#4188 = PLANE ( 'NONE',  #1375 ) ;
#4189 = CARTESIAN_POINT ( 'NONE',  ( 8.000000000000000000, -57.50000000000000000, 8.000000000000000000 ) ) ;
#4190 = LINE ( 'NONE', #1503, #2579 ) ;
#4191 = EDGE_CURVE ( 'NONE', #4139, #4449, #2153, .T. ) ;
#4192 = DIRECTION ( 'NONE',  ( 1.000000000000000000, 0.000000000000000000, 0.000000000000000000 ) ) ;
#4193 = LINE ( 'NONE', #4971, #2728 ) ;
#4194 = ORIENTED_EDGE ( 'NONE', *, *, #4937, .T. ) ;
#4195 = LINE ( 'NONE', #2981, #1290 ) ;
#4196 = CYLINDRICAL_SURFACE ( 'NONE', #3871, 5.000000000000000888 ) ;
#4197 = DIRECTION ( 'NONE',  ( 0.000000000000000000, 0.000000000000000000, 1.000000000000000000 ) ) ;
#4198 = CIRCLE ( 'NONE', #4515, 3.000000000000000444 ) ;
#4199 = APPLICATION_CONTEXT ( 'automotive_design' ) ;
#4200 = VECTOR ( 'NONE', #3893, 1000.000000000000000 ) ;
#4201 = CIRCLE ( 'NONE', #1684, 5.000000000000000888 ) ;
#4202 = VERTEX_POINT ( 'NONE', #1913 ) ;
#4203 = ADVANCED_FACE ( 'NONE', ( #3455 ), #3011, .F. ) ;
#4204 = ITEM_DEFINED_TRANSFORMATION ( 'NONE', 'NONE', #2640,  #951 ) ;
#4205 = AXIS2_PLACEMENT_3D ( 'NONE', #4496, #2574, #3684 ) ;
#4206 = PRODUCT ( 'Mechanical Gripper Final', 'Mechanical Gripper Final', '', ( #2582 ) ) ;
#4207 = ORIENTED_EDGE ( 'NONE', *, *, #2397, .F. ) ;
#4208 = CARTESIAN_POINT ( 'NONE',  ( 0.000000000000000000, 4.330127018922190096, -2.500000000000006217 ) ) ;
#4209 = DIRECTION ( 'NONE',  ( 1.000000000000000000, 0.000000000000000000, 0.000000000000000000 ) ) ;
#4210 = ORIENTED_EDGE ( 'NONE', *, *, #3143, .F. ) ;
#4211 = ADVANCED_FACE ( 'NONE', ( #2653 ), #1890, .F. ) ;
#4212 = ADVANCED_FACE ( 'NONE', ( #1247 ), #1172, .F. ) ;
#4213 = CARTESIAN_POINT ( 'NONE',  ( -3.499999999999999556, -49.89999999999999858, 8.000000000000000000 ) ) ;
#4214 = CARTESIAN_POINT ( 'NONE',  ( -5.000000000000000000, 2.886751345948128655, -0.4465819873852062694 ) ) ;
#4215 =( LENGTH_UNIT ( ) NAMED_UNIT ( * ) SI_UNIT ( .MILLI., .METRE. ) );
#4216 = DIRECTION ( 'NONE',  ( -0.000000000000000000, -0.000000000000000000, 1.000000000000000000 ) ) ;
#4217 = LINE ( 'NONE', #359, #2110 ) ;
#4218 = DIRECTION ( 'NONE',  ( -1.000000000000000000, -0.000000000000000000, -0.000000000000000000 ) ) ;
#4219 = VERTEX_POINT ( 'NONE', #2700 ) ;
#4220 = CARTESIAN_POINT ( 'NONE',  ( -0.8192951148925865512, 5.300482436767277150, -0.1983443223721595428 ) ) ;
#4221 = DIRECTION ( 'NONE',  ( 0.000000000000000000, 0.000000000000000000, 1.000000000000000000 ) ) ;
#4222 = CYLINDRICAL_SURFACE ( 'NONE', #2006, 5.000000000000000000 ) ;
#4223 = DIRECTION ( 'NONE',  ( -0.000000000000000000, -0.000000000000000000, 1.000000000000000000 ) ) ;
#4224 = ORIENTED_EDGE ( 'NONE', *, *, #1815, .F. ) ;
#4225 = SHAPE_REPRESENTATION ( 'Guide Pin', ( #951 ), #3298 ) ;
#4226 = EDGE_LOOP ( 'NONE', ( #1788, #2519, #3412, #1515 ) ) ;
#4227 = APPLICATION_PROTOCOL_DEFINITION ( 'draft international standard', 'automotive_design', 1998, #478 ) ;
#4228 = ORIENTED_EDGE ( 'NONE', *, *, #687, .T. ) ;
#4229 = DIRECTION ( 'NONE',  ( 1.000000000000000000, -0.000000000000000000, -0.000000000000000000 ) ) ;
#4230 = CARTESIAN_POINT ( 'NONE',  ( 5.000000000000000888, -4.000000000000003553, 1.000000000000000666 ) ) ;
#4231 = VERTEX_POINT ( 'NONE', #1225 ) ;
#4232 = CARTESIAN_POINT ( 'NONE',  ( 6.750000000000001776, 3.980102097228898231E-16, 0.000000000000000000 ) ) ;
#4233 = PLANE ( 'NONE',  #233 ) ;
#4234 = FACE_BOUND ( 'NONE', #4788, .T. ) ;
#4235 = DIRECTION ( 'NONE',  ( 0.000000000000000000, 0.000000000000000000, 1.000000000000000000 ) ) ;
#4236 = DIRECTION ( 'NONE',  ( -0.000000000000000000, -0.000000000000000000, -1.000000000000000000 ) ) ;
#4237 = CARTESIAN_POINT ( 'NONE',  ( -3.331662925866915587E-15, 4.452621892014634319, 2.287832656137188891 ) ) ;
#4238 = VERTEX_POINT ( 'NONE', #827 ) ;
#4239 = CARTESIAN_POINT ( 'NONE',  ( 3.499999999999999556, 2.886751345948122882, -5.000000000000000000 ) ) ;
#4240 = DIRECTION ( 'NONE',  ( -1.000000000000000000, 0.000000000000000000, -0.000000000000000000 ) ) ;
#4241 = DIRECTION ( 'NONE',  ( -0.000000000000000000, -0.000000000000000000, 1.000000000000000000 ) ) ;
#4242 = FACE_OUTER_BOUND ( 'NONE', #2776, .T. ) ;
#4243 = VERTEX_POINT ( 'NONE', #2030 ) ;
#4244 = B_SPLINE_CURVE_WITH_KNOTS ( 'NONE', 3,
 ( #84, #2404, #411, #3492, #3921, #1575, #816, #3639 ),
 .UNSPECIFIED., .F., .F.,
 ( 4, 2, 2, 4 ),
 ( 0.002921158011986717696, 0.003648658599403070517, 0.004376159186819423771, 0.005831160361652128546 ),
 .UNSPECIFIED. ) ;
#4245 = ORIENTED_EDGE ( 'NONE', *, *, #4702, .F. ) ;
#4246 = VECTOR ( 'NONE', #3271, 1000.000000000000114 ) ;
#4247 = AXIS2_PLACEMENT_3D ( 'NONE', #3421, #3403, #4144 ) ;
#4248 = AXIS2_PLACEMENT_3D ( 'NONE', #970, #2509, #488 ) ;
#4249 = ADVANCED_FACE ( 'NONE', ( #40 ), #3555, .F. ) ;
#4250 = ADVANCED_FACE ( 'NONE', ( #3500 ), #875, .F. ) ;
#4251 = ORIENTED_EDGE ( 'NONE', *, *, #2619, .F. ) ;
#4252 = FACE_OUTER_BOUND ( 'NONE', #235, .T. ) ;
#4253 = ORIENTED_EDGE ( 'NONE', *, *, #2151, .F. ) ;
#4254 = CARTESIAN_POINT ( 'NONE',  ( 3.499999999999999556, 0.000000000000000000, -5.000000000000000000 ) ) ;
#4255 = AXIS2_PLACEMENT_3D ( 'NONE', #1001, #2849, #2539 ) ;
#4256 = CARTESIAN_POINT ( 'NONE',  ( -9.999999999999998224, 1.301042606982605321E-15, -5.200000000000000178 ) ) ;
#4257 = DIRECTION ( 'NONE',  ( 0.000000000000000000, -1.000000000000000000, 0.000000000000000000 ) ) ;
#4258 = LINE ( 'NONE', #789, #4323 ) ;
#4259 = DIRECTION ( 'NONE',  ( -1.000000000000000000, -0.000000000000000000, -0.000000000000000000 ) ) ;
#4260 = DIRECTION ( 'NONE',  ( 1.000000000000000000, 0.000000000000000000, -0.000000000000000000 ) ) ;
#4261 = ADVANCED_FACE ( 'NONE', ( #474 ), #2886, .T. ) ;
#4262 = CARTESIAN_POINT ( 'NONE',  ( -34.92499999999994742, 7.347880794884119736E-16, -6.000000000000000000 ) ) ;
#4263 = AXIS2_PLACEMENT_3D ( 'NONE', #3851, #1577, #3113 ) ;
#4264 = ORIENTED_EDGE ( 'NONE', *, *, #4489, .F. ) ;
#4265 = CARTESIAN_POINT ( 'NONE',  ( -2.074714256722478112, 4.575665857285979854, -0.01055556052339007289 ) ) ;
#4266 = DIRECTION ( 'NONE',  ( -0.000000000000000000, -0.000000000000000000, -1.000000000000000000 ) ) ;
#4267 = DIRECTION ( 'NONE',  ( 0.000000000000000000, -1.000000000000000000, 0.000000000000000000 ) ) ;
#4268 = LINE ( 'NONE', #4678, #704 ) ;
#4269 = ORIENTED_EDGE ( 'NONE', *, *, #3503, .F. ) ;
#4270 = AXIS2_PLACEMENT_3D ( 'NONE', #4568, #4216, #671 ) ;
#4271 = VERTEX_POINT ( 'NONE', #1628 ) ;
#4272 = ITEM_DEFINED_TRANSFORMATION ( 'NONE', 'NONE', #65,  #951 ) ;
#4273 = VECTOR ( 'NONE', #3849, 1000.000000000000000 ) ;
#4274 = VECTOR ( 'NONE', #2943, 1000.000000000000000 ) ;
#4275 = EDGE_CURVE ( 'NONE', #4447, #1047, #3100, .T. ) ;
#4276 = VERTEX_POINT ( 'NONE', #1608 ) ;
#4277 = DIRECTION ( 'NONE',  ( -0.000000000000000000, -0.000000000000000000, 1.000000000000000000 ) ) ;
#4278 = AXIS2_PLACEMENT_3D ( 'NONE', #2965, #662, #4884 ) ;
#4279 = CONICAL_SURFACE ( 'NONE', #399, 2.445500000000000007, 0.7853981633974423948 ) ;
#4280 =( NAMED_UNIT ( * ) PLANE_ANGLE_UNIT ( ) SI_UNIT ( $, .RADIAN. ) );
#4281 = ORIENTED_EDGE ( 'NONE', *, *, #1948, .F. ) ;
#4282 = DIRECTION ( 'NONE',  ( -0.000000000000000000, -0.000000000000000000, 1.000000000000000000 ) ) ;
#4283 = DIRECTION ( 'NONE',  ( 0.000000000000000000, 0.000000000000000000, -1.000000000000000000 ) ) ;
#4284 =( NAMED_UNIT ( * ) PLANE_ANGLE_UNIT ( ) SI_UNIT ( $, .RADIAN. ) );
#4285 = DIRECTION ( 'NONE',  ( -0.000000000000000000, 1.000000000000000000, 2.168404344971012566E-16 ) ) ;
#4286 = CARTESIAN_POINT ( 'NONE',  ( 3.499999999999999556, -49.89999999999999858, 0.000000000000000000 ) ) ;
#4287 = CARTESIAN_POINT ( 'NONE',  ( 0.1983443223721582382, 5.300482436767278038, 0.8192951148925901039 ) ) ;
#4288 = ORIENTED_EDGE ( 'NONE', *, *, #2682, .F. ) ;
#4289 = EDGE_CURVE ( 'NONE', #1955, #4139, #4268, .T. ) ;
#4290 = DIRECTION ( 'NONE',  ( 0.000000000000000000, 0.000000000000000000, -1.000000000000000000 ) ) ;
#4291 = PLANE ( 'NONE',  #1037 ) ;
#4292 = DIRECTION ( 'NONE',  ( -0.8660254037844384856, -0.5000000000000002220, 0.000000000000000000 ) ) ;
#4293 = CARTESIAN_POINT ( 'NONE',  ( 1.301042606982605321E-15, 5.773502691896259975, -0.4465819873852062694 ) ) ;
#4294 = ORIENTED_EDGE ( 'NONE', *, *, #4345, .F. ) ;
#4295 = ORIENTED_EDGE ( 'NONE', *, *, #985, .T. ) ;
#4296 = APPLICATION_PROTOCOL_DEFINITION ( 'draft international standard', 'automotive_design', 1998, #218 ) ;
#4297 = ORIENTED_EDGE ( 'NONE', *, *, #4143, .F. ) ;
#4298 = ORIENTED_EDGE ( 'NONE', *, *, #4648, .T. ) ;
#4299 = DIRECTION ( 'NONE',  ( -1.000000000000000000, -0.000000000000000000, -0.000000000000000000 ) ) ;
#4300 = SURFACE_STYLE_USAGE ( .BOTH. , #3588 ) ;
#4301 = DIRECTION ( 'NONE',  ( -1.000000000000000000, -0.000000000000000000, -0.000000000000000000 ) ) ;
#4302 = DIRECTION ( 'NONE',  ( 1.000000000000000000, 0.000000000000000000, 0.000000000000000000 ) ) ;
#4303 = DIRECTION ( 'NONE',  ( 1.000000000000000000, 0.000000000000000000, 0.000000000000000000 ) ) ;
#4304 = CARTESIAN_POINT ( 'NONE',  ( 25.00000000000000000, -10.00000000000000178, 0.000000000000000000 ) ) ;
#4305 = ORIENTED_EDGE ( 'NONE', *, *, #3861, .F. ) ;
#4306 = EDGE_LOOP ( 'NONE', ( #660, #80, #1673, #4462, #1131, #3580 ) ) ;
#4307 = CARTESIAN_POINT ( 'NONE',  ( 54.99999999999997158, 59.99999999999999289, 8.000000000000000000 ) ) ;
#4308 = CARTESIAN_POINT ( 'NONE',  ( -6.749999999999997335, 0.000000000000000000, 0.000000000000000000 ) ) ;
#4309 = CARTESIAN_POINT ( 'NONE',  ( 3.499999999999999556, -2.886751345948121106, 4.999999999999999112 ) ) ;
#4310 = DIRECTION ( 'NONE',  ( 1.000000000000000000, 0.000000000000000000, 0.000000000000000000 ) ) ;
#4311 = EDGE_LOOP ( 'NONE', ( #4370, #2196, #97, #4851 ) ) ;
#4312 = VERTEX_POINT ( 'NONE', #2315 ) ;
#4313 = PLANE ( 'NONE',  #1017 ) ;
#4314 = ADVANCED_FACE ( 'NONE', ( #4242 ), #2341, .F. ) ;
#4315 = PRODUCT ( 'Connecting Link', 'Connecting Link', '', ( #1918 ) ) ;
#4316 = VECTOR ( 'NONE', #4649, 1000.000000000000000 ) ;
#4317 = ORIENTED_EDGE ( 'NONE', *, *, #1815, .T. ) ;
#4318 = EDGE_CURVE ( 'NONE', #3325, #3690, #4587, .T. ) ;
#4319 = CARTESIAN_POINT ( 'NONE',  ( 738.6611956910541039, 883.3284629546228643, 1323.493958478049763 ) ) ;
#4320 = CIRCLE ( 'NONE', #43, 3.250000000000000000 ) ;
#4321 = ORIENTED_EDGE ( 'NONE', *, *, #4918, .T. ) ;
#4322 = CARTESIAN_POINT ( 'NONE',  ( -7.000000000000000000, -39.07163168584969526, 5.000000000000000000 ) ) ;
#4323 = VECTOR ( 'NONE', #3875, 1000.000000000000000 ) ;
#4324 = CARTESIAN_POINT ( 'NONE',  ( 0.000000000000000000, 0.000000000000000000, 0.000000000000000000 ) ) ;
#4325 = CARTESIAN_POINT ( 'NONE',  ( 5.000000000000000888, 0.9828435001097615142, -0.04309034703445722286 ) ) ;
#4326 = PRESENTATION_STYLE_ASSIGNMENT (( #3244 ) ) ;
#4327 = CARTESIAN_POINT ( 'NONE',  ( 3.499999999999999556, 4.330127018922190985, 2.500000000000005329 ) ) ;
#4328 = EDGE_LOOP ( 'NONE', ( #3579, #3796, #3013, #3730 ) ) ;
#4329 = EDGE_CURVE ( 'NONE', #895, #1109, #2396, .T. ) ;
#4330 = ORIENTED_EDGE ( 'NONE', *, *, #3220, .T. ) ;
#4331 = CARTESIAN_POINT ( 'NONE',  ( 0.4465819873852007738, 2.886751345948124658, 5.000000000000000000 ) ) ;
#4332 = CARTESIAN_POINT ( 'NONE',  ( -43.25000000000002132, 19.99999999999999645, 0.000000000000000000 ) ) ;
#4333 = FACE_OUTER_BOUND ( 'NONE', #2270, .T. ) ;
#4334 = CARTESIAN_POINT ( 'NONE',  ( 3.499999999999999556, 0.000000000000000000, 5.000000000000000000 ) ) ;
#4335 = AXIS2_PLACEMENT_3D ( 'NONE', #2800, #3859, #4310 ) ;
#4336 = CARTESIAN_POINT ( 'NONE',  ( 4.250000000000000888, 5.999999999999996447, 1.000000000000000666 ) ) ;
#4337 = AXIS2_PLACEMENT_3D ( 'NONE', #4769, #2047, #2871 ) ;
#4338 = VERTEX_POINT ( 'NONE', #394 ) ;
#4339 = AXIS2_PLACEMENT_3D ( 'NONE', #1238, #35, #3095 ) ;
#4340 = ORIENTED_EDGE ( 'NONE', *, *, #3359, .T. ) ;
#4341 = DIRECTION ( 'NONE',  ( 0.000000000000000000, 0.000000000000000000, 1.000000000000000000 ) ) ;
#4342 = ITEM_DEFINED_TRANSFORMATION ( 'NONE', 'NONE', #4508,  #951 ) ;
#4343 = CLOSED_SHELL ( 'NONE', ( #2241, #1106, #2974, #2685, #372, #429, #348 ) ) ;
#4344 = CONICAL_SURFACE ( 'NONE', #550, 5.000000000000000000, 1.047197551196596521 ) ;
#4345 = EDGE_CURVE ( 'NONE', #3122, #1551, #782, .T. ) ;
#4346 = ORIENTED_EDGE ( 'NONE', *, *, #1844, .T. ) ;
#4347 = EDGE_CURVE ( 'NONE', #3998, #4377, #3121, .T. ) ;
#4348 = DIRECTION ( 'NONE',  ( -9.565052998968901671E-18, -6.637013214594737064E-16, 1.000000000000000000 ) ) ;
#4349 = AXIS2_PLACEMENT_3D ( 'NONE', #2182, #4541, #2232 ) ;
#4350 = AXIS2_PLACEMENT_3D ( 'NONE', #2220, #379, #4501 ) ;
#4351 = ORIENTED_EDGE ( 'NONE', *, *, #1996, .F. ) ;
#4352 = EDGE_CURVE ( 'NONE', #3909, #261, #2388, .T. ) ;
#4353 = CIRCLE ( 'NONE', #4523, 2.500000000000000000 ) ;
#4354 = DIRECTION ( 'NONE',  ( -0.000000000000000000, 0.000000000000000000, -1.000000000000000000 ) ) ;
#4355 = DIRECTION ( 'NONE',  ( 0.000000000000000000, 0.000000000000000000, -1.000000000000000000 ) ) ;
#4356 = PLANE ( 'NONE',  #2796 ) ;
#4357 = LINE ( 'NONE', #510, #1365 ) ;
#4358 = EDGE_LOOP ( 'NONE', ( #2007, #88, #1212, #896 ) ) ;
#4359 = EDGE_CURVE ( 'NONE', #1387, #380, #2752, .T. ) ;
#4360 = ORIENTED_EDGE ( 'NONE', *, *, #2864, .F. ) ;
#4361 = CARTESIAN_POINT ( 'NONE',  ( 0.000000000000000000, -39.07163168584969526, 5.000000000000000000 ) ) ;
#4362 = DIRECTION ( 'NONE',  ( 1.000000000000000000, -0.000000000000000000, -0.000000000000000000 ) ) ;
#4363 = DIRECTION ( 'NONE',  ( 1.000000000000000000, 0.000000000000000000, 0.000000000000000000 ) ) ;
#4364 = CARTESIAN_POINT ( 'NONE',  ( 3.469446951953614189E-15, 7.500000000000000000, 0.000000000000000000 ) ) ;
#4365 = PLANE ( 'NONE',  #3120 ) ;
#4366 = ORIENTED_EDGE ( 'NONE', *, *, #4191, .F. ) ;
#4367 = EDGE_LOOP ( 'NONE', ( #2888, #4098, #4178, #3103, #1105, #3088 ) ) ;
#4368 = CARTESIAN_POINT ( 'NONE',  ( -8.000000000000000000, 57.50000000000000000, 8.000000000000000000 ) ) ;
#4369 = CARTESIAN_POINT ( 'NONE',  ( 0.4465819873852001076, 2.886751345948122882, -5.000000000000000000 ) ) ;
#4370 = ORIENTED_EDGE ( 'NONE', *, *, #583, .F. ) ;
#4371 = VERTEX_POINT ( 'NONE', #4293 ) ;
#4372 = DIRECTION ( 'NONE',  ( -0.000000000000000000, -1.000000000000000000, -0.000000000000000000 ) ) ;
#4373 = PLANE ( 'NONE',  #1604 ) ;
#4374 = FACE_OUTER_BOUND ( 'NONE', #4888, .T. ) ;
#4375 = DIRECTION ( 'NONE',  ( -1.000000000000000000, -0.000000000000000000, -0.000000000000000000 ) ) ;
#4376 = DIRECTION ( 'NONE',  ( 1.000000000000000000, 0.000000000000000000, 0.000000000000000000 ) ) ;
#4377 = VERTEX_POINT ( 'NONE', #1980 ) ;
#4378 = VERTEX_POINT ( 'NONE', #3529 ) ;
#4379 = CIRCLE ( 'NONE', #1632, 3.000000000000000444 ) ;
#4380 = DIRECTION ( 'NONE',  ( -1.000000000000000000, 0.000000000000000000, 0.000000000000000000 ) ) ;
#4381 = CARTESIAN_POINT ( 'NONE',  ( -3.556264818047237597, -3.720292241887093621, -0.08165819712377134221 ) ) ;
#4382 = CARTESIAN_POINT ( 'NONE',  ( -3.637051568985924747E-15, 4.821944789745366222, -1.648146632869000427 ) ) ;
#4383 = EDGE_CURVE ( 'NONE', #830, #2973, #4180, .T. ) ;
#4384 = DIRECTION ( 'NONE',  ( 1.000000000000000000, 0.000000000000000000, 0.000000000000000000 ) ) ;
#4385 = DIRECTION ( 'NONE',  ( 0.000000000000000000, -1.000000000000000000, -1.445602896647339163E-16 ) ) ;
#4386 = VERTEX_POINT ( 'NONE', #3932 ) ;
#4387 = DIRECTION ( 'NONE',  ( 0.8660254037844382635, -0.5000000000000005551, 0.000000000000000000 ) ) ;
#4388 = LINE ( 'NONE', #1395, #1691 ) ;
#4389 = DIRECTION ( 'NONE',  ( 0.000000000000000000, 0.000000000000000000, 1.000000000000000000 ) ) ;
#4390 = ITEM_DEFINED_TRANSFORMATION ( 'NONE', 'NONE', #305,  #951 ) ;
#4391 = ORIENTED_EDGE ( 'NONE', *, *, #2071, .F. ) ;
#4392 = EDGE_CURVE ( 'NONE', #3475, #1656, #4821, .T. ) ;
#4393 = DIRECTION ( 'NONE',  ( 1.000000000000000000, 0.000000000000000000, 0.000000000000000000 ) ) ;
#4394 = UNCERTAINTY_MEASURE_WITH_UNIT (LENGTH_MEASURE( 1.000000000000000082E-05 ), #2514, 'distance_accuracy_value', 'NONE');
#4395 = EDGE_LOOP ( 'NONE', ( #902, #4524, #3146, #2727 ) ) ;
#4396 = EDGE_CURVE ( 'NONE', #4238, #1248, #2601, .T. ) ;
#4397 = EDGE_CURVE ( 'NONE', #3501, #17, #4770, .T. ) ;
#4398 = CARTESIAN_POINT ( 'NONE',  ( -4.999999999999999112, -10.00000000000000355, 0.000000000000000000 ) ) ;
#4399 = PRODUCT_DEFINITION_SHAPE ( 'NONE', 'NONE',  #5004 ) ;
#4400 = SURFACE_STYLE_FILL_AREA ( #2839 ) ;
#4401 = FACE_OUTER_BOUND ( 'NONE', #1877, .T. ) ;
#4402 = FACE_OUTER_BOUND ( 'NONE', #4306, .T. ) ;
#4403 = VECTOR ( 'NONE', #4946, 1000.000000000000000 ) ;
#4404 = DIRECTION ( 'NONE',  ( -0.000000000000000000, -0.000000000000000000, 1.000000000000000000 ) ) ;
#4405 = ORIENTED_EDGE ( 'NONE', *, *, #4030, .F. ) ;
#4406 = EDGE_CURVE ( 'NONE', #236, #940, #299, .T. ) ;
#4407 = ORIENTED_EDGE ( 'NONE', *, *, #4707, .T. ) ;
#4408 = AXIS2_PLACEMENT_3D ( 'NONE', #1215, #2671, #3491 ) ;
#4409 = EDGE_CURVE ( 'NONE', #849, #1387, #4825, .T. ) ;
#4410 = CARTESIAN_POINT ( 'NONE',  ( 0.000000000000000000, 0.000000000000000000, 0.000000000000000000 ) ) ;
#4411 = CARTESIAN_POINT ( 'NONE',  ( 4.250000000000000888, -2.602085213965210642E-15, 7.000000000000000000 ) ) ;
#4412 = DIRECTION ( 'NONE',  ( 1.000000000000000000, 0.000000000000000000, 0.000000000000000000 ) ) ;
#4413 = DIRECTION ( 'NONE',  ( 1.734723475976807094E-16, -1.000000000000000000, 0.000000000000000000 ) ) ;
#4414 = DIRECTION ( 'NONE',  ( 0.000000000000000000, 0.000000000000000000, -1.000000000000000000 ) ) ;
#4415 = AXIS2_PLACEMENT_3D ( 'NONE', #3942, #2446, #2427 ) ;
#4416 = AXIS2_PLACEMENT_3D ( 'NONE', #758, #3064, #3964 ) ;
#4417 = ORIENTED_EDGE ( 'NONE', *, *, #451, .F. ) ;
#4418 = PRODUCT_DEFINITION_FORMATION_WITH_SPECIFIED_SOURCE ( 'ANY', '', #1651, .NOT_KNOWN. ) ;
#4419 = VECTOR ( 'NONE', #4977, 1000.000000000000000 ) ;
#4420 = DIRECTION ( 'NONE',  ( 1.000000000000000000, 0.000000000000000000, -0.000000000000000000 ) ) ;
#4421 = CIRCLE ( 'NONE', #3854, 4.999999999999997335 ) ;
#4422 = CARTESIAN_POINT ( 'NONE',  ( -5.000000000000000000, 2.886751345948128655, -0.4465819873852062694 ) ) ;
#4423 = CARTESIAN_POINT ( 'NONE',  ( 0.000000000000000000, 0.000000000000000000, -25.03750572909317285 ) ) ;
#4424 = ADVANCED_FACE ( 'NONE', ( #518 ), #458, .T. ) ;
#4425 = PRESENTATION_LAYER_ASSIGNMENT (  '', '', ( #1271 ) ) ;
#4426 = ORIENTED_EDGE ( 'NONE', *, *, #4448, .F. ) ;
#4427 = CARTESIAN_POINT ( 'NONE',  ( -5.000000000000000000, 0.000000000000000000, 0.000000000000000000 ) ) ;
#4428 = DIRECTION ( 'NONE',  ( 1.000000000000000000, 0.000000000000000000, 0.000000000000000000 ) ) ;
#4429 = EDGE_CURVE ( 'NONE', #4500, #1825, #140, .T. ) ;
#4430 = ORIENTED_EDGE ( 'NONE', *, *, #4074, .T. ) ;
#4431 = ADVANCED_BREP_SHAPE_REPRESENTATION ( '', ( #3400, #951 ), #4909 ) ;
#4432 = DIRECTION ( 'NONE',  ( 1.000000000000000000, 0.000000000000000000, -0.000000000000000000 ) ) ;
#4433 = VECTOR ( 'NONE', #1150, 1000.000000000000000 ) ;
#4434 = PLANE ( 'NONE',  #2222 ) ;
#4435 = CARTESIAN_POINT ( 'NONE',  ( 4.000000000000000000, -5.773502691896264416, 0.000000000000000000 ) ) ;
#4436 = FACE_OUTER_BOUND ( 'NONE', #4972, .T. ) ;
#4437 = ORIENTED_EDGE ( 'NONE', *, *, #1798, .F. ) ;
#4438 = ORIENTED_EDGE ( 'NONE', *, *, #4392, .T. ) ;
#4439 = CIRCLE ( 'NONE', #4926, 5.000000000000000888 ) ;
#4440 = CIRCLE ( 'NONE', #1379, 2.000000000000000000 ) ;
#4441 = CARTESIAN_POINT ( 'NONE',  ( 5.000000000000000888, -5.000000000000001776, 1.000000000000000444 ) ) ;
#4442 = DIRECTION ( 'NONE',  ( 1.000000000000000000, -0.000000000000000000, -0.000000000000000000 ) ) ;
#4443 = LINE ( 'NONE', #189, #2323 ) ;
#4444 = FACE_OUTER_BOUND ( 'NONE', #4512, .T. ) ;
#4445 = CARTESIAN_POINT ( 'NONE',  ( 8.000000000000000000, 57.50000000000000000, 8.000000000000000000 ) ) ;
#4446 = AXIS2_PLACEMENT_3D ( 'NONE', #2934, #4853, #4420 ) ;
#4447 = VERTEX_POINT ( 'NONE', #595 ) ;
#4448 = EDGE_CURVE ( 'NONE', #3501, #3424, #2492, .T. ) ;
#4449 = VERTEX_POINT ( 'NONE', #2439 ) ;
#4450 = DIRECTION ( 'NONE',  ( 0.000000000000000000, 1.000000000000000000, 0.000000000000000000 ) ) ;
#4451 = DIRECTION ( 'NONE',  ( -0.000000000000000000, -0.000000000000000000, 1.000000000000000000 ) ) ;
#4452 = PRODUCT_DEFINITION_SHAPE ( 'NONE', 'NONE',  #4989 ) ;
#4453 = APPLICATION_CONTEXT ( 'automotive_design' ) ;
#4454 = ORIENTED_EDGE ( 'NONE', *, *, #3316, .T. ) ;
#4455 = UNCERTAINTY_MEASURE_WITH_UNIT (LENGTH_MEASURE( 1.000000000000000082E-05 ), #1405, 'distance_accuracy_value', 'NONE');
#4456 = VERTEX_POINT ( 'NONE', #3198 ) ;
#4457 = FACE_BOUND ( 'NONE', #2534, .T. ) ;
#4458 = LINE ( 'NONE', #609, #1448 ) ;
#4459 = CARTESIAN_POINT ( 'NONE',  ( 2.449999999999999289, 0.000000000000000000, -0.3851141460153411078 ) ) ;
#4460 = CARTESIAN_POINT ( 'NONE',  ( 3.000000000000000444, 0.000000000000000000, -5.200000000000000178 ) ) ;
#4461 = DIRECTION ( 'NONE',  ( 1.387778780781445182E-16, -1.000000000000000000, 0.000000000000000000 ) ) ;
#4462 = ORIENTED_EDGE ( 'NONE', *, *, #3042, .F. ) ;
#4463 = ORIENTED_EDGE ( 'NONE', *, *, #2166, .T. ) ;
#4464 = CIRCLE ( 'NONE', #341, 4.999999999999999112 ) ;
#4465 = LINE ( 'NONE', #617, #4751 ) ;
#4466 = PLANE ( 'NONE',  #2383 ) ;
#4467 = CARTESIAN_POINT ( 'NONE',  ( 0.1739375980333735527, 5.301268757141563093, -0.8179331680533001858 ) ) ;
#4468 = CARTESIAN_POINT ( 'NONE',  ( -0.8179331680533040716, -5.301268757141563981, -0.1739375980333762728 ) ) ;
#4469 = DIRECTION ( 'NONE',  ( -1.000000000000000000, 0.000000000000000000, 0.000000000000000000 ) ) ;
#4470 = ORIENTED_EDGE ( 'NONE', *, *, #2638, .F. ) ;
#4471 = EDGE_CURVE ( 'NONE', #41, #1438, #3628, .T. ) ;
#4472 = EDGE_CURVE ( 'NONE', #1518, #2106, #860, .T. ) ;
#4473 = LINE ( 'NONE', #547, #3147 ) ;
#4474 = CARTESIAN_POINT ( 'NONE',  ( 0.000000000000000000, -22.50000000000000000, 8.000000000000000000 ) ) ;
#4475 = DIRECTION ( 'NONE',  ( 0.000000000000000000, 0.000000000000000000, -1.000000000000000000 ) ) ;
#4476 = VERTEX_POINT ( 'NONE', #2077 ) ;
#4477 = EDGE_CURVE ( 'NONE', #2342, #1624, #1734, .T. ) ;
#4478 = DIRECTION ( 'NONE',  ( -3.675753366739206856E-36, 1.344142534911284669E-36, -1.000000000000000000 ) ) ;
#4479 = ORIENTED_EDGE ( 'NONE', *, *, #1567, .F. ) ;
#4480 = SURFACE_SIDE_STYLE ('',( #4860 ) ) ;
#4481 = CARTESIAN_POINT ( 'NONE',  ( 28.44549999999999557, 0.000000000000000000, 0.000000000000000000 ) ) ;
#4482 = FACE_OUTER_BOUND ( 'NONE', #835, .T. ) ;
#4483 = EDGE_LOOP ( 'NONE', ( #3557, #4752, #1919, #2895, #1136, #1545 ) ) ;
#4484 = EDGE_LOOP ( 'NONE', ( #1368, #161, #3096, #196 ) ) ;
#4485 = AXIS2_PLACEMENT_3D ( 'NONE', #3005, #3401, #241 ) ;
#4486 = CARTESIAN_POINT ( 'NONE',  ( -40.00000000000002132, 19.99999999999999645, 0.000000000000000000 ) ) ;
#4487 = LINE ( 'NONE', #4189, #4974 ) ;
#4488 = FACE_OUTER_BOUND ( 'NONE', #1631, .T. ) ;
#4489 = EDGE_CURVE ( 'NONE', #1646, #904, #4067, .T. ) ;
#4490 = LINE ( 'NONE', #2206, #3360 ) ;
#4491 = CARTESIAN_POINT ( 'NONE',  ( 3.469446951953614189E-15, -7.499999999999999112, 0.000000000000000000 ) ) ;
#4492 = ORIENTED_EDGE ( 'NONE', *, *, #2256, .T. ) ;
#4493 = CIRCLE ( 'NONE', #4408, 3.249999999999999556 ) ;
#4494 = ADVANCED_BREP_SHAPE_REPRESENTATION ( '', ( #4585, #951 ), #3298 ) ;
#4495 = DIRECTION ( 'NONE',  ( 1.000000000000000000, 0.000000000000000000, 0.000000000000000000 ) ) ;
#4496 = CARTESIAN_POINT ( 'NONE',  ( 3.469446951953614189E-15, 7.500000000000000000, 0.000000000000000000 ) ) ;
#4497 = DIRECTION ( 'NONE',  ( 1.000000000000000000, 0.000000000000000000, 0.000000000000000000 ) ) ;
#4498 = VECTOR ( 'NONE', #223, 1000.000000000000000 ) ;
#4499 = LINE ( 'NONE', #4933, #616 ) ;
#4500 = VERTEX_POINT ( 'NONE', #2518 ) ;
#4501 = DIRECTION ( 'NONE',  ( -1.000000000000000000, 0.000000000000000000, -0.000000000000000000 ) ) ;
#4502 = AXIS2_PLACEMENT_3D ( 'NONE', #2603, #1468, #344 ) ;
#4503 = ORIENTED_EDGE ( 'NONE', *, *, #25, .F. ) ;
#4504 =( NAMED_UNIT ( * ) SI_UNIT ( $, .STERADIAN. ) SOLID_ANGLE_UNIT ( ) );
#4505 = UNCERTAINTY_MEASURE_WITH_UNIT (LENGTH_MEASURE( 1.000000000000000082E-05 ), #266, 'distance_accuracy_value', 'NONE');
#4506 = ORIENTED_EDGE ( 'NONE', *, *, #239, .F. ) ;
#4507 = EDGE_CURVE ( 'NONE', #1656, #545, #2130, .T. ) ;
#4508 = AXIS2_PLACEMENT_3D ( 'NONE', #3392, #4938, #2195 ) ;
#4509 = PLANE ( 'NONE',  #2334 ) ;
#4510 = PLANE ( 'NONE',  #3540 ) ;
#4511 = LINE ( 'NONE', #2148, #121 ) ;
#4512 = EDGE_LOOP ( 'NONE', ( #1446, #3682, #4640, #3483 ) ) ;
#4513 = PRODUCT_DEFINITION ( 'UNKNOWN', '', #4418, #551 ) ;
#4514 = ORIENTED_EDGE ( 'NONE', *, *, #3301, .T. ) ;
#4515 = AXIS2_PLACEMENT_3D ( 'NONE', #2490, #2075, #3226 ) ;
#4516 = AXIS2_PLACEMENT_3D ( 'NONE', #2026, #3674, #1068 ) ;
#4517 = LINE ( 'NONE', #1018, #476 ) ;
#4518 = DIRECTION ( 'NONE',  ( 1.000000000000000000, 0.000000000000000000, -0.000000000000000000 ) ) ;
#4519 = CARTESIAN_POINT ( 'NONE',  ( 4.000000000000000000, 2.886751345948125103, 5.000000000000000000 ) ) ;
#4520 = CARTESIAN_POINT ( 'NONE',  ( 3.499999999999999556, -2.886751345948134873, -5.000000000000000000 ) ) ;
#4521 = EDGE_CURVE ( 'NONE', #2704, #4578, #1103, .T. ) ;
#4522 = CARTESIAN_POINT ( 'NONE',  ( 36.74999999999999289, 20.00000000000001066, 8.000000000000000000 ) ) ;
#4523 = AXIS2_PLACEMENT_3D ( 'NONE', #2668, #4282, #2300 ) ;
#4524 = ORIENTED_EDGE ( 'NONE', *, *, #4275, .F. ) ;
#4525 = CIRCLE ( 'NONE', #3309, 5.000000000000000000 ) ;
#4526 = AXIS2_PLACEMENT_3D ( 'NONE', #836, #4299, #3545 ) ;
#4527 = CARTESIAN_POINT ( 'NONE',  ( -5.000000000000000888, -1.936377641173856246, -0.1973691732449213976 ) ) ;
#4528 = DIRECTION ( 'NONE',  ( 1.000000000000000000, 0.000000000000000000, 0.000000000000000000 ) ) ;
#4529 = DIRECTION ( 'NONE',  ( -0.000000000000000000, -0.000000000000000000, -1.000000000000000000 ) ) ;
#4530 = ORIENTED_EDGE ( 'NONE', *, *, #1270, .T. ) ;
#4531 = CARTESIAN_POINT ( 'NONE',  ( 729.6134412351683523, 982.7472078032399168, 1323.493958478050445 ) ) ;
#4532 = ORIENTED_EDGE ( 'NONE', *, *, #606, .T. ) ;
#4533 = CARTESIAN_POINT ( 'NONE',  ( 4.250000000000000000, 0.000000000000000000, 0.000000000000000000 ) ) ;
#4534 = DIRECTION ( 'NONE',  ( 0.000000000000000000, 0.000000000000000000, -1.000000000000000000 ) ) ;
#4535 = CARTESIAN_POINT ( 'NONE',  ( 20.00000000000000355, -14.99999999999999467, 8.000000000000000000 ) ) ;
#4536 = CARTESIAN_POINT ( 'NONE',  ( 5.000000000000000888, -4.000000000000003553, 1.000000000000000666 ) ) ;
#4537 = ORIENTED_EDGE ( 'NONE', *, *, #2991, .T. ) ;
#4538 = EDGE_LOOP ( 'NONE', ( #2435, #2243, #4503 ) ) ;
#4539 = CYLINDRICAL_SURFACE ( 'NONE', #149, 3.250000000000000888 ) ;
#4540 = FACE_OUTER_BOUND ( 'NONE', #2454, .T. ) ;
#4541 = DIRECTION ( 'NONE',  ( 0.000000000000000000, 0.000000000000000000, -1.000000000000000000 ) ) ;
#4542 = DIRECTION ( 'NONE',  ( 1.000000000000000000, 0.000000000000000000, 0.000000000000000000 ) ) ;
#4543 = ADVANCED_FACE ( 'NONE', ( #2160 ), #3228, .F. ) ;
#4544 = CARTESIAN_POINT ( 'NONE',  ( 0.000000000000000000, 5.928368314150303853, 0.000000000000000000 ) ) ;
#4545 = ORIENTED_EDGE ( 'NONE', *, *, #837, .F. ) ;
#4546 = EDGE_CURVE ( 'NONE', #3232, #1220, #3704, .T. ) ;
#4547 = CARTESIAN_POINT ( 'NONE',  ( 0.000000000000000000, 3.200000000000000178, 0.000000000000000000 ) ) ;
#4548 = ADVANCED_FACE ( 'NONE', ( #1707 ), #4365, .F. ) ;
#4549 = DIRECTION ( 'NONE',  ( 1.000000000000000000, 0.000000000000000000, 0.000000000000000000 ) ) ;
#4550 = CARTESIAN_POINT ( 'NONE',  ( 0.000000000000000000, 0.000000000000000000, -25.03750572909317285 ) ) ;
#4551 = APPLICATION_CONTEXT ( 'automotive_design' ) ;
#4552 = ORIENTED_EDGE ( 'NONE', *, *, #401, .F. ) ;
#4553 = EDGE_LOOP ( 'NONE', ( #2843, #4814 ) ) ;
#4554 = DIRECTION ( 'NONE',  ( -0.3267036677208790540, -0.9451268240282494348, -2.433876901580567199E-23 ) ) ;
#4555 = EDGE_CURVE ( 'NONE', #633, #2411, #1517, .T. ) ;
#4556 = EDGE_LOOP ( 'NONE', ( #973, #2125 ) ) ;
#4557 = ADVANCED_FACE ( 'NONE', ( #724 ), #2647, .F. ) ;
#4558 = ADVANCED_BREP_SHAPE_REPRESENTATION ( '', ( #3319, #951 ), #2730 ) ;
#4559 = ORIENTED_EDGE ( 'NONE', *, *, #3721, .T. ) ;
#4560 = DIRECTION ( 'NONE',  ( 0.000000000000000000, 0.000000000000000000, -1.000000000000000000 ) ) ;
#4561 = CARTESIAN_POINT ( 'NONE',  ( -13.24999999999999645, 3.980102097228897245E-16, 0.000000000000000000 ) ) ;
#4562 = EDGE_CURVE ( 'NONE', #2325, #1132, #2231, .T. ) ;
#4563 = PRODUCT ( 'Gripper Base', 'Gripper Base', '', ( #1492 ) ) ;
#4564 = EDGE_CURVE ( 'NONE', #830, #4787, #4597, .T. ) ;
#4565 = ORIENTED_EDGE ( 'NONE', *, *, #4696, .T. ) ;
#4566 = SURFACE_SIDE_STYLE ('',( #3745 ) ) ;
#4567 = DIRECTION ( 'NONE',  ( -0.000000000000000000, 0.000000000000000000, -1.000000000000000000 ) ) ;
#4568 = CARTESIAN_POINT ( 'NONE',  ( 0.000000000000000000, 0.000000000000000000, -4.700000000000000178 ) ) ;
#4569 = EDGE_CURVE ( 'NONE', #87, #1491, #2559, .T. ) ;
#4570 = CARTESIAN_POINT ( 'NONE',  ( -2.500000000000002220, -4.330127018922192761, 0.000000000000000000 ) ) ;
#4571 = ORIENTED_EDGE ( 'NONE', *, *, #2715, .F. ) ;
#4572 = CIRCLE ( 'NONE', #3913, 3.250000000000000444 ) ;
#4573 = EDGE_CURVE ( 'NONE', #2296, #1101, #3203, .T. ) ;
#4574 = CARTESIAN_POINT ( 'NONE',  ( -54.82069240682337607, 60.00000000000002132, 8.000000000000000000 ) ) ;
#4575 = CARTESIAN_POINT ( 'NONE',  ( 29.58257569495584605, 60.00000000000000711, 0.000000000000000000 ) ) ;
#4576 = DIRECTION ( 'NONE',  ( -0.000000000000000000, -0.000000000000000000, 1.000000000000000000 ) ) ;
#4577 = PRESENTATION_LAYER_ASSIGNMENT (  '', '', ( #1088 ) ) ;
#4578 = VERTEX_POINT ( 'NONE', #4522 ) ;
#4579 = AXIS2_PLACEMENT_3D ( 'NONE', #2692, #4301, #3823 ) ;
#4580 = ORIENTED_EDGE ( 'NONE', *, *, #4940, .F. ) ;
#4581 = EDGE_CURVE ( 'NONE', #1258, #1845, #3845, .T. ) ;
#4582 = EDGE_CURVE ( 'NONE', #1825, #4824, #4104, .T. ) ;
#4583 = ITEM_DEFINED_TRANSFORMATION ( 'NONE', 'NONE', #4822,  #951 ) ;
#4584 = AXIS2_PLACEMENT_3D ( 'NONE', #522, #1396, #2054 ) ;
#4585 = MANIFOLD_SOLID_BREP ( 'Boss-Extrude1', #403 ) ;
#4586 = ORIENTED_EDGE ( 'NONE', *, *, #2139, .F. ) ;
#4587 = CIRCLE ( 'NONE', #3045, 4.999999999999999112 ) ;
#4588 = CARTESIAN_POINT ( 'NONE',  ( 4.250000000000000888, -5.000000000000001776, 1.000000000000000444 ) ) ;
#4589 = CARTESIAN_POINT ( 'NONE',  ( 5.000000000000000888, -10.00000000000000178, 8.000000000000000000 ) ) ;
#4590 = ORIENTED_EDGE ( 'NONE', *, *, #2630, .F. ) ;
#4591 = AXIS2_PLACEMENT_3D ( 'NONE', #4624, #86, #4716 ) ;
#4592 = CARTESIAN_POINT ( 'NONE',  ( 5.000000000000000000, 2.886751345948126879, -4.699999999999999289 ) ) ;
#4593 = CARTESIAN_POINT ( 'NONE',  ( 0.000000000000000000, 0.000000000000000000, 0.000000000000000000 ) ) ;
#4594 = CYLINDRICAL_SURFACE ( 'NONE', #4896, 5.000000000000000888 ) ;
#4595 = CARTESIAN_POINT ( 'NONE',  ( -19.99999999999999645, 15.00000000000000000, 8.000000000000000000 ) ) ;
#4596 = DIRECTION ( 'NONE',  ( 0.000000000000000000, 0.000000000000000000, 1.000000000000000000 ) ) ;
#4597 = LINE ( 'NONE', #3749, #538 ) ;
#4598 = ORIENTED_EDGE ( 'NONE', *, *, #1354, .F. ) ;
#4599 = VECTOR ( 'NONE', #3327, 1000.000000000000000 ) ;
#4600 = VECTOR ( 'NONE', #167, 1000.000000000000000 ) ;
#4601 = CARTESIAN_POINT ( 'NONE',  ( -59.71967189238973361, -60.00000000000000711, 4.000000000000000000 ) ) ;
#4602 = CARTESIAN_POINT ( 'NONE',  ( 3.499999999999999556, -21.89999999999999503, 0.000000000000000000 ) ) ;
#4603 = FACE_OUTER_BOUND ( 'NONE', #2648, .T. ) ;
#4604 = DIRECTION ( 'NONE',  ( -0.000000000000000000, -0.000000000000000000, 1.000000000000000000 ) ) ;
#4605 = CIRCLE ( 'NONE', #2820, 3.250000000000002665 ) ;
#4606 = CIRCLE ( 'NONE', #2168, 3.250000000000000888 ) ;
#4607 = ORIENTED_EDGE ( 'NONE', *, *, #4856, .F. ) ;
#4608 = AXIS2_PLACEMENT_3D ( 'NONE', #3803, #4968, #3824 ) ;
#4609 = VECTOR ( 'NONE', #3661, 1000.000000000000000 ) ;
#4610 = VERTEX_POINT ( 'NONE', #4120 ) ;
#4611 = PRODUCT_CONTEXT ( 'NONE', #4199, 'mechanical' ) ;
#4612 = PRODUCT_DEFINITION_CONTEXT ( 'detailed design', #2278, 'design' ) ;
#4613 = EDGE_LOOP ( 'NONE', ( #3256, #387, #3106 ) ) ;
#4614 = DIRECTION ( 'NONE',  ( -1.000000000000000000, -0.000000000000000000, -0.000000000000000000 ) ) ;
#4615 = DIRECTION ( 'NONE',  ( 0.000000000000000000, 0.000000000000000000, 1.000000000000000000 ) ) ;
#4616 = SHAPE_REPRESENTATION_RELATIONSHIP ( 'NONE' , 'NONE' ,  #2463, #3102 ) ;
#4617 = ORIENTED_EDGE ( 'NONE', *, *, #4429, .F. ) ;
#4618 = APPLICATION_CONTEXT ( 'automotive_design' ) ;
#4619 = FACE_OUTER_BOUND ( 'NONE', #340, .T. ) ;
#4620 = CARTESIAN_POINT ( 'NONE',  ( -3.249999999999996447, 7.500000000000000000, 8.000000000000000000 ) ) ;
#4621 = CARTESIAN_POINT ( 'NONE',  ( 5.000000000000000888, 8.000000000000000000, 8.000000000000000000 ) ) ;
#4622 = FACE_OUTER_BOUND ( 'NONE', #1754, .T. ) ;
#4623 = DIRECTION ( 'NONE',  ( 0.000000000000000000, 0.000000000000000000, -1.000000000000000000 ) ) ;
#4624 = CARTESIAN_POINT ( 'NONE',  ( 0.000000000000000000, -39.07163168584969526, 5.000000000000000000 ) ) ;
#4625 = AXIS2_PLACEMENT_3D ( 'NONE', #1643, #1267, #2791 ) ;
#4626 = ORIENTED_EDGE ( 'NONE', *, *, #3755, .F. ) ;
#4627 = PLANE ( 'NONE',  #3754 ) ;
#4628 = CARTESIAN_POINT ( 'NONE',  ( 3.499999999999999556, 5.000000000000000000, 0.000000000000000000 ) ) ;
#4629 = CARTESIAN_POINT ( 'NONE',  ( -8.000000000000000000, -57.50000000000000000, 0.000000000000000000 ) ) ;
#4630 = CARTESIAN_POINT ( 'NONE',  ( 4.250000000000000888, 5.999999999999996447, 7.000000000000000000 ) ) ;
#4631 = ORIENTED_EDGE ( 'NONE', *, *, #3642, .T. ) ;
#4632 = ADVANCED_FACE ( 'NONE', ( #1464 ), #1027, .F. ) ;
#4633 = EDGE_CURVE ( 'NONE', #3743, #4134, #3729, .T. ) ;
#4634 = ORIENTED_EDGE ( 'NONE', *, *, #4852, .T. ) ;
#4635 = PRODUCT_CONTEXT ( 'NONE', #148, 'mechanical' ) ;
#4636 = ADVANCED_FACE ( 'NONE', ( #1884 ), #1072, .T. ) ;
#4637 = ORIENTED_EDGE ( 'NONE', *, *, #2319, .F. ) ;
#4638 = LINE ( 'NONE', #351, #4200 ) ;
#4639 = SHAPE_REPRESENTATION_RELATIONSHIP ( 'NONE' , 'NONE' ,  #2272, #1478 ) ;
#4640 = ORIENTED_EDGE ( 'NONE', *, *, #198, .T. ) ;
#4641 = DIRECTION ( 'NONE',  ( 1.000000000000000000, 0.000000000000000000, -0.000000000000000000 ) ) ;
#4642 = CYLINDRICAL_SURFACE ( 'NONE', #879, 2.000000000000000000 ) ;
#4643 = PLANE ( 'NONE',  #452 ) ;
#4644 = DIRECTION ( 'NONE',  ( -0.5000000000000003331, 0.8660254037844385966, 0.000000000000000000 ) ) ;
#4645 = DIRECTION ( 'NONE',  ( -4.956352788505161542E-17, -1.000000000000000000, -0.000000000000000000 ) ) ;
#4646 = CARTESIAN_POINT ( 'NONE',  ( 5.000000000000000888, 5.999999999999996447, 7.000000000000000000 ) ) ;
#4647 = ORIENTED_EDGE ( 'NONE', *, *, #3301, .F. ) ;
#4648 = EDGE_CURVE ( 'NONE', #3791, #3863, #4193, .T. ) ;
#4649 = DIRECTION ( 'NONE',  ( 0.000000000000000000, 0.000000000000000000, 1.000000000000000000 ) ) ;
#4650 = DIRECTION ( 'NONE',  ( -1.000000000000000000, -0.000000000000000000, -0.000000000000000000 ) ) ;
#4651 = CARTESIAN_POINT ( 'NONE',  ( 5.000000000000000888, 0.9999999999999965583, 1.000000000000000666 ) ) ;
#4652 = CARTESIAN_POINT ( 'NONE',  ( -4.999999999999999112, -10.00000000000000355, 8.000000000000000000 ) ) ;
#4653 = ORIENTED_EDGE ( 'NONE', *, *, #2192, .T. ) ;
#4654 = ORIENTED_EDGE ( 'NONE', *, *, #1354, .T. ) ;
#4655 = MECHANICAL_DESIGN_GEOMETRIC_PRESENTATION_REPRESENTATION (  '', ( #1897 ), #3511 ) ;
#4656 = AXIS2_PLACEMENT_3D ( 'NONE', #3728, #1806, #3351 ) ;
#4657 = VECTOR ( 'NONE', #1012, 1000.000000000000000 ) ;
#4658 = ORIENTED_EDGE ( 'NONE', *, *, #3434, .F. ) ;
#4659 = CYLINDRICAL_SURFACE ( 'NONE', #1774, 3.249999999999999556 ) ;
#4660 =( GEOMETRIC_REPRESENTATION_CONTEXT ( 3 ) GLOBAL_UNCERTAINTY_ASSIGNED_CONTEXT ( ( #2015 ) ) GLOBAL_UNIT_ASSIGNED_CONTEXT ( ( #2706, #3132, #4687 ) ) REPRESENTATION_CONTEXT ( 'NONE', 'WORKASPACE' ) );
#4661 = CIRCLE ( 'NONE', #3601, 2.500000000000000000 ) ;
#4662 = ORIENTED_EDGE ( 'NONE', *, *, #1717, .T. ) ;
#4663 = EDGE_CURVE ( 'NONE', #3122, #5, #2952, .T. ) ;
#4664 = VECTOR ( 'NONE', #1202, 1000.000000000000000 ) ;
#4665 = VECTOR ( 'NONE', #444, 1000.000000000000000 ) ;
#4666 = CARTESIAN_POINT ( 'NONE',  ( -29.58257569495585315, -10.00000000000000888, 5.000000000000000000 ) ) ;
#4667 = CARTESIAN_POINT ( 'NONE',  ( 3.499999999999999556, -21.89999999999999503, 0.000000000000000000 ) ) ;
#4668 = SURFACE_SIDE_STYLE ('',( #3443 ) ) ;
#4669 = DIRECTION ( 'NONE',  ( -0.000000000000000000, -0.000000000000000000, -1.000000000000000000 ) ) ;
#4670 = PRODUCT_RELATED_PRODUCT_CATEGORY ( 'part', '', ( #4206 ) ) ;
#4671 = CARTESIAN_POINT ( 'NONE',  ( 4.250000000000000000, 0.000000000000000000, 0.000000000000000000 ) ) ;
#4672 = FACE_BOUND ( 'NONE', #3352, .T. ) ;
#4673 = ORIENTED_EDGE ( 'NONE', *, *, #3797, .F. ) ;
#4674 = AXIS2_PLACEMENT_3D ( 'NONE', #197, #3161, #2785 ) ;
#4675 = DIRECTION ( 'NONE',  ( 0.000000000000000000, 0.000000000000000000, -1.000000000000000000 ) ) ;
#4676 = CARTESIAN_POINT ( 'NONE',  ( 3.250000000000003109, 7.500000000000000000, 0.000000000000000000 ) ) ;
#4677 = CARTESIAN_POINT ( 'NONE',  ( 4.250000000000000888, 4.999999999999997335, 7.000000000000000000 ) ) ;
#4678 = CARTESIAN_POINT ( 'NONE',  ( 59.89897948556634333, 8.072010533499326918E-15, 4.000000000000000000 ) ) ;
#4679 = ORIENTED_EDGE ( 'NONE', *, *, #4729, .T. ) ;
#4680 = VECTOR ( 'NONE', #2594, 1000.000000000000000 ) ;
#4681 = VERTEX_POINT ( 'NONE', #1435 ) ;
#4682 = MECHANICAL_DESIGN_GEOMETRIC_PRESENTATION_REPRESENTATION (  '', ( #4754 ), #3623 ) ;
#4683 = CONTEXT_DEPENDENT_SHAPE_REPRESENTATION ( #2542, #3681 ) ;
#4684 = VECTOR ( 'NONE', #3107, 1000.000000000000000 ) ;
#4685 = EDGE_LOOP ( 'NONE', ( #280, #4797, #3594, #843, #2364, #3115 ) ) ;
#4686 = AXIS2_PLACEMENT_3D ( 'NONE', #3263, #1777, #1062 ) ;
#4687 =( NAMED_UNIT ( * ) SI_UNIT ( $, .STERADIAN. ) SOLID_ANGLE_UNIT ( ) );
#4688 = ORIENTED_EDGE ( 'NONE', *, *, #2384, .F. ) ;
#4689 = DIRECTION ( 'NONE',  ( -0.000000000000000000, -0.000000000000000000, 1.000000000000000000 ) ) ;
#4690 = DIRECTION ( 'NONE',  ( -1.000000000000000000, -0.000000000000000000, -0.000000000000000000 ) ) ;
#4691 = DIRECTION ( 'NONE',  ( -1.000000000000000000, -1.301042606982605321E-16, 0.000000000000000000 ) ) ;
#4692 = DIRECTION ( 'NONE',  ( -0.000000000000000000, -0.000000000000000000, 1.000000000000000000 ) ) ;
#4693 = CARTESIAN_POINT ( 'NONE',  ( -5.000000000000000888, 6.123233995736767268E-16, -5.200000000000000178 ) ) ;
#4694 = ORIENTED_EDGE ( 'NONE', *, *, #952, .T. ) ;
#4695 = EDGE_LOOP ( 'NONE', ( #613, #1153, #731, #1495, #2918, #3954 ) ) ;
#4696 = EDGE_CURVE ( 'NONE', #3278, #3909, #16, .T. ) ;
#4697 = CARTESIAN_POINT ( 'NONE',  ( 0.000000000000000000, 15.77350269189625820, -4.699999999999999289 ) ) ;
#4698 = CARTESIAN_POINT ( 'NONE',  ( -3.250000000000000000, -22.50000000000000000, 0.000000000000000000 ) ) ;
#4699 = CARTESIAN_POINT ( 'NONE',  ( 36.74999999999999289, 20.00000000000001066, 0.000000000000000000 ) ) ;
#4700 = DIRECTION ( 'NONE',  ( -0.000000000000000000, -0.000000000000000000, 1.000000000000000000 ) ) ;
#4701 = ORIENTED_EDGE ( 'NONE', *, *, #360, .T. ) ;
#4702 = EDGE_CURVE ( 'NONE', #3909, #2667, #361, .T. ) ;
#4703 = EDGE_CURVE ( 'NONE', #2771, #4007, #3047, .T. ) ;
#4704 = ORIENTED_EDGE ( 'NONE', *, *, #1868, .T. ) ;
#4705 = DIRECTION ( 'NONE',  ( 1.000000000000000000, 0.000000000000000000, 0.000000000000000000 ) ) ;
#4706 = EDGE_LOOP ( 'NONE', ( #333, #3622, #4454, #3990, #2291, #4701, #3260, #811 ) ) ;
#4707 = EDGE_CURVE ( 'NONE', #2098, #162, #2350, .T. ) ;
#4708 = CARTESIAN_POINT ( 'NONE',  ( 702.6134412343791382, 846.7061881403437837, 1307.493958478049763 ) ) ;
#4709 = APPLICATION_CONTEXT ( 'automotive_design' ) ;
#4710 = ORIENTED_EDGE ( 'NONE', *, *, #1568, .F. ) ;
#4711 = DIRECTION ( 'NONE',  ( 1.000000000000000000, 0.000000000000000000, 0.000000000000000000 ) ) ;
#4712 = DIRECTION ( 'NONE',  ( -1.000000000000000000, 0.000000000000000000, 0.000000000000000000 ) ) ;
#4713 = CARTESIAN_POINT ( 'NONE',  ( 10.00000000000000178, 0.000000000000000000, 8.000000000000000000 ) ) ;
#4714 = DIRECTION ( 'NONE',  ( -0.000000000000000000, -0.000000000000000000, 1.000000000000000000 ) ) ;
#4715 = CARTESIAN_POINT ( 'NONE',  ( -5.000000000000000000, -2.886751345948131320, -0.4465819873852062694 ) ) ;
#4716 = DIRECTION ( 'NONE',  ( 1.000000000000000000, 0.000000000000000000, 0.000000000000000000 ) ) ;
#4717 = EDGE_LOOP ( 'NONE', ( #2372, #4245, #3038, #2718 ) ) ;
#4718 = ORIENTED_EDGE ( 'NONE', *, *, #1328, .T. ) ;
#4719 = CARTESIAN_POINT ( 'NONE',  ( -3.000000000000000444, 0.000000000000000000, 16.00000000000000000 ) ) ;
#4720 = CARTESIAN_POINT ( 'NONE',  ( 2.500000000000000888, -4.330127018922193649, 0.000000000000000000 ) ) ;
#4721 = DIRECTION ( 'NONE',  ( 0.000000000000000000, 1.000000000000000000, 0.000000000000000000 ) ) ;
#4722 = DIRECTION ( 'NONE',  ( 1.000000000000000000, 0.000000000000000000, -0.000000000000000000 ) ) ;
#4723 = VERTEX_POINT ( 'NONE', #4327 ) ;
#4724 = EDGE_CURVE ( 'NONE', #4007, #2771, #3440, .T. ) ;
#4725 = ORIENTED_EDGE ( 'NONE', *, *, #4521, .T. ) ;
#4726 = DIRECTION ( 'NONE',  ( 1.000000000000000000, 0.000000000000000000, 0.000000000000000000 ) ) ;
#4727 = EDGE_CURVE ( 'NONE', #1248, #4243, #1869, .T. ) ;
#4728 = VERTEX_POINT ( 'NONE', #4646 ) ;
#4729 = EDGE_CURVE ( 'NONE', #3246, #3998, #1165, .T. ) ;
#4730 = ORIENTED_EDGE ( 'NONE', *, *, #823, .T. ) ;
#4731 = LINE ( 'NONE', #4322, #645 ) ;
#4732 = LINE ( 'NONE', #461, #3060 ) ;
#4733 = DIRECTION ( 'NONE',  ( 1.000000000000000000, 0.000000000000000000, 0.000000000000000000 ) ) ;
#4734 = CARTESIAN_POINT ( 'NONE',  ( 3.499999999999999556, 0.000000000000000000, 0.000000000000000000 ) ) ;
#4735 = LINE ( 'NONE', #2863, #3374 ) ;
#4736 = ORIENTED_EDGE ( 'NONE', *, *, #1484, .T. ) ;
#4737 = ORIENTED_EDGE ( 'NONE', *, *, #4347, .T. ) ;
#4738 = AXIS2_PLACEMENT_3D ( 'NONE', #3050, #4604, #418 ) ;
#4739 = CARTESIAN_POINT ( 'NONE',  ( 5.000000000000000000, 2.886751345948126879, -4.699999999999999289 ) ) ;
#4740 = DIRECTION ( 'NONE',  ( 1.000000000000000000, 0.000000000000000000, 0.000000000000000000 ) ) ;
#4741 = LINE ( 'NONE', #1560, #3133 ) ;
#4742 = PLANE ( 'NONE',  #4008 ) ;
#4743 = MECHANICAL_DESIGN_GEOMETRIC_PRESENTATION_REPRESENTATION (  '', ( #1271 ), #4906 ) ;
#4744 = CARTESIAN_POINT ( 'NONE',  ( -30.00000000000001421, 60.00000000000001421, 3.000000000000000000 ) ) ;
#4745 = ORIENTED_EDGE ( 'NONE', *, *, #3089, .F. ) ;
#4746 = ORIENTED_EDGE ( 'NONE', *, *, #2294, .F. ) ;
#4747 = CARTESIAN_POINT ( 'NONE',  ( 0.000000000000000000, 0.000000000000000000, -5.174599999999998090 ) ) ;
#4748 = LINE ( 'NONE', #3910, #4823 ) ;
#4749 = CONTEXT_DEPENDENT_SHAPE_REPRESENTATION ( #2111, #2464 ) ;
#4750 = AXIS2_PLACEMENT_3D ( 'NONE', #2046, #1327, #4412 ) ;
#4751 = VECTOR ( 'NONE', #2154, 1000.000000000000000 ) ;
#4752 = ORIENTED_EDGE ( 'NONE', *, *, #525, .T. ) ;
#4753 = AXIS2_PLACEMENT_3D ( 'NONE', #3917, #2063, #1990 ) ;
#4754 = STYLED_ITEM ( 'NONE', ( #1040 ), #1715 ) ;
#4755 = UNCERTAINTY_MEASURE_WITH_UNIT (LENGTH_MEASURE( 1.000000000000000082E-05 ), #3751, 'distance_accuracy_value', 'NONE');
#4756 = ORIENTED_EDGE ( 'NONE', *, *, #2365, .F. ) ;
#4757 = ADVANCED_FACE ( 'NONE', ( #413 ), #2717, .F. ) ;
#4758 = AXIS2_PLACEMENT_3D ( 'NONE', #1234, #3950, #2788 ) ;
#4759 = LINE ( 'NONE', #2450, #2171 ) ;
#4760 = FACE_OUTER_BOUND ( 'NONE', #3016, .T. ) ;
#4761 = CARTESIAN_POINT ( 'NONE',  ( -3.000000000000000444, 0.000000000000000000, -5.174599999999998090 ) ) ;
#4762 = PLANE ( 'NONE',  #4789 ) ;
#4763 = CARTESIAN_POINT ( 'NONE',  ( 4.000000000000000000, 6.123233995736766282E-16, -5.000000000000000000 ) ) ;
#4764 = ORIENTED_EDGE ( 'NONE', *, *, #3082, .T. ) ;
#4765 = VERTEX_POINT ( 'NONE', #1954 ) ;
#4766 = CARTESIAN_POINT ( 'NONE',  ( 0.000000000000000000, 0.000000000000000000, 0.000000000000000000 ) ) ;
#4767 = LINE ( 'NONE', #515, #2875 ) ;
#4768 = CARTESIAN_POINT ( 'NONE',  ( 55.00000000000000000, -59.99999999999999289, 5.000000000000000000 ) ) ;
#4769 = CARTESIAN_POINT ( 'NONE',  ( 4.000000000000000000, -2.886751345948134873, -5.000000000000000000 ) ) ;
#4770 = LINE ( 'NONE', #3600, #1437 ) ;
#4771 = EDGE_LOOP ( 'NONE', ( #414, #4295, #431, #2249, #1947, #888 ) ) ;
#4772 = CARTESIAN_POINT ( 'NONE',  ( 5.000000000000000888, -4.000000000000003553, 7.000000000000000000 ) ) ;
#4773 = CARTESIAN_POINT ( 'NONE',  ( 10.00000000000000178, 0.000000000000000000, 0.000000000000000000 ) ) ;
#4774 = CARTESIAN_POINT ( 'NONE',  ( 3.499999999999999556, 5.000000000000000000, 0.000000000000000000 ) ) ;
#4775 = EDGE_CURVE ( 'NONE', #1491, #4007, #2744, .T. ) ;
#4776 = ADVANCED_FACE ( 'NONE', ( #59 ), #793, .F. ) ;
#4777 = ITEM_DEFINED_TRANSFORMATION ( 'NONE', 'NONE', #2570,  #951 ) ;
#4778 = ORIENTED_EDGE ( 'NONE', *, *, #1033, .T. ) ;
#4779 = ADVANCED_FACE ( 'NONE', ( #3902, #4672, #820 ), #2357, .F. ) ;
#4780 = VERTEX_POINT ( 'NONE', #4693 ) ;
#4781 = EDGE_CURVE ( 'NONE', #1656, #3001, #1535, .T. ) ;
#4782 = LINE ( 'NONE', #3163, #3870 ) ;
#4783 = CARTESIAN_POINT ( 'NONE',  ( 0.4465819873849485866, -2.886751345948518566, -5.000000000000000000 ) ) ;
#4784 = CARTESIAN_POINT ( 'NONE',  ( 3.000000000000001332, -10.00000000000000178, 8.000000000000000000 ) ) ;
#4785 =( NAMED_UNIT ( * ) PLANE_ANGLE_UNIT ( ) SI_UNIT ( $, .RADIAN. ) );
#4786 = CARTESIAN_POINT ( 'NONE',  ( 0.01055556052338909624, -4.084588180558400339, 2.925285743277528994 ) ) ;
#4787 = VERTEX_POINT ( 'NONE', #437 ) ;
#4788 = EDGE_LOOP ( 'NONE', ( #536, #2905 ) ) ;
#4789 = AXIS2_PLACEMENT_3D ( 'NONE', #1724, #3167, #2483 ) ;
#4790 = CARTESIAN_POINT ( 'NONE',  ( 3.499999999999999556, 0.000000000000000000, 0.000000000000000000 ) ) ;
#4791 = CARTESIAN_POINT ( 'NONE',  ( -3.346878500200756612, -3.841181488860381688, -0.05140428708382844408 ) ) ;
#4792 = PLANE ( 'NONE',  #2000 ) ;
#4793 = CARTESIAN_POINT ( 'NONE',  ( 4.000000000000000000, 2.886751345948125103, 5.000000000000000000 ) ) ;
#4794 = CARTESIAN_POINT ( 'NONE',  ( 10.00000000000000178, 0.000000000000000000, 0.000000000000000000 ) ) ;
#4795 = VECTOR ( 'NONE', #1750, 1000.000000000000000 ) ;
#4796 = ORIENTED_EDGE ( 'NONE', *, *, #2759, .T. ) ;
#4797 = ORIENTED_EDGE ( 'NONE', *, *, #4944, .T. ) ;
#4798 = CARTESIAN_POINT ( 'NONE',  ( -3.250000000000000888, -47.50000000000000000, 8.000000000000000000 ) ) ;
#4799 = EDGE_CURVE ( 'NONE', #885, #1585, #2769, .T. ) ;
#4800 = DIRECTION ( 'NONE',  ( -4.956352788505162775E-17, -1.000000000000000000, 0.000000000000000000 ) ) ;
#4801 = APPLICATION_CONTEXT ( 'automotive_design' ) ;
#4802 = ORIENTED_EDGE ( 'NONE', *, *, #1752, .T. ) ;
#4803 = CARTESIAN_POINT ( 'NONE',  ( 2.500000000000000888, -4.330127018922193649, 0.000000000000000000 ) ) ;
#4804 = ORIENTED_EDGE ( 'NONE', *, *, #2614, .F. ) ;
#4805 = DIRECTION ( 'NONE',  ( 1.000000000000000000, 0.000000000000000000, -0.000000000000000000 ) ) ;
#4806 = PRODUCT_DEFINITION_SHAPE ( 'NONE', 'NONE',  #1660 ) ;
#4807 = DIRECTION ( 'NONE',  ( 0.8660254037844382635, -0.5000000000000005551, 0.000000000000000000 ) ) ;
#4808 = DIRECTION ( 'NONE',  ( 0.000000000000000000, 0.000000000000000000, 1.000000000000000000 ) ) ;
#4809 = LINE ( 'NONE', #2841, #421 ) ;
#4810 = AXIS2_PLACEMENT_3D ( 'NONE', #2415, #2027, #2515 ) ;
#4811 = FACE_OUTER_BOUND ( 'NONE', #995, .T. ) ;
#4812 = EDGE_CURVE ( 'NONE', #1272, #4202, #3852, .T. ) ;
#4813 = ORIENTED_EDGE ( 'NONE', *, *, #1102, .T. ) ;
#4814 = ORIENTED_EDGE ( 'NONE', *, *, #4409, .T. ) ;
#4815 = AXIS2_PLACEMENT_3D ( 'NONE', #1119, #3110, #1144 ) ;
#4816 = PRODUCT_RELATED_PRODUCT_CATEGORY ( 'part', '', ( #2669 ) ) ;
#4817 = FACE_OUTER_BOUND ( 'NONE', #1836, .T. ) ;
#4818 = CARTESIAN_POINT ( 'NONE',  ( -2.925285743277525441, -4.084588180558407444, -0.01055556052339160812 ) ) ;
#4819 = CYLINDRICAL_SURFACE ( 'NONE', #3307, 5.000000000000000000 ) ;
#4820 = LINE ( 'NONE', #900, #460 ) ;
#4821 = LINE ( 'NONE', #922, #1985 ) ;
#4822 = AXIS2_PLACEMENT_3D ( 'NONE', #1340, #1261, #930 ) ;
#4823 = VECTOR ( 'NONE', #1524, 1000.000000000000000 ) ;
#4824 = VERTEX_POINT ( 'NONE', #2695 ) ;
#4825 = CIRCLE ( 'NONE', #2725, 3.249999999999999556 ) ;
#4826 = LINE ( 'NONE', #2520, #2747 ) ;
#4827 = AXIS2_PLACEMENT_3D ( 'NONE', #3858, #798, #1607 ) ;
#4828 = CARTESIAN_POINT ( 'NONE',  ( 5.000000000000000000, 0.000000000000000000, 0.000000000000000000 ) ) ;
#4829 = CYLINDRICAL_SURFACE ( 'NONE', #858, 3.250000000000000888 ) ;
#4830 = VECTOR ( 'NONE', #2532, 1000.000000000000000 ) ;
#4831 = ORIENTED_EDGE ( 'NONE', *, *, #3953, .T. ) ;
#4832 =( LENGTH_UNIT ( ) NAMED_UNIT ( * ) SI_UNIT ( .MILLI., .METRE. ) );
#4833 = VERTEX_POINT ( 'NONE', #3996 ) ;
#4834 = DIRECTION ( 'NONE',  ( 1.000000000000000000, 0.000000000000000000, 0.000000000000000000 ) ) ;
#4835 = DIRECTION ( 'NONE',  ( 1.000000000000000000, 0.000000000000000000, -0.000000000000000000 ) ) ;
#4836 = CARTESIAN_POINT ( 'NONE',  ( 3.250000000000000888, -47.50000000000000000, 0.000000000000000000 ) ) ;
#4837 = AXIS2_PLACEMENT_3D ( 'NONE', #1895, #785, #3869 ) ;
#4838 = FACE_OUTER_BOUND ( 'NONE', #2782, .T. ) ;
#4839 = DIRECTION ( 'NONE',  ( 0.000000000000000000, 0.000000000000000000, 1.000000000000000000 ) ) ;
#4840 = ORIENTED_EDGE ( 'NONE', *, *, #1033, .F. ) ;
#4841 = ADVANCED_FACE ( 'NONE', ( #588 ), #534, .T. ) ;
#4842 = EDGE_LOOP ( 'NONE', ( #3758, #2701, #3722, #1639 ) ) ;
#4843 = AXIS2_PLACEMENT_3D ( 'NONE', #4666, #3846, #2710 ) ;
#4844 = AXIS2_PLACEMENT_3D ( 'NONE', #2499, #4011, #521 ) ;
#4845 = CARTESIAN_POINT ( 'NONE',  ( 0.000000000000000000, 0.000000000000000000, 0.000000000000000000 ) ) ;
#4846 = DIRECTION ( 'NONE',  ( -1.000000000000000000, 0.000000000000000000, -0.000000000000000000 ) ) ;
#4847 = PLANE ( 'NONE',  #4337 ) ;
#4848 = DIRECTION ( 'NONE',  ( 1.000000000000000000, 0.000000000000000000, 0.000000000000000000 ) ) ;
#4849 = CLOSED_SHELL ( 'NONE', ( #2709, #4176, #3193, #1520, #2183, #3530, #29, #3496, #4203, #4102 ) ) ;
#4850 = B_SPLINE_CURVE_WITH_KNOTS ( 'NONE', 3,
 ( #3587, #4022, #2401, #1294 ),
 .UNSPECIFIED., .F., .F.,
 ( 4, 4 ),
 ( 2.380735200830724361E-07, 0.002921158011986717696 ),
 .UNSPECIFIED. ) ;
#4851 = ORIENTED_EDGE ( 'NONE', *, *, #297, .F. ) ;
#4852 = EDGE_CURVE ( 'NONE', #1720, #4069, #2062, .T. ) ;
#4853 = DIRECTION ( 'NONE',  ( 0.000000000000000000, 0.000000000000000000, 1.000000000000000000 ) ) ;
#4854 = CARTESIAN_POINT ( 'NONE',  ( 4.000000000000000000, -5.773502691896264416, 0.000000000000000000 ) ) ;
#4855 = DIRECTION ( 'NONE',  ( -1.000000000000000000, -0.000000000000000000, -0.000000000000000000 ) ) ;
#4856 = EDGE_CURVE ( 'NONE', #1417, #885, #3952, .T. ) ;
#4857 = VERTEX_POINT ( 'NONE', #2068 ) ;
#4858 = EDGE_LOOP ( 'NONE', ( #2368, #52, #4559, #485 ) ) ;
#4859 = EDGE_CURVE ( 'NONE', #4723, #2503, #3648, .T. ) ;
#4860 = SURFACE_STYLE_FILL_AREA ( #4910 ) ;
#4861 = DIRECTION ( 'NONE',  ( -0.000000000000000000, 1.445602896647339163E-16, -1.000000000000000000 ) ) ;
#4862 = CARTESIAN_POINT ( 'NONE',  ( 4.999999999999999112, -2.417244626924486273, -0.3110470720778657494 ) ) ;
#4863 =( LENGTH_UNIT ( ) NAMED_UNIT ( * ) SI_UNIT ( .MILLI., .METRE. ) );
#4864 = ORIENTED_EDGE ( 'NONE', *, *, #4113, .T. ) ;
#4865 = ORIENTED_EDGE ( 'NONE', *, *, #4727, .T. ) ;
#4866 = CARTESIAN_POINT ( 'NONE',  ( 4.250000000000000888, -4.000000000000003553, 1.000000000000000666 ) ) ;
#4867 = DIRECTION ( 'NONE',  ( -0.000000000000000000, 0.000000000000000000, 1.000000000000000000 ) ) ;
#4868 = CARTESIAN_POINT ( 'NONE',  ( 7.336970286628697342E-16, 5.773502691896259087, -4.699999999999999289 ) ) ;
#4869 = DIRECTION ( 'NONE',  ( 1.000000000000000000, 0.000000000000000000, -0.000000000000000000 ) ) ;
#4870 = VERTEX_POINT ( 'NONE', #3266 ) ;
#4871 = CARTESIAN_POINT ( 'NONE',  ( 0.1739375980333744964, -5.301268757141563981, 0.8179331680533014071 ) ) ;
#4872 = ORIENTED_EDGE ( 'NONE', *, *, #805, .T. ) ;
#4873 = DIRECTION ( 'NONE',  ( -1.000000000000000000, 0.000000000000000000, 0.000000000000000000 ) ) ;
#4874 = DIRECTION ( 'NONE',  ( 1.000000000000000000, 0.000000000000000000, 0.000000000000000000 ) ) ;
#4875 = ADVANCED_FACE ( 'NONE', ( #4436 ), #1672, .T. ) ;
#4876 = EDGE_CURVE ( 'NONE', #3424, #41, #4357, .T. ) ;
#4877 = ORIENTED_EDGE ( 'NONE', *, *, #2306, .F. ) ;
#4878 = ADVANCED_FACE ( 'NONE', ( #4811 ), #869, .T. ) ;
#4879 = B_SPLINE_CURVE_WITH_KNOTS ( 'NONE', 3,
 ( #4137, #4862, #1848, #202, #2589, #4110 ),
 .UNSPECIFIED., .F., .F.,
 ( 4, 2, 4 ),
 ( 0.005150343764683554260, 0.006610526168996382242, 0.008070708573309210224 ),
 .UNSPECIFIED. ) ;
#4880 = APPLICATION_PROTOCOL_DEFINITION ( 'draft international standard', 'automotive_design', 1998, #2371 ) ;
#4881 = VERTEX_POINT ( 'NONE', #4763 ) ;
#4882 = PRODUCT ( 'hex nut style 1 gradeab_iso_ISO - 4032 - M6 - W - N', 'hex nut style 1 gradeab_iso_ISO - 4032 - M6 - W - N', '', ( #3865 ) ) ;
#4883 = EDGE_CURVE ( 'NONE', #2541, #4723, #2650, .T. ) ;
#4884 = DIRECTION ( 'NONE',  ( -1.000000000000000000, 0.000000000000000000, 0.000000000000000000 ) ) ;
#4885 = CARTESIAN_POINT ( 'NONE',  ( 20.00000000000000355, -14.99999999999999467, 0.000000000000000000 ) ) ;
#4886 = LINE ( 'NONE', #2969, #2301 ) ;
#4887 = VERTEX_POINT ( 'NONE', #105 ) ;
#4888 = EDGE_LOOP ( 'NONE', ( #3738, #2962, #426, #3080 ) ) ;
#4889 = AXIS2_PLACEMENT_3D ( 'NONE', #3117, #1977, #66 ) ;
#4890 = FILL_AREA_STYLE_COLOUR ( '', #1280 ) ;
#4891 = CARTESIAN_POINT ( 'NONE',  ( 4.250000000000000888, 4.999999999999997335, 7.000000000000000000 ) ) ;
#4892 = CARTESIAN_POINT ( 'NONE',  ( 7.000000000000000000, 5.928368314150306517, 0.000000000000000000 ) ) ;
#4893 = LINE ( 'NONE', #723, #2877 ) ;
#4894 = EDGE_LOOP ( 'NONE', ( #3396, #2042, #4194, #1735, #1231, #3697 ) ) ;
#4895 = VECTOR ( 'NONE', #2931, 1000.000000000000000 ) ;
#4896 = AXIS2_PLACEMENT_3D ( 'NONE', #410, #1927, #2312 ) ;
#4897 = DIRECTION ( 'NONE',  ( -0.000000000000000000, 0.000000000000000000, 1.000000000000000000 ) ) ;
#4898 = DIRECTION ( 'NONE',  ( 0.000000000000000000, 0.000000000000000000, 1.000000000000000000 ) ) ;
#4899 = AXIS2_PLACEMENT_3D ( 'NONE', #2679, #4223, #3753 ) ;
#4900 = DIRECTION ( 'NONE',  ( 1.000000000000000000, 0.000000000000000000, 0.000000000000000000 ) ) ;
#4901 = SHAPE_REPRESENTATION ( 'Gripper Jaw', ( #951 ), #4909 ) ;
#4902 = ORIENTED_EDGE ( 'NONE', *, *, #1752, .F. ) ;
#4903 = PRODUCT_DEFINITION_FORMATION_WITH_SPECIFIED_SOURCE ( 'ANY', '', #2586, .NOT_KNOWN. ) ;
#4904 = VECTOR ( 'NONE', #1366, 1000.000000000000000 ) ;
#4905 = ORIENTED_EDGE ( 'NONE', *, *, #4489, .T. ) ;
#4906 =( GEOMETRIC_REPRESENTATION_CONTEXT ( 3 ) GLOBAL_UNCERTAINTY_ASSIGNED_CONTEXT ( ( #4505 ) ) GLOBAL_UNIT_ASSIGNED_CONTEXT ( ( #266, #1408, #339 ) ) REPRESENTATION_CONTEXT ( 'NONE', 'WORKASPACE' ) );
#4907 = CARTESIAN_POINT ( 'NONE',  ( 742.6134412343792519, 912.7472078030933744, 1327.493958478049763 ) ) ;
#4908 = ORIENTED_EDGE ( 'NONE', *, *, #2384, .T. ) ;
#4909 =( GEOMETRIC_REPRESENTATION_CONTEXT ( 3 ) GLOBAL_UNCERTAINTY_ASSIGNED_CONTEXT ( ( #3790 ) ) GLOBAL_UNIT_ASSIGNED_CONTEXT ( ( #1616, #738, #3818 ) ) REPRESENTATION_CONTEXT ( 'NONE', 'WORKASPACE' ) );
#4910 = FILL_AREA_STYLE ('',( #1423 ) ) ;
#4911 = FACE_BOUND ( 'NONE', #1316, .T. ) ;
#4912 = CARTESIAN_POINT ( 'NONE',  ( 0.000000000000000000, 15.77350269189625820, -4.699999999999999289 ) ) ;
#4913 = DIRECTION ( 'NONE',  ( 0.000000000000000000, 0.000000000000000000, 1.000000000000000000 ) ) ;
#4914 = CIRCLE ( 'NONE', #2487, 3.250000000000000444 ) ;
#4915 = ORIENTED_EDGE ( 'NONE', *, *, #1516, .T. ) ;
#4916 = ORIENTED_EDGE ( 'NONE', *, *, #3521, .T. ) ;
#4917 = EDGE_CURVE ( 'NONE', #3786, #4167, #4735, .T. ) ;
#4918 = EDGE_CURVE ( 'NONE', #2411, #633, #4107, .T. ) ;
#4919 = AXIS2_PLACEMENT_3D ( 'NONE', #3334, #846, #1245 ) ;
#4920 = VECTOR ( 'NONE', #2764, 1000.000000000000000 ) ;
#4921 = DIRECTION ( 'NONE',  ( 0.000000000000000000, 0.000000000000000000, 1.000000000000000000 ) ) ;
#4922 = CARTESIAN_POINT ( 'NONE',  ( -3.000000000000000444, 0.000000000000000000, 13.00000000000000000 ) ) ;
#4923 = CARTESIAN_POINT ( 'NONE',  ( 54.99999999999998579, 1.272130549049658799E-14, 5.000000000000000000 ) ) ;
#4924 = DIRECTION ( 'NONE',  ( 1.000000000000000000, 0.000000000000000000, -0.000000000000000000 ) ) ;
#4925 = DIRECTION ( 'NONE',  ( 0.000000000000000000, 0.000000000000000000, 1.000000000000000000 ) ) ;
#4926 = AXIS2_PLACEMENT_3D ( 'NONE', #3547, #4714, #463 ) ;
#4927 = ORIENTED_EDGE ( 'NONE', *, *, #1655, .T. ) ;
#4928 = AXIS2_PLACEMENT_3D ( 'NONE', #2982, #1809, #3028 ) ;
#4929 = VECTOR ( 'NONE', #3292, 1000.000000000000000 ) ;
#4930 = CARTESIAN_POINT ( 'NONE',  ( -5.000000000000000000, -2.886751345948131320, -0.4465819873852062694 ) ) ;
#4931 = CIRCLE ( 'NONE', #4928, 5.000000000000000888 ) ;
#4932 = CARTESIAN_POINT ( 'NONE',  ( 0.000000000000000000, 5.928368314150306517, 5.000000000000000000 ) ) ;
#4933 = CARTESIAN_POINT ( 'NONE',  ( 3.000000000000000444, 3.673940397442060361E-16, 16.00000000000000000 ) ) ;
#4934 = EDGE_CURVE ( 'NONE', #1845, #1997, #1268, .T. ) ;
#4935 = EDGE_LOOP ( 'NONE', ( #1386, #1208, #780, #3468 ) ) ;
#4936 = EDGE_CURVE ( 'NONE', #1473, #192, #2960, .T. ) ;
#4937 = EDGE_CURVE ( 'NONE', #4231, #2541, #2817, .T. ) ;
#4938 = DIRECTION ( 'NONE',  ( 0.000000000000000000, 0.000000000000000000, -1.000000000000000000 ) ) ;
#4939 = ORIENTED_EDGE ( 'NONE', *, *, #4812, .F. ) ;
#4940 = EDGE_CURVE ( 'NONE', #2316, #1571, #1667, .T. ) ;
#4941 = ORIENTED_EDGE ( 'NONE', *, *, #2009, .F. ) ;
#4942 = CARTESIAN_POINT ( 'NONE',  ( 3.499999999999999556, 5.000000000000000000, 0.000000000000000000 ) ) ;
#4943 = LINE ( 'NONE', #1476, #1982 ) ;
#4944 = EDGE_CURVE ( 'NONE', #3988, #3086, #1915, .T. ) ;
#4945 = VERTEX_POINT ( 'NONE', #2406 ) ;
#4946 = DIRECTION ( 'NONE',  ( 1.000000000000000000, 1.734723475976807094E-16, -0.000000000000000000 ) ) ;
#4947 = DIRECTION ( 'NONE',  ( 1.000000000000000000, 0.000000000000000000, -0.000000000000000000 ) ) ;
#4948 = CARTESIAN_POINT ( 'NONE',  ( 0.000000000000000000, 0.000000000000000000, 3.200000000000000178 ) ) ;
#4949 = DIRECTION ( 'NONE',  ( 1.000000000000000000, 0.000000000000000000, 0.000000000000000000 ) ) ;
#4950 = EDGE_LOOP ( 'NONE', ( #503, #3358, #2363, #3067 ) ) ;
#4951 = EDGE_CURVE ( 'NONE', #2486, #2953, #1761, .T. ) ;
#4952 = EDGE_CURVE ( 'NONE', #3505, #2098, #4980, .T. ) ;
#4953 = CARTESIAN_POINT ( 'NONE',  ( 3.000000000000000444, 3.673940397442060361E-16, -5.174599999999998090 ) ) ;
#4954 = CARTESIAN_POINT ( 'NONE',  ( 3.000000000000000444, 9.999999999999998224, 8.000000000000000000 ) ) ;
#4955 = CARTESIAN_POINT ( 'NONE',  ( -34.92499999999994742, 0.000000000000000000, 0.000000000000000000 ) ) ;
#4956 = ORIENTED_EDGE ( 'NONE', *, *, #2607, .F. ) ;
#4957 = EDGE_CURVE ( 'NONE', #1922, #4887, #4111, .T. ) ;
#4958 = ORIENTED_EDGE ( 'NONE', *, *, #3563, .F. ) ;
#4959 = SHAPE_DEFINITION_REPRESENTATION ( #2253, #250 ) ;
#4960 = EDGE_LOOP ( 'NONE', ( #1282, #4224, #2852, #1998 ) ) ;
#4961 = CARTESIAN_POINT ( 'NONE',  ( 3.250000000000000444, 5.928368314150303853, 0.000000000000000000 ) ) ;
#4962 = CARTESIAN_POINT ( 'NONE',  ( 4.250000000000000888, 0.9999999999999965583, 7.000000000000000000 ) ) ;
#4963 = PRODUCT_DEFINITION_SHAPE ( 'NONE', 'NONE',  #4996 ) ;
#4964 = VERTEX_POINT ( 'NONE', #3415 ) ;
#4965 = DIRECTION ( 'NONE',  ( -1.000000000000000000, -1.734723475976807094E-16, 0.000000000000000000 ) ) ;
#4966 = CARTESIAN_POINT ( 'NONE',  ( -9.999999999999996447, 0.000000000000000000, 0.000000000000000000 ) ) ;
#4967 = PLANE ( 'NONE',  #2050 ) ;
#4968 = DIRECTION ( 'NONE',  ( 0.000000000000000000, 1.000000000000000000, 0.000000000000000000 ) ) ;
#4969 = EDGE_CURVE ( 'NONE', #3176, #1720, #3344, .T. ) ;
#4970 = FACE_OUTER_BOUND ( 'NONE', #3046, .T. ) ;
#4971 = CARTESIAN_POINT ( 'NONE',  ( 3.499999999999999556, 2.886751345948122882, -5.000000000000000000 ) ) ;
#4972 = EDGE_LOOP ( 'NONE', ( #2989, #4281, #794, #2573 ) ) ;
#4973 = PRODUCT_RELATED_PRODUCT_CATEGORY ( 'part', '', ( #4315 ) ) ;
#4974 = VECTOR ( 'NONE', #1828, 1000.000000000000000 ) ;
#4975 = CARTESIAN_POINT ( 'NONE',  ( 0.000000000000000000, 0.000000000000000000, -5.174599999999998090 ) ) ;
#4976 = FACE_OUTER_BOUND ( 'NONE', #4132, .T. ) ;
#4977 = DIRECTION ( 'NONE',  ( -1.000000000000000000, 4.956352788505162775E-17, -0.000000000000000000 ) ) ;
#4978 = AXIS2_PLACEMENT_3D ( 'NONE', #32, #2354, #1971 ) ;
#4979 = ORIENTED_EDGE ( 'NONE', *, *, #4812, .T. ) ;
#4980 = B_SPLINE_CURVE_WITH_KNOTS ( 'NONE', 3,
 ( #160, #1699, #4786, #2097, #3000, #2970, #1044, #3398 ),
 .UNSPECIFIED., .F., .F.,
 ( 4, 2, 2, 4 ),
 ( 0.002921158011986727671, 0.003648658599403079190, 0.004376159186819430710, 0.005831160361652135485 ),
 .UNSPECIFIED. ) ;
#4981 = AXIS2_PLACEMENT_3D ( 'NONE', #3243, #562, #2221 ) ;
#4982 = ORIENTED_EDGE ( 'NONE', *, *, #438, .F. ) ;
#4983 = APPLICATION_PROTOCOL_DEFINITION ( 'draft international standard', 'automotive_design', 1998, #1603 ) ;
#4984 = CIRCLE ( 'NONE', #2801, 3.250000000000001776 ) ;
#4985 = EDGE_LOOP ( 'NONE', ( #4160, #564 ) ) ;
#4986 = VECTOR ( 'NONE', #2618, 1000.000000000000000 ) ;
#4987 = NEXT_ASSEMBLY_USAGE_OCCURRENCE ( 'NAUO1', ' ', ' ', #3085, #398, $ ) ;
#4988 = NEXT_ASSEMBLY_USAGE_OCCURRENCE ( 'NAUO2', ' ', ' ', #3085, #4513, $ ) ;
#4989 = NEXT_ASSEMBLY_USAGE_OCCURRENCE ( 'NAUO3', ' ', ' ', #3085, #4513, $ ) ;
#4990 = NEXT_ASSEMBLY_USAGE_OCCURRENCE ( 'NAUO4', ' ', ' ', #3085, #1660, $ ) ;
#4991 = NEXT_ASSEMBLY_USAGE_OCCURRENCE ( 'NAUO5', ' ', ' ', #3085, #2867, $ ) ;
#4992 = NEXT_ASSEMBLY_USAGE_OCCURRENCE ( 'NAUO6', ' ', ' ', #3085, #2867, $ ) ;
#4993 = NEXT_ASSEMBLY_USAGE_OCCURRENCE ( 'NAUO7', ' ', ' ', #3085, #1456, $ ) ;
#4994 = NEXT_ASSEMBLY_USAGE_OCCURRENCE ( 'NAUO8', ' ', ' ', #3085, #1456, $ ) ;
#4995 = NEXT_ASSEMBLY_USAGE_OCCURRENCE ( 'NAUO9', ' ', ' ', #3085, #917, $ ) ;
#4996 = NEXT_ASSEMBLY_USAGE_OCCURRENCE ( 'NAUO10', ' ', ' ', #3085, #917, $ ) ;
#4997 = NEXT_ASSEMBLY_USAGE_OCCURRENCE ( 'NAUO11', ' ', ' ', #3085, #3027, $ ) ;
#4998 = NEXT_ASSEMBLY_USAGE_OCCURRENCE ( 'NAUO12', ' ', ' ', #3085, #3027, $ ) ;
#4999 = NEXT_ASSEMBLY_USAGE_OCCURRENCE ( 'NAUO13', ' ', ' ', #3085, #2780, $ ) ;
#5000 = NEXT_ASSEMBLY_USAGE_OCCURRENCE ( 'NAUO14', ' ', ' ', #3085, #2780, $ ) ;
#5001 = NEXT_ASSEMBLY_USAGE_OCCURRENCE ( 'NAUO15', ' ', ' ', #3085, #2119, $ ) ;
#5002 = NEXT_ASSEMBLY_USAGE_OCCURRENCE ( 'NAUO16', ' ', ' ', #3085, #2119, $ ) ;
#5003 = NEXT_ASSEMBLY_USAGE_OCCURRENCE ( 'NAUO17', ' ', ' ', #3085, #3759, $ ) ;
#5004 = NEXT_ASSEMBLY_USAGE_OCCURRENCE ( 'NAUO18', ' ', ' ', #3085, #3759, $ ) ;
#5005 = NEXT_ASSEMBLY_USAGE_OCCURRENCE ( 'NAUO19', ' ', ' ', #3085, #3759, $ ) ;
#5006 = NEXT_ASSEMBLY_USAGE_OCCURRENCE ( 'NAUO20', ' ', ' ', #3085, #3759, $ ) ;
#5007 = NEXT_ASSEMBLY_USAGE_OCCURRENCE ( 'NAUO21', ' ', ' ', #3085, #2867, $ ) ;
ENDSEC;
END-ISO-10303-21;
